path,origin,owners,sha256,needed,record_matches,dpkg_matches
/usr/sbin/filefrag,dpkg package metadata,dpkg:e2fsprogs,dec09c13e4761d7b9704b2ae946f94f64edfd23d3b32d50f38afce957b3fe3cc,libc.so.6,,True
/usr/sbin/resize2fs,dpkg package metadata,dpkg:e2fsprogs,95864d8e9ba402a9c64481a1d5487e464ddcd7a6d99fe028d712ca9bf7bc4f9d,libe2p.so.2;libext2fs.so.2;libcom_err.so.2;libc.so.6,,True
/usr/sbin/rtcwake,dpkg package metadata,dpkg:util-linux,18a66fee36064f1b36ea7600c30226b7d8ea7b6fe628a49a4996ffeebbe9e0c4,libc.so.6,,True
/usr/sbin/swaplabel,dpkg package metadata,dpkg:util-linux,a56769f9efb447027bbb402217ffd14b4dce41a1098ead6cdef38118d9bd064d,libblkid.so.1;libuuid.so.1;libc.so.6,,True
/usr/sbin/mkhomedir_helper,dpkg package metadata,dpkg:libpam-modules-bin,8d64d536770aacc9583d81758bad9af986be779290c1cce1904c63328cdc2488,libpam.so.0;libc.so.6,,True
/usr/sbin/unix_chkpwd,dpkg package metadata,dpkg:libpam-modules-bin,bbaad2006118257c2324a89c24a7d41b121199beb3a3749e627834b77664feba,libcrypt.so.1;libaudit.so.1;libc.so.6,,True
/usr/sbin/e4crypt,dpkg package metadata,dpkg:e2fsprogs,ce957176f131ae3c5f33e57051eefaf5277706080037dc93fa848def7bf55099,libuuid.so.1;libext2fs.so.2;libc.so.6,,True
/usr/sbin/blkid,dpkg package metadata,dpkg:util-linux,ca21432531372e34870eb11e78d700fe4cacbae47b2a35fa80fafc97b6946389,libblkid.so.1;libc.so.6,,True
/usr/sbin/losetup,dpkg package metadata,dpkg:mount,fe584e61a8255f65854064073ed55bda5c325a3bc9343a28183bbefdbb326ff2,libsmartcols.so.1;libc.so.6,,True
/usr/sbin/update-passwd,dpkg package metadata,dpkg:base-passwd,a05e173538203616acc29019c235a62c5cace9fb763662c1c7022b961b5f6600,libdebconfclient.so.0;libselinux.so.1;libc.so.6,,True
/usr/sbin/pam_extrausers_chkpwd,dpkg package metadata,dpkg:libpam-modules-bin,f18128ed658bc2229036839a058cc874d2057ad0fd25beac69a698258c036e61,libcrypt.so.1;libaudit.so.1;libc.so.6,,True
/usr/sbin/dumpe2fs,dpkg package metadata,dpkg:e2fsprogs,a3761403c5075e6af52f3c2ad7d8c35591751ba997fd2377895fc2fe88b5a774,libext2fs.so.2;libcom_err.so.2;libe2p.so.2;libblkid.so.1;libc.so.6,,True
/usr/sbin/swapon,dpkg package metadata,dpkg:mount,4d4f912265d566399560fc19d3aaa1c1b530930ba1f77a832fb1f99057866e54,libblkid.so.1;libmount.so.1;libsmartcols.so.1;libc.so.6,,True
/usr/sbin/pwunconv,dpkg package metadata,dpkg:passwd,9f9af3107f2f0f28b444b0df854da854891ef118d9a8e5f7e53c6c58cde9c97e,libaudit.so.1;libselinux.so.1;libc.so.6,,True
/usr/sbin/agetty,dpkg package metadata,dpkg:util-linux,a15ca85a1587169a37bc68d9e6d6ee931112a07922d27ee0448e168e3feaf13a,libsystemd.so.0;libc.so.6,,True
/usr/sbin/grpunconv,dpkg package metadata,dpkg:passwd,9f01b9d360d238bff605376244e96fc12fce2d1a8a35b39ba022e57b5e49bf21,libaudit.so.1;libselinux.so.1;libc.so.6,,True
/usr/sbin/start-stop-daemon,dpkg package metadata,dpkg:dpkg,d0ce8bd64dc8639088a6234cdf76927099ea58404caf11fa8bf1edea193ef54b,libc.so.6,,True
/usr/sbin/mkswap,dpkg package metadata,dpkg:util-linux,d3575fdef913fc65c4152e243f0892230c69438cb142a6ef255aaf4375a3adaa,libuuid.so.1;libblkid.so.1;libselinux.so.1;libc.so.6,,True
/usr/sbin/sulogin,dpkg package metadata,dpkg:util-linux,d5351523b20980515f478fa2efdf727851e53f1fa5a61818f31a624a7db25fcb,libcrypt.so.1;libselinux.so.1;libc.so.6,,True
/usr/sbin/mkfs,dpkg package metadata,dpkg:util-linux,b012d9b2f096a8bc3f4fa9f1d1b4158325bed95fb1417d15366c854b9a19bbfa,libc.so.6,,True
/usr/sbin/blkdiscard,dpkg package metadata,dpkg:util-linux,d4c68fb45c055132062f22b6ba972274e0738223a923f4168ca2c61af522a0b3,libblkid.so.1;libc.so.6,,True
/usr/sbin/pwconv,dpkg package metadata,dpkg:passwd,333ce08f4a43266a1bd48d6fc03e133c43a70639c3acb76a05f35a9aa13bb24d,libaudit.so.1;libselinux.so.1;libc.so.6,,True
/usr/sbin/mklost+found,dpkg package metadata,dpkg:e2fsprogs,7ff41db6d954bc64607a1cb7c770f53a4423e98ca49279cfe115af7623f24773,libc.so.6,,True
/usr/sbin/grpconv,dpkg package metadata,dpkg:passwd,dbf4e6bd3e960a8053ea54583de1b42da504af4df6fdeb7e7f1f7693e9634824,libaudit.so.1;libselinux.so.1;libc.so.6,,True
/usr/sbin/groupmod,dpkg package metadata,dpkg:passwd,077235490c81f352747b3755d22b47d8711edf712c4ad6510a94e557498d6cd2,libaudit.so.1;libselinux.so.1;libc.so.6,,True
/usr/sbin/badblocks,dpkg package metadata,dpkg:e2fsprogs,0a34e7f6b838ccb2bc7fcc7bf99b8dc2c8692f371b2b9273b6b8376abad5d586,libext2fs.so.2;libcom_err.so.2;libc.so.6,,True
/usr/sbin/runuser,dpkg package metadata,dpkg:util-linux,7a7f333e1190a1af74ac2ed371018c1b2e3e21bd847a7805e68157fe1805420e,libpam.so.0;libpam_misc.so.0;libc.so.6,,True
/usr/sbin/faillock,dpkg package metadata,dpkg:libpam-modules-bin,ccdbcc49f063503817dea7f983013e9b077185167858c78c8546f8e7789f398f,libpam.so.0;libaudit.so.1;libc.so.6,,True
/usr/sbin/userdel,dpkg package metadata,dpkg:passwd,cfedea1629162fdf9badec46e2d841122e3ee45e88c50b21e023816677ae3296,libaudit.so.1;libselinux.so.1;libsemanage.so.2;libc.so.6,,True
/usr/sbin/sysctl,dpkg package metadata,dpkg:procps,990418c1540c9f759b0225fb2ffdc77251c1c0551e74e77151d39621ccb4096c,libc.so.6,,True
/usr/sbin/groupdel,dpkg package metadata,dpkg:passwd,da7fc4cddbb5f1313cba76302e52334bc45b3b074d00d7034f3689af90f993f1,libaudit.so.1;libselinux.so.1;libc.so.6,,True
/usr/sbin/swapoff,dpkg package metadata,dpkg:mount,d449c01f94e3f0e9ef0174969f063217010e3671771b4b1b2046ecc6e5c02074,libmount.so.1;libblkid.so.1;libc.so.6,,True
/usr/sbin/killall5,dpkg package metadata,dpkg:sysvinit-utils,2fac893bd3ea5d14b90b968e8cfe382be7bb07337f863f731fe42b53ca7a9c1d,libc.so.6,,True
/usr/sbin/pwhistory_helper,dpkg package metadata,dpkg:libpam-modules-bin,312e7f8c29c2feedb0c1acf04472d83496dc060d156e125b7b23f2042ff84d15,libcrypt.so.1;libc.so.6,,True
/usr/sbin/e2freefrag,dpkg package metadata,dpkg:e2fsprogs,9cb68d31376b893c01f963269bffc51662947d0a39d60b0583597dd62b85c2a1,libext2fs.so.2;libcom_err.so.2;libc.so.6,,True
/usr/sbin/wipefs,dpkg package metadata,dpkg:util-linux,07843746de2c73f0ed7c382130e7d36ebcc7b59f4e883763e175123fdafa15f7,libblkid.so.1;libsmartcols.so.1;libc.so.6,,True
/usr/sbin/e2undo,dpkg package metadata,dpkg:e2fsprogs,7dbcd17f66d53d9597b563cbabd901a9df030d4d1807f8eefcb74f4ab05352e8,libext2fs.so.2;libcom_err.so.2;libc.so.6,,True
/usr/sbin/mke2fs,dpkg package metadata,dpkg:e2fsprogs,e42e49656dfc308efeed86f9bfad7746fc22ad1d4a3b0d508b5dba7a4b9a904f,libext2fs.so.2;libcom_err.so.2;libblkid.so.1;libuuid.so.1;libe2p.so.2;libc.so.6,,True
/usr/sbin/nologin,dpkg package metadata,dpkg:login,1968a3d6bd4b6e6eee79a6c657394da4be26b9c3522dc4254470650fe555f9c6,libc.so.6,,True
/usr/sbin/debugfs,dpkg package metadata,dpkg:e2fsprogs,864e1d7b445e7b5bfc831da78330dbcafc590fa82b89ea9de60b7527f989954f,libext2fs.so.2;libe2p.so.2;libss.so.2;libcom_err.so.2;libblkid.so.1;libuuid.so.1;libc.so.6,,True
/usr/sbin/gnuchroot,dpkg package metadata,dpkg:gnu-coreutils,412af02493d669e9846f356eb918076f8b74eea68cc23481719f2832d295ba2d,libc.so.6,,True
/usr/sbin/findfs,dpkg package metadata,dpkg:util-linux,7fea2d3312df56a6c1837022a3950b2f62f56dff6df03ce84c5010fe0f07bf4f,libblkid.so.1;libc.so.6,,True
/usr/sbin/chpasswd,dpkg package metadata,dpkg:passwd,ad20ac0d4668f5964271324a6d9442899972c59b86332b53acc60419ddf4a111,libpam.so.0;libaudit.so.1;libselinux.so.1;libcrypt.so.1;libc.so.6,,True
/usr/sbin/blockdev,dpkg package metadata,dpkg:util-linux,03126e10ddc85388cd315c6c365d330dcefa0dc3e6f191c22712afb29da339e0,libc.so.6,,True
/usr/sbin/logsave,dpkg package metadata,dpkg:logsave,419f24a3ab3dd6ccad071c03df241e823d0228ab7e3ef1676a02ee3ad23d9fc1,libc.so.6,,True
/usr/sbin/pwck,dpkg package metadata,dpkg:passwd,5f35c8010ba728f9c0b3ba4c75164e8939533605b5cb8a59d39781e05d7a1ab2,libaudit.so.1;libselinux.so.1;libc.so.6,,True
/usr/sbin/grpck,dpkg package metadata,dpkg:passwd,43042abc12f6f5ae643f8ebeb3889d69244bd39a6e309596abff9ccf6d1c6b0e,libaudit.so.1;libselinux.so.1;libc.so.6,,True
/usr/sbin/groupadd,dpkg package metadata,dpkg:passwd,6926028c1c830dc903d4f0fdcfdcfba37cc4779295ac9e6ba18154d41fa898e8,libaudit.so.1;libselinux.so.1;libc.so.6,,True
/usr/sbin/vipw,dpkg package metadata,dpkg:passwd,cefe0fe955b7980745b572855c01714a855bfc17210bbe437b31d569d9334795,libaudit.so.1;libselinux.so.1;libc.so.6,,True
/usr/sbin/fsck,dpkg package metadata,dpkg:util-linux,e99c8a5b867f0a5cb07e3106985b68168f5424046ca25524c509830d9a796925,libmount.so.1;libblkid.so.1;libc.so.6,,True
/usr/sbin/e2image,dpkg package metadata,dpkg:e2fsprogs,08377ede318c65ef308246cfd2cd8bb7047c829d9997fb2b85c9e922d5205759,libext2fs.so.2;libcom_err.so.2;libblkid.so.1;libc.so.6,,True
/usr/sbin/unix_update,dpkg package metadata,dpkg:libpam-modules-bin,2899fbc10e5877c510122f1ffe61109925867d287df1cc79d0d33d0cc54c7d53,libcrypt.so.1;libselinux.so.1;libaudit.so.1;libc.so.6,,True
/usr/sbin/useradd,dpkg package metadata,dpkg:passwd,c4f712f6dc6eacc6d9ed26b091705e03742ee34792b0b0a8e147a6175294da12,libaudit.so.1;libselinux.so.1;libsemanage.so.2;libacl.so.1;libc.so.6,,True
/usr/sbin/newusers,dpkg package metadata,dpkg:passwd,a6fd8c5aa0f7a0c38b186a25f32f988ca5f8bf5eb9511d24b70e579953ec2936,libpam.so.0;libaudit.so.1;libselinux.so.1;libc.so.6,,True
/usr/sbin/fstrim,dpkg package metadata,dpkg:util-linux,93ddbfaf9907f9d715a4cdca126bcb52fc2bc60df7bfd4b2c8d7fe03338f4643,libmount.so.1;libc.so.6,,True
/usr/sbin/readprofile,dpkg package metadata,dpkg:util-linux,1eb2dc26b5effcb7ba00a24b4fb660dfc569ec17b105b82f3628cff9654cb266,libc.so.6,,True
/usr/sbin/e4defrag,dpkg package metadata,dpkg:e2fsprogs,74594f9aa52645cf3f5462971af522f465712ea7fa9a5ac80b1563ffbcb4f7b0,libext2fs.so.2;libcom_err.so.2;libc.so.6,,True
/usr/sbin/iconvconfig,dpkg package metadata,dpkg:libc-bin,18edf49be1db5bb346c2592c2937da8fa602f5d8a5f44771b242abd982b855e7,libc.so.6,,True
/usr/sbin/chgpasswd,dpkg package metadata,dpkg:passwd,8eed7b237b2a71793d5322fe266ef1c9e77335be3137214bca07fe9be06523a9,libaudit.so.1;libselinux.so.1;libcrypt.so.1;libc.so.6,,True
/usr/sbin/fstab-decode,dpkg package metadata,dpkg:sysvinit-utils,9c4d02a5348471fa998ae68dca69a0974cee3a509386838a46cff7afca4678db,libc.so.6,,True
/usr/sbin/tune2fs,dpkg package metadata,dpkg:e2fsprogs,a532d11c59afabb2693060e6f46c99be91a4d650bda312cbc1b94df897d3a725,libext2fs.so.2;libcom_err.so.2;libblkid.so.1;libuuid.so.1;libe2p.so.2;libc.so.6,,True
/usr/sbin/zramctl,dpkg package metadata,dpkg:util-linux,988f83cdd40c543ddbf3437402d54e90e70da0b975906f573a571b66dcbc5c94,libsmartcols.so.1;libc.so.6,,True
/usr/sbin/pam_timestamp_check,dpkg package metadata,dpkg:libpam-modules-bin,fbc94471f50a67f6c02cb79fa3f69e7ad083e6934fb00f7f1c3847a14b685406,libpam.so.0;libsystemd.so.0;libc.so.6,,True
/usr/sbin/fsfreeze,dpkg package metadata,dpkg:util-linux,78d1e0540417a30e0ce290f5dc224fe78e36ee7ea3d6a12cd6d3624a3b3345af,libc.so.6,,True
/usr/sbin/usermod,dpkg package metadata,dpkg:passwd,3a13bd1770d39a916adeae681618e232db473c253fc0601c60505b073ef29f01,libaudit.so.1;libselinux.so.1;libsemanage.so.2;libacl.so.1;libc.so.6,,True
/usr/sbin/e2fsck,dpkg package metadata,dpkg:e2fsprogs,2e51f521c676729920eaba694933d9d4048645f1a5789556fd0027e62d11ecc8,libext2fs.so.2;libcom_err.so.2;libblkid.so.1;libuuid.so.1;libe2p.so.2;libc.so.6,,True
/usr/sbin/rmt-tar,dpkg package metadata,dpkg:tar,9cee3354a962bf244c0bd0998dfdc4597c88c03f68cbca84a8ef2c889c06d8e0,libc.so.6,,True
/usr/sbin/ldconfig,dpkg package metadata,dpkg:libc-bin,575fef6ab50c4e69ba1861fc8c63d0578c3b82f1bd3c33713d2ea2b2187e0d6d,,,True
/usr/sbin/zic,dpkg package metadata,dpkg:libc-bin,1a422f5f1186889bd9c955a81560275547e647a53291bbfeba71938f24bd4c42,libc.so.6,,True
/usr/sbin/pam_extrausers_update,dpkg package metadata,dpkg:libpam-modules-bin,66a477be9c8241a6b5ec85c30d9f56ea5da140e52a16848317be4bebc002f2a4,libcrypt.so.1;libselinux.so.1;libc.so.6,,True
/usr/sbin/getcap,dpkg package metadata,dpkg:libcap2-bin,1c46d03f50af9a81d026eeffd8d4e1b88ea5cd9f7682c96ed21b4cdfbbf18b1d,libcap.so.2;libc.so.6,,True
/usr/sbin/getpcaps,dpkg package metadata,dpkg:libcap2-bin,5a444287885434f3e022621d0cf4a522c2e7cb8df1efdd494c7426bc7d1b9a5c,libcap.so.2;libc.so.6,,True
/usr/sbin/capsh,dpkg package metadata,dpkg:libcap2-bin,7e0db78573c78b520876239b980534035e68049ac5c2c0ed3addccb8cad69bad,libcap.so.2;libc.so.6,,True
/usr/sbin/setcap,dpkg package metadata,dpkg:libcap2-bin,21524bc54e635f950ddc39a9433e8977e80034e69d7966f51de3f45195351735,libcap.so.2;libc.so.6,,True
/usr/libexec/coreutils/libstdbuf.so,dpkg package metadata,dpkg:gnu-coreutils,3d2a7582a8ca6cb3abc8e8dbddeb4175bba2eaba690e82973c3826b6a7963e52,libc.so.6,,True
/usr/lib/apt/apt-extracttemplates,dpkg package metadata,dpkg:apt,a8c92fbe0669f4342953965e7230cb6c66e457e871d940fb8a8924357c32d317,libapt-private.so.0.0;libapt-pkg.so.7.0;libstdc++.so.6;libgcc_s.so.1;libc.so.6,,True
/usr/lib/apt/apt-helper,dpkg package metadata,dpkg:apt,1b5f634c5dc5784d2ab24264403d93efd724c809bcee194cd59376eb7dd5b210,libapt-private.so.0.0;libapt-pkg.so.7.0;libstdc++.so.6;libgcc_s.so.1;libc.so.6,,True
/usr/lib/apt/methods/mirror,dpkg package metadata,dpkg:apt,fdbf552ae7051ade58c8076cd81faabf2c9252385ad6e5fe437eccbfa5225703,libapt-pkg.so.7.0;libseccomp.so.2;libstdc++.so.6;libgcc_s.so.1;libc.so.6,,True
/usr/lib/apt/methods/file,dpkg package metadata,dpkg:apt,eb8bf5d1973774b27b23c5f831db65b15eb6130e4ff266d2c9dacea50d01e50b,libapt-pkg.so.7.0;libseccomp.so.2;libstdc++.so.6;libgcc_s.so.1;libc.so.6,,True
/usr/lib/apt/methods/rred,dpkg package metadata,dpkg:apt,8bd3577aec065cad368a975e2abebd73fea0942739de62642a207a747fdab05c,libseccomp.so.2;libapt-private.so.0.0;libapt-pkg.so.7.0;libstdc++.so.6;libgcc_s.so.1;libc.so.6,,True
/usr/lib/apt/methods/copy,dpkg package metadata,dpkg:apt,f8ac55648fbd546bea012fed9ff1effb89044c0d5861f5477dc93443408f939a,libapt-pkg.so.7.0;libseccomp.so.2;libstdc++.so.6;libgcc_s.so.1;libc.so.6,,True
/usr/lib/apt/methods/cdrom,dpkg package metadata,dpkg:apt,cdb55194fb0f12fc0dce8f6395210113bd989227d5fe14d9e3bc08761bc9d616,libapt-pkg.so.7.0;libseccomp.so.2;libstdc++.so.6;libgcc_s.so.1;libc.so.6,,True
/usr/lib/apt/methods/store,dpkg package metadata,dpkg:apt,54959e8cabcdcee017e5b57c9659f251e2b48b6c2bd870e3f2a7022d19e582ba,libapt-pkg.so.7.0;libseccomp.so.2;libstdc++.so.6;libgcc_s.so.1;libc.so.6,,True
/usr/lib/apt/methods/http,dpkg package metadata,dpkg:apt,630b78622d408b18c8c2fbb267f31bb9715e67e0f87dcec69c9e3d0c86149c2a,libapt-pkg.so.7.0;libseccomp.so.2;libssl.so.3;libsystemd.so.0;libcrypto.so.3;libstdc++.so.6;libgcc_s.so.1;libc.so.6,,True
/usr/lib/apt/methods/gpgv,dpkg package metadata,dpkg:apt,9512e7e277c4711830fde848ca645ab110f6bf7a9d0312b53d749f4cdd95d465,libapt-pkg.so.7.0;libseccomp.so.2;libstdc++.so.6;libgcc_s.so.1;libc.so.6,,True
/usr/lib/apt/solvers/dump,dpkg package metadata,dpkg:apt,a4c3bd76f8f9cc85278175bfc8c2b455de8e22ab92b057c23f23dc342ebc92af,libapt-private.so.0.0;libapt-pkg.so.7.0;libstdc++.so.6;libgcc_s.so.1;libc.so.6,,True
/usr/lib/x86_64-linux-gnu/libformw.so.6.6,dpkg package metadata,dpkg:libncursesw6:amd64,033ffba277fe94074aa55218504d8c7b722c01845a0c9abe04ee74eb5dd50a5d,libncursesw.so.6;libtinfo.so.6;libc.so.6,,True
/usr/lib/x86_64-linux-gnu/libc.so.6,dpkg package metadata,dpkg:libc6:amd64,85e64f97e348786a8fb4d9f3d52fec289e2fb86bba20f0731dfe61990525e0f7,ld-linux-x86-64.so.2,,True
/usr/lib/x86_64-linux-gnu/libpamc.so.0.82.1,dpkg package metadata,dpkg:libpam0g:amd64,dafc90db5aa0edb0ac5388337552e16f3648456b15bc8aebb5a737347bfac8b2,libc.so.6,,True
/usr/lib/x86_64-linux-gnu/libss.so.2.0,dpkg package metadata,dpkg:libss2:amd64,c8ecc8838857db598fd959bd2623730e9614e547a4f771f56f3a815a6b3ec251,libcom_err.so.2;libc.so.6,,True
/usr/lib/x86_64-linux-gnu/libblkid.so.1.1.0,dpkg package metadata,dpkg:lms-libblkid1,ec463906026631178c508e256f260755b5fb14e4eab8a337e570b56d0b6e5d57,libc.so.6;ld-linux-x86-64.so.2,,True
/usr/lib/x86_64-linux-gnu/libmemusage.so,dpkg package metadata,dpkg:libc6:amd64,86e13ac75aa19b1a7a39b4dd1c17844df2ce532276583bee54209950c4a374ec,libc.so.6;ld-linux-x86-64.so.2,,True
/usr/lib/x86_64-linux-gnu/libutil.so.1,dpkg package metadata,dpkg:libc6:amd64,1d5fdfec85a9c4ca1e7a8c3125aac07c92d551b902a02fdd6bbdf8c66c9e4c4a,libc.so.6,,True
/usr/lib/x86_64-linux-gnu/libm.so.6,dpkg package metadata,dpkg:libc6:amd64,1c488db6f4fe8cecb72456bc018de000b7a9b539c2994864b0416b5e8371b3d8,libc.so.6;ld-linux-x86-64.so.2,,True
/usr/lib/x86_64-linux-gnu/libnss_dns.so.2,dpkg package metadata,dpkg:libc6:amd64,8608fd2143e21e0c1113d5bd6151c55108826e892d63ce59ccecc338d6ed0250,libc.so.6,,True
/usr/lib/x86_64-linux-gnu/libproc2.so.0.0.2,dpkg package metadata,dpkg:libproc2-0:amd64,332577cf58f94d9180ccc8eaf6f8e2a0e38c7a53c17690cca1db90a91273342f,libsystemd.so.0;libc.so.6;ld-linux-x86-64.so.2,,True
/usr/lib/x86_64-linux-gnu/libcom_err.so.2.1,dpkg package metadata,dpkg:libcom-err2:amd64,6fb3115b11fe7e14c26f3e086c4dc1fb41061130869a66c976e0ea69fdb912d6,libc.so.6;ld-linux-x86-64.so.2,,True
/usr/lib/x86_64-linux-gnu/libxxhash.so.0.8.3,dpkg package metadata,dpkg:libxxhash0:amd64,eae56344ba81fd5d25c6976028b33a53d3303848c382b04f3d5746549fb25228,libc.so.6,,True
/usr/lib/x86_64-linux-gnu/libapt-private.so.0.0.0,dpkg package metadata,dpkg:apt,137de960972b4c220e719b6308d5121a5fbaff816c31c2e7c672eddbf6d37a4e,libapt-pkg.so.7.0;libstdc++.so.6;libgcc_s.so.1;libc.so.6,,True
/usr/lib/x86_64-linux-gnu/libcrypto.so.3,dpkg package metadata,dpkg:libssl3t64:amd64,5385f0436ac2e284ba8c5fb1488874057c29c04be72dea32add832694f381e28,libz.so.1;libzstd.so.1;libc.so.6,,True
/usr/lib/x86_64-linux-gnu/libmount.so.1.1.0,dpkg package metadata,dpkg:lms-libmount1,b5349cdc89ab02468cc7d9c232aa215aaddc2306e1c962c3218bf863af2906d7,libblkid.so.1;libc.so.6;ld-linux-x86-64.so.2,,True
/usr/lib/x86_64-linux-gnu/libdb-5.3.so,dpkg package metadata,dpkg:libdb5.3t64:amd64,66319e2bbca33c46b6bfb6b1315c49ce90ee19e2e8d2d3f9c5dc30f8ebbd9e29,libc.so.6,,True
/usr/lib/x86_64-linux-gnu/libdrop_ambient.so.0.0.0,dpkg package metadata,dpkg:libcap-ng0:amd64,09f422a64da9a88aaf7fbaac08d8fe320d26fe0ac8e9611da2773f3752464f18,libc.so.6,,True
/usr/lib/x86_64-linux-gnu/libresolv.so.2,dpkg package metadata,dpkg:libc6:amd64,6b99ecf94bcb81732ed1e81615084a5cfe7383eb89ce83106fa51077409ce609,libc.so.6,,True
/usr/lib/x86_64-linux-gnu/libdebconfclient.so.0.0.0,dpkg package metadata,dpkg:libdebconfclient0:amd64,c8f206b99a50fab9fe20a59f7030301866f0b8e134c15a1ffba77fefbcae575f,libc.so.6,,True
/usr/lib/x86_64-linux-gnu/libmenuw.so.6.6,dpkg package metadata,dpkg:libncursesw6:amd64,14d35e0861c5538b5311354e7f5587cb2b8f77639749bbf187182d648351fa3a,libncursesw.so.6;libtinfo.so.6;libc.so.6,,True
/usr/lib/x86_64-linux-gnu/libdl.so.2,dpkg package metadata,dpkg:libc6:amd64,59d725ca30596a9863f4fa2552a7125f834842abc86b40890231c129358965d2,libc.so.6,,True
/usr/lib/x86_64-linux-gnu/libthread_db.so.1,dpkg package metadata,dpkg:libc6:amd64,2f545d8e68ab7d7820abcc1decc07efc64462c3a5b3f78802896b3206316f71c,libc.so.6,,True
/usr/lib/x86_64-linux-gnu/libbsd.so.0.12.2,dpkg package metadata,dpkg:libbsd0:amd64,c71b8a0d7e94c5e34f6c328c5dd1ba7f325d3300c97a54a7c69ef9a6c2caa8b3,libmd.so.0;libc.so.6,,True
/usr/lib/x86_64-linux-gnu/libpcprofile.so,dpkg package metadata,dpkg:libc6:amd64,55997b8f7ab6d7da334c6c9f84a28b93dc370f515fd1ebe502c7d4938bd26ec0,libc.so.6,,True
/usr/lib/x86_64-linux-gnu/liblz4.so.1.10.0,dpkg package metadata,dpkg:liblz4-1:amd64,45729d07db6c43e524c2e69d0c4aef81148a66e272c4f4e0e64b787e17fe1731,libxxhash.so.0;libc.so.6,,True
/usr/lib/x86_64-linux-gnu/libstdc++.so.6.0.35,dpkg package metadata,dpkg:libstdc++6:amd64,5bb0d21308f123b6ad46c6f35b42cedfcb8d6d439a53aa3dae04d880aaffdde3,libm.so.6;libc.so.6;ld-linux-x86-64.so.2;libgcc_s.so.1,,True
/usr/lib/x86_64-linux-gnu/libbz2.so.1.0.4,dpkg package metadata,dpkg:libbz2-1.0:amd64,7138aeb748f73c150b1d34d67de69139a441910cd7b269076ba3c8b986dea9a7,libc.so.6,,True
/usr/lib/x86_64-linux-gnu/libaudit.so.1.0.0,dpkg package metadata,dpkg:libaudit1:amd64,55723fe9402111a37a6593c0dfbedafea685ab43482337397116183f09afe0f5,libcap-ng.so.0;libc.so.6,,True
/usr/lib/x86_64-linux-gnu/libe2p.so.2.3,dpkg package metadata,dpkg:libext2fs2t64:amd64,78b962737fc0df9fdd6b77ed284958065ff4c3ee0776251967f434b764204377,libc.so.6,,True
/usr/lib/x86_64-linux-gnu/libc_malloc_debug.so.0,dpkg package metadata,dpkg:libc6:amd64,b8acc4c9c74c52b58e9e2bb1802b02941d4816b08c62090487d405229a4abce1,libc.so.6;ld-linux-x86-64.so.2,,True
/usr/lib/x86_64-linux-gnu/libext2fs.so.2.4,dpkg package metadata,dpkg:libext2fs2t64:amd64,2207429cf209fa895c8cd604a2737862b61442e290f0b2a451f25c42e8c6a070,libcom_err.so.2;libc.so.6,,True
/usr/lib/x86_64-linux-gnu/libapt-pkg.so.7.0.0,dpkg package metadata,dpkg:libapt-pkg7.0:amd64,4196cbd0df57b5147205d3cd37cc7b0cb73b4f78f57aaf6c7617c1c6ad66a062,libz.so.1;libbz2.so.1.0;liblzma.so.5;liblz4.so.1;libzstd.so.1;libudev.so.1;libsystemd.so.0;libcrypto.so.3;libxxhash.so.0;libstdc++.so.6;libm.so.6;libgcc_s.so.1;libc.so.6;ld-linux-x86-64.so.2,,True
/usr/lib/x86_64-linux-gnu/libselinux.so.1,dpkg package metadata,dpkg:libselinux1:amd64,7538ee77765a27966563c0d22437a3080dcdb346ff76cc16d71a3ce3379a716a,libpcre2-8.so.0;libc.so.6;ld-linux-x86-64.so.2,,True
/usr/lib/x86_64-linux-gnu/libpam_misc.so.0.82.1,dpkg package metadata,dpkg:libpam0g:amd64,c7595cb11c77392f644862fd83584a55813a3b5a4bd1ed14cf0681c8f1b2065a,libpam.so.0;libc.so.6,,True
/usr/lib/x86_64-linux-gnu/libnss_compat.so.2,dpkg package metadata,dpkg:libc6:amd64,e80d7f21db4400d6d4bc6ec7a0bbd29a2a000acdc6e2b3bb601e51ef52125491,libc.so.6,,True
/usr/lib/x86_64-linux-gnu/libsystemd.so.0.42.0,dpkg package metadata,dpkg:libsystemd0:amd64,9405c27411b652140806ab7576f7d76610f67bde662ba730efc7aa7171785011,libm.so.6;libc.so.6;ld-linux-x86-64.so.2,,True
/usr/lib/x86_64-linux-gnu/libBrokenLocale.so.1,dpkg package metadata,dpkg:libc6:amd64,1ca5f2bfc2d1f0d5b5d66279702a68d35c2cb17b01f917671581f7ccf660f13d,libc.so.6,,True
/usr/lib/x86_64-linux-gnu/libpam.so.0.85.1,dpkg package metadata,dpkg:libpam0g:amd64,fe942230acb13b5b645ecb41cfff350004a8b69f18877e1e924e643be21eee64,libaudit.so.1;libc.so.6,,True
/usr/lib/x86_64-linux-gnu/libanl.so.1,dpkg package metadata,dpkg:libc6:amd64,42f773393e14513c82fc98d58d5c11d9284b7d3004a3c12fafa2251fe59b54f2,libc.so.6,,True
/usr/lib/x86_64-linux-gnu/libgpg-error.so.0.41.1,dpkg package metadata,dpkg:libgpg-error0:amd64,406246f1b22422bac96081fcf655ce2746e6ebcd72268497083eab9f57ddafa0,libc.so.6,,True
/usr/lib/x86_64-linux-gnu/libnss_hesiod.so.2,dpkg package metadata,dpkg:libc6:amd64,ac3110985f7ace8911221d3e8249975f8441882e905bb8e8ca789558fd7d02a7,libresolv.so.2;libc.so.6,,True
/usr/lib/x86_64-linux-gnu/libz.so.1.3.1,dpkg package metadata,dpkg:zlib1g:amd64,47b61967895b30e8c0c6818dd633ffeb87711cf637c688f981896f0dd84ce23b,libc.so.6,,True
/usr/lib/x86_64-linux-gnu/libudev.so.1.7.12,dpkg package metadata,dpkg:libudev1:amd64,17a934f550b880125c51294a261da6569ee7b8fae089730aeea6db8a8166f403,libc.so.6;ld-linux-x86-64.so.2,,True
/usr/lib/x86_64-linux-gnu/libssl.so.3,dpkg package metadata,dpkg:libssl3t64:amd64,63b47f444efa588e291e9b650a5ba2ab02f856356f2d50f13a2e477db9119e09,libcrypto.so.3;libc.so.6,,True
/usr/lib/x86_64-linux-gnu/ld-linux-x86-64.so.2,dpkg package metadata,dpkg:libc6:amd64,bda779ea9e9ad234f60315477d7cfd0bdde861cd8ddd9df8cdaf62f18c4cec14,,,True
/usr/lib/x86_64-linux-gnu/libmvec.so.1,dpkg package metadata,dpkg:libc6:amd64,2f2e7f4ad88e1b13f2f8345c826b25f85ba61c93527d91e59dd0d2943eac6e80,libm.so.6;ld-linux-x86-64.so.2;libc.so.6,,True
/usr/lib/x86_64-linux-gnu/libgcrypt.so.20.7.0,dpkg package metadata,dpkg:libgcrypt20:amd64,caec49e99c245de42e4d1fb28f1a31291d85313c88dafcdfea851b064aa766f1,libgpg-error.so.0;libc.so.6;ld-linux-x86-64.so.2,,True
/usr/lib/x86_64-linux-gnu/libpthread.so.0,dpkg package metadata,dpkg:libc6:amd64,1327fc40710691dbd94e88b6cf4efce27fefe8fbb93f7d1164a75b4dccaea696,libc.so.6,,True
/usr/lib/x86_64-linux-gnu/libcrypt.so.1.1.0,dpkg package metadata,dpkg:libcrypt1:amd64,212437df8afcd4004965550cb6df2d0eeb8cad736f7a13a89dcec455182429a6,libc.so.6,,True
/usr/lib/x86_64-linux-gnu/libncursesw.so.6.6,dpkg package metadata,dpkg:libncursesw6:amd64,d392aa39297399808eccfeee96303b83c802c94379e24c8f98841fba11ff9758,libtinfo.so.6;libc.so.6,,True
/usr/lib/x86_64-linux-gnu/libgcc_s.so.1,dpkg package metadata,dpkg:libgcc-s1:amd64,9d339ecb409578d6a5d587e6c537a8f9589b8a13fefba30d167433a4b5758bee,libc.so.6;ld-linux-x86-64.so.2,,True
/usr/lib/x86_64-linux-gnu/libtinfo.so.6.6,dpkg package metadata,dpkg:libtinfo6:amd64,085dbbe5dc38619276bdd0af37ae588969b1308baded09a2990ce8824a602912,libc.so.6,,True
/usr/lib/x86_64-linux-gnu/libsmartcols.so.1.1.0,dpkg package metadata,dpkg:libsmartcols1:amd64,e4169720883b3c3fc341d633b8c2c7ec06b8f2e48dbd729c43474796ed062a04,libc.so.6,,True
/usr/lib/x86_64-linux-gnu/libgmp.so.10.5.0,dpkg package metadata,dpkg:libgmp10:amd64,fda9699eef15deda5f1c626e9140377a7f5d88c41516a54278ac02429cb20fa5,libc.so.6,,True
/usr/lib/x86_64-linux-gnu/libzstd.so.1.5.7,dpkg package metadata,dpkg:libzstd1:amd64,060eeb79531d435306665fd78329d8a9dd579f95876c5960bb67937825362a80,libc.so.6,,True
/usr/lib/x86_64-linux-gnu/liblzma.so.5.8.3,dpkg package metadata,dpkg:liblzma5:amd64,64550dc7a4dc9159d32c00d9e78ce86e0951d02b7b24827df97f090dae101a19,libc.so.6,,True
/usr/lib/x86_64-linux-gnu/libnsl.so.1,dpkg package metadata,dpkg:libc6:amd64,feef62765168388e96e08ee3a4aa38e09de617c9a54ad9543c32d376a9e08d32,libc.so.6,,True
/usr/lib/x86_64-linux-gnu/libpanelw.so.6.6,dpkg package metadata,dpkg:libncursesw6:amd64,9c25289b7d62e43d2e38bff4ac2bc2ffd99e118326fca5e8b8e75ebb49041236,libncursesw.so.6;libtinfo.so.6;libc.so.6,,True
/usr/lib/x86_64-linux-gnu/librt.so.1,dpkg package metadata,dpkg:libc6:amd64,9f3cc59207bcaaac74aaf7aca961f4816f0f4d945e4bd1c3cb98ec516becf161,libc.so.6,,True
/usr/lib/x86_64-linux-gnu/libattr.so.1.1.2502,dpkg package metadata,dpkg:libattr1:amd64,bdaf51cec34ae2930638f55ebf752b1f66197c24cd13a16dc30f30c62f059458,libc.so.6,,True
/usr/lib/x86_64-linux-gnu/libtic.so.6.6,dpkg package metadata,dpkg:libtinfo6:amd64,7cab4fae948b15667fa22791ab0751fc1aeb9e55f792b71c9ea681ad789d6374,libtinfo.so.6;libc.so.6,,True
/usr/lib/x86_64-linux-gnu/libsepol.so.2,dpkg package metadata,dpkg:libsepol2:amd64,c1e965eaae791bc4abc1fc2336a5433d7c483e5117778dbd06234b3fa9172092,libc.so.6,,True
/usr/lib/x86_64-linux-gnu/libseccomp.so.2.6.0,dpkg package metadata,dpkg:libseccomp2:amd64,df995d80c824876afc38528b5e71d258e1844eb524cd9d34f9a7898562fd99e7,libc.so.6,,True
/usr/lib/x86_64-linux-gnu/libmd.so.0.1.0,dpkg package metadata,dpkg:libmd0:amd64,f115fa619f586e47ddfbec21bfd50069fbe5d21f388f8d9a07a984cb075d7efa,libc.so.6,,True
/usr/lib/x86_64-linux-gnu/libuuid.so.1.3.0,dpkg package metadata,dpkg:lms-libuuid1,552769f21415a52c0a0fd5a98c70dce0b44d3167af06e4040ee340c72048c555,libc.so.6;ld-linux-x86-64.so.2,,True
/usr/lib/x86_64-linux-gnu/libsemanage.so.2,dpkg package metadata,dpkg:libsemanage2:amd64,98ac19c25167c3ef3258a3724658c4017245ebac0243a8eac3bed893643b2921,libsepol.so.2;libaudit.so.1;libselinux.so.1;libbz2.so.1.0;libc.so.6,,True
/usr/lib/x86_64-linux-gnu/libnss_files.so.2,dpkg package metadata,dpkg:libc6:amd64,edabd4c7f010d0764f704e92c0bad71e3b5c174b4bf04eb574ec405dce7c839b,libc.so.6,,True
/usr/lib/x86_64-linux-gnu/libcap-ng.so.0.0.0,dpkg package metadata,dpkg:libcap-ng0:amd64,60c767df6642a42ee28bf9a5b8975fe7ed59d4d87372b2737ccdf1a0ef1b268f,libc.so.6;ld-linux-x86-64.so.2,,True
/usr/lib/x86_64-linux-gnu/libpoppler.so.156.0.0,dpkg package metadata,dpkg:libpoppler156:amd64,3dd2c838ec4b3202c7bebb8579c1ffc37562aa103a80ee4c3ef546cfb080d875,libfreetype.so.6;libz.so.1;libfontconfig.so.1;libjpeg.so.8;libcurl.so.4;libgpgmepp.so.7;libopenjp2.so.7;liblcms2.so.2;libpng16.so.16;libtiff.so.6;libnss3.so;libsmime3.so;libplc4.so;libnspr4.so;libstdc++.so.6;libm.so.6;libc.so.6;ld-linux-x86-64.so.2,,True
/usr/lib/x86_64-linux-gnu/libgstrtsp-1.0.so.0.2802.0,dpkg package metadata,dpkg:libgstreamer-plugins-base1.0-0:amd64,febe7e4646ef1d74a888203ad2187251d816eff7614fddc8aa7367df09d6d4a2,libgstreamer-1.0.so.0;libgobject-2.0.so.0;libglib-2.0.so.0;libgio-2.0.so.0;libm.so.6;libc.so.6,,True
/usr/lib/x86_64-linux-gnu/libasound.so.2.0.0,dpkg package metadata,dpkg:libasound2t64,0db93cb48f666d40c9d8d4cf6cbf17678c3e3e6c3bef9661ff222fdfcb096896,libm.so.6;libc.so.6;ld-linux-x86-64.so.2,,True
/usr/lib/x86_64-linux-gnu/libcups.so.2,dpkg package metadata,dpkg:libcups2t64,34dadda91e9378bfc9deab21c5ef2db67fac07f62f0c07c46f11376ddaddd025,libgssapi_krb5.so.2;libavahi-common.so.3;libavahi-client.so.3;libgnutls.so.30;libz.so.1;libm.so.6;libc.so.6,,True
/usr/lib/x86_64-linux-gnu/libp11-kit.so.0.4.11,dpkg package metadata,dpkg:libp11-kit0,a166ff31bcc98ab50fc0b5260ba7a23438e84f90597e5e32795d45e7a6e01de0,libffi.so.8;libc.so.6;ld-linux-x86-64.so.2,,True
/usr/lib/x86_64-linux-gnu/libexpat.so.1.12.5,dpkg package metadata,dpkg:libexpat1,b221310d1c5d9fdc70beddbad010e7d350e98b0b011365270062b3d02877b72a,libc.so.6,,True
/usr/lib/x86_64-linux-gnu/libXi.so.6.1.0,dpkg package metadata,dpkg:libxi6,bea2e1a27a688eae0b57f6595923b261b7e787e8efd927083056b0ffbf3fade8,libXext.so.6;libX11.so.6;libc.so.6,,True
/usr/lib/x86_64-linux-gnu/libX11-xcb.so.1.0.0,dpkg package metadata,dpkg:libx11-xcb1,4bf51e101b46fbba443c48b4edc3799aa1b16815846c94e339ff261463824c6a,,,True
/usr/lib/x86_64-linux-gnu/libX11.so.6.4.0,dpkg package metadata,dpkg:libx11-6,9190209cde06480a8bbf20ac90671b7cae815962df7290471d6925014ff638e2,libxcb.so.1;libc.so.6,,True
/usr/lib/x86_64-linux-gnu/libfreetype.so.6.20.5,dpkg package metadata,dpkg:libfreetype6:amd64,36be278a8138d3e5773eb3f8491ff3fe73122a3051a9b36d1f86457ce0fad22d,libz.so.1;libbz2.so.1.0;libpng16.so.16;libbrotlidec.so.1;libc.so.6,,True
/usr/lib/x86_64-linux-gnu/libyuv.so.0.0.1922,dpkg package metadata,dpkg:libyuv0:amd64,d71b97b26d8415269640bd94b88597fa1c33b6b72043d2cd4d117c2b28c2342f,libjpeg.so.8;libstdc++.so.6;libm.so.6;libgcc_s.so.1;libc.so.6,,True
/usr/lib/x86_64-linux-gnu/libdav1d.so.7.0.0,dpkg package metadata,dpkg:libdav1d7:amd64,2a010803950349d783cac5e1ced297e38fce12ed799149dd210b475933c69c4f,libc.so.6,,True
/usr/lib/x86_64-linux-gnu/libwebpdemux.so.2.0.16,dpkg package metadata,dpkg:libwebpdemux2:amd64,6ed497e52e0340e5aa80076a99fb4e4abe56f1b23f60c6f06cf383ae4cdb4a6b,libwebp.so.7;libc.so.6,,True
/usr/lib/x86_64-linux-gnu/libwebpmux.so.3.1.1,dpkg package metadata,dpkg:libwebpmux3:amd64,73bf84036a6e1c50971a159484ae8f194b4f5109348e680e3b01d5141f83478b,libwebp.so.7;libm.so.6;libc.so.6,,True
/usr/lib/x86_64-linux-gnu/libXrender.so.1.3.0,dpkg package metadata,dpkg:libxrender1,352a811780aca40aacfa250ace89ae7c3710877c609695a2e03c72c68eb67c07,libX11.so.6;libc.so.6,,True
/usr/lib/x86_64-linux-gnu/libtiff.so.6.3.0,dpkg package metadata,dpkg:libtiff6,bb1cedc421d55dbba0b28046def3fbe1a5b699616671c6231eb125376b9cf2e4,libwebp.so.7;libzstd.so.1;liblzma.so.5;libLerc.so.4;libjbig.so.0;libjpeg.so.8;libdeflate.so.0;libz.so.1;libm.so.6;libc.so.6,,True
/usr/lib/x86_64-linux-gnu/libraqm.so.0.10.4,dpkg package metadata,dpkg:libraqm0:amd64,d7a4530e3c10e4b5c3ff1ecfcb35ef53567e2443d789aafa8b07968c9f5be7d2,libfreetype.so.6;libharfbuzz.so.0;libfribidi.so.0;libc.so.6,,True
/usr/lib/x86_64-linux-gnu/libavif.so.16.3.0,dpkg package metadata,dpkg:libavif16:amd64,a94925dd75deec3bea1e408fff9a926e5e0d0c3050d8e2941a8e6b2f938b81e3,libyuv.so.0;libdav1d.so.7;libgav1.so.2;libaom.so.3;libm.so.6;libc.so.6,,True
/usr/lib/x86_64-linux-gnu/libaom.so.3.13.1,dpkg package metadata,dpkg:libaom3:amd64,92d8b38ea0b9d0c545ce1653e371bc21f11e804dac3727f095785cccab05b9eb,libm.so.6;libc.so.6,,True
/usr/lib/x86_64-linux-gnu/libgav1.so.2.0.0,dpkg package metadata,dpkg:libgav1-2:amd64,4a06f995e40efc5a47f42cc7ba6712d4d5fbe29e8246a41ac7b23f991caf5eab,libabsl_synchronization.so.20260107;libstdc++.so.6;libm.so.6;libgcc_s.so.1;libc.so.6;ld-linux-x86-64.so.2,,True
/usr/lib/x86_64-linux-gnu/libacl.so.1.2.2400,dpkg package metadata,dpkg:libacl1,9d33decdc31b7db4d419bcd7f2f6d099e1a511f36ef66e59160e174d791a4424,libc.so.6,,True
/usr/lib/x86_64-linux-gnu/libpng16.so.16.59.0,dpkg package metadata,dpkg:libpng16-16t64,50f73deb93fb5d2c8bba341bfd98cc130f4fc2e20762ec7bc4a7dd7527d3e20f,libz.so.1;libm.so.6;libc.so.6,,True
/usr/lib/x86_64-linux-gnu/libpcre2-8.so.0.16.1,dpkg package metadata,dpkg:libpcre2-8-0,485c0dfcfe0e8fe8511d3aab0b2e07dd7132463f52019bb06293727a6a18fb5b,libc.so.6,,True
/usr/lib/x86_64-linux-gnu/libtk8.6.so,dpkg package metadata,dpkg:libtk8.6:amd64,bbb446cf2f299fe4e5f6debf89b6a1a2a08959a60941260d1bb64578c82cc8d3,libXft.so.2;libfontconfig.so.1;libX11.so.6;libXss.so.1;libm.so.6;libc.so.6,,True
/usr/lib/x86_64-linux-gnu/libXft.so.2.3.6,dpkg package metadata,dpkg:libxft2:amd64,6bea200ccc0cdc29aa7f76d6cba942454503b5e8f45c6d722633df39412fc27b,libfontconfig.so.1;libfreetype.so.6;libXrender.so.1;libX11.so.6;libc.so.6,,True
/usr/lib/x86_64-linux-gnu/libtcl8.6.so,dpkg package metadata,dpkg:libtcl8.6:amd64,6dfbe2faf2a776485be94cb87bed369337bcf9236ee4c955e45004f8253ade8a,libz.so.1;libm.so.6;libc.so.6,,True
/usr/lib/x86_64-linux-gnu/libXss.so.1.0.0,dpkg package metadata,dpkg:libxss1:amd64,04e9f6b5706ffc0397fecce4aed3c23875346b9f770a029ecac575254219b312,libX11.so.6;libXext.so.6;libc.so.6,,True
/usr/lib/x86_64-linux-gnu/libXt.so.6.0.0,dpkg package metadata,dpkg:libxt6t64:amd64,f64b73d5b7ca58225d7ad253feefc59fd04aa6e724a5f9bd2b37902887b9e95b,libSM.so.6;libICE.so.6;libX11.so.6;libc.so.6,,True
/usr/lib/x86_64-linux-gnu/libGLdispatch.so.0.0.0,dpkg package metadata,dpkg:libglvnd0:amd64,8c3dbc80a9e435d15bb6394f609f90b823175a92e9ca41133294b5b8fcac50b2,libc.so.6,,True
/usr/lib/x86_64-linux-gnu/libunwind-x86_64.so.8.2.0,dpkg package metadata,dpkg:libunwind8:amd64,e7cf258af27d39ff199342f4fb181218368df93238fb9d2ecf2eae52bf049b32,liblzma.so.5;libunwind.so.8;libc.so.6,,True
/usr/lib/x86_64-linux-gnu/libpango-1.0.so.0.5700.0,dpkg package metadata,dpkg:libpango-1.0-0:amd64,5c2d126df8d1e1beb793bf400c9bed6a3384e95b16d54cea85643bad046973f3,libm.so.6;libglib-2.0.so.0;libgobject-2.0.so.0;libgio-2.0.so.0;libfribidi.so.0;libthai.so.0;libharfbuzz.so.0;libc.so.6,,True
/usr/lib/x86_64-linux-gnu/libXmu.so.6.2.0,dpkg package metadata,dpkg:libxmu6:amd64,113442a4111ba8e26705ac265befa6dc690094575880281211ceadb38c47e8a5,libXt.so.6;libXext.so.6;libX11.so.6;libc.so.6,,True
/usr/lib/x86_64-linux-gnu/libpciaccess.so.0.11.1,dpkg package metadata,dpkg:libpciaccess0:amd64,d8cabd96e1a585bb48e13e8447ba72c6fe48735ba60f7c8c46b2763d45a2c400,libz.so.1;libc.so.6,,True
/usr/lib/x86_64-linux-gnu/libXRes.so.1.0.0,dpkg package metadata,dpkg:libxres1:amd64,6254b635bf62a576fe9410fcd25fea6b4f7e66d4fe33d50fd7c7aebbc0a657cb,libX11.so.6;libXext.so.6;libc.so.6,,True
/usr/lib/x86_64-linux-gnu/libXfixes.so.3.1.0,dpkg package metadata,dpkg:libxfixes3:amd64,04f371370ab65d552b214c9d57ac8b05c8fd9127b1bd55e29bd297f417241de0,libX11.so.6;libc.so.6,,True
/usr/lib/x86_64-linux-gnu/libxcb-present.so.0.0.0,dpkg package metadata,dpkg:libxcb-present0:amd64,085bc629d45125f8c3b0f09f9c37ee65d35b1ea55e1f047cffd6aef4ce218b5a,libxcb.so.1;libc.so.6,,True
/usr/lib/x86_64-linux-gnu/libxcb-glx.so.0.0.0,dpkg package metadata,dpkg:libxcb-glx0:amd64,e58a788c3968ffd7e960451b9506054abfaf0deb0eab888955c9de948c2c7c7d,libxcb.so.1;libc.so.6,,True
/usr/lib/x86_64-linux-gnu/libfontenc.so.1.0.0,dpkg package metadata,dpkg:libfontenc1:amd64,ca34cbb138f4b1f0c4f1fe21d0bef4c55eb07232d583b4f1563c2c468a075492,libz.so.1;libc.so.6,,True
/usr/lib/x86_64-linux-gnu/libedit.so.2.0.76,dpkg package metadata,dpkg:libedit2:amd64,438090e1cd463d9f89c9259ce9e99f229eae56c857b5e525d581e338f61aa1ce,libtinfo.so.6;libbsd.so.0;libc.so.6,,True
/usr/lib/x86_64-linux-gnu/libxcb-randr.so.0.1.0,dpkg package metadata,dpkg:libxcb-randr0:amd64,a9444026ba3c927a917ff5a0ce47318bed09ab8f9382fe231c72b33da4ec8bbc,libxcb.so.1;libc.so.6,,True
/usr/lib/x86_64-linux-gnu/libvulkan.so.1.4.341,dpkg package metadata,dpkg:libvulkan1:amd64,def4af45e9e5784cf65eaaaa289530a5c73546b01015da4c0920ef0a144fe189,libc.so.6,,True
/usr/lib/x86_64-linux-gnu/libunwind-coredump.so.0.0.0,dpkg package metadata,dpkg:libunwind8:amd64,189e953d953d351ebf7787a1a6bfdf4efacd491652995a264b2832a024775d5d,libunwind-x86_64.so.8;liblzma.so.5;libc.so.6,,True
/usr/lib/x86_64-linux-gnu/libdrm_amdgpu.so.1.131.0,dpkg package metadata,dpkg:libdrm-amdgpu1:amd64,edc5af5a40623befde7f1214950cb0046e04e9a39f925e6959e71f01d2d34d9c,libdrm.so.2;libc.so.6,,True
/usr/lib/x86_64-linux-gnu/libXcomposite.so.1.0.0,dpkg package metadata,dpkg:libxcomposite1:amd64,be906a680b3888b37233cc3d3327ae3e989a943e8aa0ba80d493072dde5f5fa2,libX11.so.6;libc.so.6,,True
/usr/lib/x86_64-linux-gnu/libdrm_intel.so.1.131.0,dpkg package metadata,dpkg:libdrm-intel1:amd64,b4efda864f3ff03ec175787fc83c330981cf3a50704127debb782c325055054e,libdrm.so.2;libpciaccess.so.0;libc.so.6,,True
/usr/lib/x86_64-linux-gnu/libxcb-sync.so.1.0.0,dpkg package metadata,dpkg:libxcb-sync1:amd64,bf494083f05bc427135042b5cdaa5bf5fbe0886f34f611151dde0056257022c9,libxcb.so.1;libc.so.6,,True
/usr/lib/x86_64-linux-gnu/libLLVM.so.21.1,dpkg package metadata,dpkg:libllvm21:amd64,12dca1fc2d9f5d4ff35315fc2aa3a97b615b41ec6a71d3ce545efb62c075d902,libffi.so.8;libedit.so.2;libm.so.6;libz.so.1;libzstd.so.1;libxml2.so.16;libstdc++.so.6;libgcc_s.so.1;libc.so.6;ld-linux-x86-64.so.2,,True
/usr/lib/x86_64-linux-gnu/libXmuu.so.1.0.0,dpkg package metadata,dpkg:libxmuu1:amd64,5cb34e49c9dd737074cb6837d5124c5f0e2042dfa0bcb6c75d5dd3739496ffa5,libX11.so.6;libc.so.6,,True
/usr/lib/x86_64-linux-gnu/libatk-bridge-2.0.so.0.0.0,dpkg package metadata,dpkg:libatk-bridge2.0-0t64:amd64,f15ca1b81111a2255d523da5601daa3a18de61d9d3b18a2f6cc12532f3e3bd5b,libatspi.so.0;libatk-1.0.so.0;libdbus-1.so.3;libgobject-2.0.so.0;libglib-2.0.so.0;libgio-2.0.so.0;libc.so.6,,True
/usr/lib/x86_64-linux-gnu/libthai.so.0.3.2,dpkg package metadata,dpkg:libthai0:amd64,dedacba149b8f955a4f37eb5793fad3128adcbfb4796da963e4a4a640f96e670,libdatrie.so.1;libc.so.6,,True
/usr/lib/x86_64-linux-gnu/libatspi.so.0.0.1,dpkg package metadata,dpkg:libatspi2.0-0t64:amd64,068e164f938fb6414b7ef44bd7fb3835d71d35c7a3edd58d0367bd4a8b12e8e1,libdbus-1.so.3;libgobject-2.0.so.0;libglib-2.0.so.0;libgio-2.0.so.0;libX11.so.6;libXi.so.6;libXRes.so.1;libc.so.6,,True
/usr/lib/x86_64-linux-gnu/libxkbcommon.so.0.13.1,dpkg package metadata,dpkg:libxkbcommon0:amd64,8b7d244ea1df8b1c073069344f8c705bab90d6b6bcafb96f1c2eccc2312f4946,libc.so.6,,True
/usr/lib/x86_64-linux-gnu/libxshmfence.so.1.0.0,dpkg package metadata,dpkg:libxshmfence1:amd64,8b4406ff7f9f2b2830e6d135f9e7ffe991d32832b8fc3569fed189517b557d2b,libc.so.6,,True
/usr/lib/x86_64-linux-gnu/libgallium-26.0.8-1ubuntu0.3.so,dpkg package metadata,dpkg:mesa-libgallium:amd64,64c5508bb7167947f932c950d5e2d2c314f631fc3919de82f757c3769758b79f,libdrm.so.2;libLLVM.so.21.1;libexpat.so.1;libz.so.1;libzstd.so.1;libsensors.so.5;libxcb.so.1;libxcb-randr.so.0;libxcb-sync.so.1;libxcb-present.so.0;libxshmfence.so.1;libxcb-xfixes.so.0;libxcb-dri3.so.0;libelf.so.1;libdrm_amdgpu.so.1;libdrm_intel.so.1;libX11-xcb.so.1;libstdc++.so.6;libm.so.6;libgcc_s.so.1;libc.so.6,,True
/usr/lib/x86_64-linux-gnu/libelf-0.194.so,dpkg package metadata,dpkg:libelf1t64:amd64,f77db7b4cfa02c98aa5918caf1f02b6cf37a5998e2e5cc8e43e664dbb72c87fa,libz.so.1;libzstd.so.1;libc.so.6;ld-linux-x86-64.so.2,,True
/usr/lib/x86_64-linux-gnu/libunwind-ptrace.so.0.0.0,dpkg package metadata,dpkg:libunwind8:amd64,d22b4d04f3379571e733c02611884d2d3e0c5e588637c96cc8a8df44b00801b5,libunwind-x86_64.so.8;liblzma.so.5;libc.so.6,,True
/usr/lib/x86_64-linux-gnu/libunwind.so.8.2.0,dpkg package metadata,dpkg:libunwind8:amd64,ba50c4006ec13e89fc7065e1928345737d58e4f17c7f0ecff0914c3ac96e711f,liblzma.so.5;libc.so.6;ld-linux-x86-64.so.2,,True
/usr/lib/x86_64-linux-gnu/libgbm.so.1.0.0,dpkg package metadata,dpkg:libgbm1:amd64,fe7f42f2aada962b9838e6ed83711ed24c45d145d05231aa0b3c5dd9cf30771f,libdrm.so.2;libexpat.so.1;libm.so.6;libgcc_s.so.1;libc.so.6,,True
/usr/lib/x86_64-linux-gnu/libGLX_mesa.so.0.0.0,dpkg package metadata,dpkg:libglx-mesa0:amd64,864200bd459ead8a3027bedb768e1f7189b1526fc93ab5280b3edcad0cfc11fe,libgallium-26.0.8-1ubuntu0.3.so;libdrm.so.2;libX11.so.6;libxcb-glx.so.0;libxcb.so.1;libX11-xcb.so.1;libXext.so.6;libXxf86vm.so.1;libxcb-shm.so.0;libexpat.so.1;libxcb-dri3.so.0;libxcb-present.so.0;libxcb-xfixes.so.0;libm.so.6;libgcc_s.so.1;libc.so.6,,True
/usr/lib/x86_64-linux-gnu/libGL.so.1.7.0,dpkg package metadata,dpkg:libgl1:amd64,ef85065ae96bff373db8ed59e1f4a77191cae4411f3dd7128d14a4c34af18a18,libGLdispatch.so.0;libGLX.so.0;libc.so.6,,True
/usr/lib/x86_64-linux-gnu/libXaw7.so.7.0.0,dpkg package metadata,dpkg:libxaw7:amd64,b1bb8029a1d15600d437fbe450cd10b29d220f32e9f1e005704ac82729506b5b,libXext.so.6;libXmu.so.6;libXt.so.6;libXpm.so.4;libX11.so.6;libc.so.6,,True
/usr/lib/x86_64-linux-gnu/libXfont2.so.2.0.0,dpkg package metadata,dpkg:libxfont2:amd64,71e06a08dcb2c6a17e4edecc92eed28aeda033ac043d61b136176ea547bd4780,libz.so.1;libbz2.so.1.0;libm.so.6;libfontenc.so.1;libfreetype.so.6;libc.so.6,,True
/usr/lib/x86_64-linux-gnu/libXpm.so.4.11.0,dpkg package metadata,dpkg:libxpm4:amd64,550d7ea07abdd22610cd4a24822a03d1cae1ef7e1697409c46302f049d3c0895,libX11.so.6;libc.so.6,,True
/usr/lib/x86_64-linux-gnu/libatk-1.0.so.0.26013.1,dpkg package metadata,dpkg:libatk1.0-0t64:amd64,08346e9481ee7a4b0a8f08d1cc8298c6212e175eb76da6afdac5a72c38a2aa39,libglib-2.0.so.0;libgobject-2.0.so.0;libc.so.6,,True
/usr/lib/x86_64-linux-gnu/libGLX.so.0.0.0,dpkg package metadata,dpkg:libglx0:amd64,0754505cc97c5c2251aebc10b5ab6ccbb9ad02d765bee07115bc9c09daf13002,libGLdispatch.so.0;libX11.so.6;libc.so.6,,True
/usr/lib/x86_64-linux-gnu/libXdamage.so.1.1.0,dpkg package metadata,dpkg:libxdamage1:amd64,25b558d1963cdce972682a289e577ac29e939ae935b7a32f75c3f526db453c6e,libX11.so.6;libc.so.6,,True
/usr/lib/x86_64-linux-gnu/libsensors.so.5.0.0,dpkg package metadata,dpkg:libsensors5:amd64,ed2a8c4a99433a3f4203f26d863aa46bfa3a60a596cccc93955ca778fed56d7c,libc.so.6;libm.so.6,,True
/usr/lib/x86_64-linux-gnu/libfribidi.so.0.4.0,dpkg package metadata,dpkg:libfribidi0:amd64,c122a34c3e9cab264c9a07b21b75f16443a646cc8db4e84ac91e800daa7e03ce,libc.so.6,,True
/usr/lib/x86_64-linux-gnu/libxkbfile.so.1.0.2,dpkg package metadata,dpkg:libxkbfile1:amd64,ed8ddf708d92914d1d2c4a3a52aeb4bc9a32e74d419ed4aebb7e6ab8ee671a5c,libX11.so.6;libc.so.6,,True
/usr/lib/x86_64-linux-gnu/libxcb-xfixes.so.0.0.0,dpkg package metadata,dpkg:libxcb-xfixes0:amd64,37c933b3e89f66330a930207b3133ce5b2c7aade777c7711b70945cc7d4b2333,libxcb.so.1;libc.so.6,,True
/usr/lib/x86_64-linux-gnu/libxcb-dri3.so.0.1.0,dpkg package metadata,dpkg:libxcb-dri3-0:amd64,d2f0488a28a351718192c01bba15f60556f514db555dfbce9a132dedd1401e98,libxcb.so.1;libc.so.6,,True
/usr/lib/x86_64-linux-gnu/libXxf86vm.so.1.0.0,dpkg package metadata,dpkg:libxxf86vm1:amd64,ed342de4e4469f5192d5a570b1da0a7ba42fa580b0bdae98b31715de006b2c7c,libX11.so.6;libXext.so.6;libc.so.6,,True
/usr/lib/x86_64-linux-gnu/libdatrie.so.1.4.1,dpkg package metadata,dpkg:libdatrie1:amd64,4f82932cdedfe2cfa2e306fddb71c770249cc45375176b850ac3e25f2cc9c7e2,libc.so.6,,True
/usr/lib/x86_64-linux-gnu/libxml2.so.16.1.4,dpkg package metadata,dpkg:libxml2-16,83ab8ada6f56d9e704d42b1282c5e567771a084d3c1d1b2b08d45553686f8f32,libz.so.1;libm.so.6;libc.so.6,,True
/usr/lib/x86_64-linux-gnu/libabsl_hashtablez_sampler.so.20260107.0.0,dpkg package metadata,dpkg:libabsl20260107:amd64,6af94b64a4adb31dc245dd80ef422257dd4c9e4e1a005d2c918950541807dddb,libabsl_synchronization.so.20260107;libabsl_time.so.20260107;libabsl_stacktrace.so.20260107;libabsl_raw_logging_internal.so.20260107;libstdc++.so.6;libgcc_s.so.1,,True
/usr/lib/x86_64-linux-gnu/libxmlsec1-nss.so.1.3.9,dpkg package metadata,dpkg:libxmlsec1-nss1:amd64,cbe0602eda779fb50b6c334c2598b8eab7c7cb01c44f7a866a174ad8140e1cc2,libnss3.so;libnssutil3.so;libsmime3.so;libnspr4.so;libxml2.so.16;libxmlsec1.so.1;libc.so.6,,True
/usr/lib/x86_64-linux-gnu/libabsl_vlog_config_internal.so.20260107.0.0,dpkg package metadata,dpkg:libabsl20260107:amd64,250642fbdf1623498e9d28f76e98a7f5955a27ceb649752a6a258a43b68987de,libabsl_log_internal_fnmatch.so.20260107;libabsl_synchronization.so.20260107;libabsl_strings.so.20260107;libabsl_base.so.20260107;libstdc++.so.6;libgcc_s.so.1;libc.so.6,,True
/usr/lib/x86_64-linux-gnu/libnpth.so.0.3.0,dpkg package metadata,dpkg:libnpth0t64:amd64,3d7ac08c8cb2b3d730ca64f012732605e4459aaaefb421154fd63b6a002a97ac,libc.so.6,,True
/usr/lib/x86_64-linux-gnu/libksba.so.8.14.7,dpkg package metadata,dpkg:libksba8:amd64,61ca3160cbd031228e4971b11653559a64801c1c4f358d84463f937f03ebe676,libgpg-error.so.0;libc.so.6,,True
/usr/lib/x86_64-linux-gnu/libtasn1.so.6.6.5,dpkg package metadata,dpkg:libtasn1-6:amd64,1255353abfae7b9f52aedb0264876cd4c852f13c2acf3e2203ebd2aab79bce02,libc.so.6,,True
/usr/lib/x86_64-linux-gnu/libabsl_flags_program_name.so.20260107.0.0,dpkg package metadata,dpkg:libabsl20260107:amd64,69e18b723a3807f58214b358be76675bee678804ba70b798da3c5732292c694f,libabsl_synchronization.so.20260107;libstdc++.so.6;libgcc_s.so.1;libc.so.6,,True
/usr/lib/x86_64-linux-gnu/libopenjp2.so.2.5.4,dpkg package metadata,dpkg:libopenjp2-7:amd64,267df1e339d524b501ef4b3567b8ab7ba9eb0bfdfe26adbaff149b54aaf03259,libm.so.6;libc.so.6,,True
/usr/lib/x86_64-linux-gnu/libLerc.so.4,dpkg package metadata,dpkg:liblerc4:amd64,b7c1fe626e31e8c3ecb80d428ffb3a8824fd241ec55c6edc8b12437412206060,libstdc++.so.6;libm.so.6;libgcc_s.so.1;libc.so.6,,True
/usr/lib/x86_64-linux-gnu/libgstcontroller-1.0.so.0.2802.0,dpkg package metadata,dpkg:libgstreamer1.0-0:amd64,22b90521f7e69b0a3711bc945b3bcad8f33f67d07a130e052978f575906045cf,libgstreamer-1.0.so.0;libm.so.6;libglib-2.0.so.0;libgobject-2.0.so.0;libc.so.6,,True
/usr/lib/x86_64-linux-gnu/libboost_thread.so.1.90.0,dpkg package metadata,dpkg:libboost-thread1.90.0:amd64,1e248254e27224e2f4f266abe735b133e2f015e33e56921360d78f4a6a47d81e,libstdc++.so.6;libgcc_s.so.1;libc.so.6,,True
/usr/lib/x86_64-linux-gnu/libltdl.so.7.3.3,dpkg package metadata,dpkg:libltdl7:amd64,38cb2e4cc0047e5228cb8727c9c8b6e9265424bc71b20d64dd898a14f4e31176,libc.so.6,,True
/usr/lib/x86_64-linux-gnu/libicutest.so.78.2,dpkg package metadata,dpkg:libicu78:amd64,fadc18a1c10a1c981bad2ec621964235f85b32f508a63203470d35507b959bf9,libicutu.so.78;libicuuc.so.78;libstdc++.so.6;libgcc_s.so.1;libc.so.6,,True
/usr/lib/x86_64-linux-gnu/libabsl_cordz_info.so.20260107.0.0,dpkg package metadata,dpkg:libabsl20260107:amd64,95f2157c07e27ddf723fc35225a6addeb07f458dcfaeeda64e34b7fc26bdeb24,libabsl_cord_internal.so.20260107;libabsl_cordz_handle.so.20260107;libabsl_synchronization.so.20260107;libabsl_stacktrace.so.20260107;libabsl_time.so.20260107;libabsl_raw_logging_internal.so.20260107;libstdc++.so.6;libgcc_s.so.1;libc.so.6,,True
/usr/lib/x86_64-linux-gnu/libabsl_decode_rust_punycode.so.20260107.0.0,dpkg package metadata,dpkg:libabsl20260107:amd64,d74eef1076c4523fd34cadf8087b4e02d795c9c0945c04384fddb872271ccd82,libabsl_utf8_for_code_point.so.20260107;libgcc_s.so.1;libc.so.6,,True
/usr/lib/x86_64-linux-gnu/libabsl_malloc_internal.so.20260107.0.0,dpkg package metadata,dpkg:libabsl20260107:amd64,012d2f6b84134ec30cef2ddcc1008387b7ce23a2d3ed33480033a28fa8189007,libabsl_base.so.20260107;libabsl_raw_logging_internal.so.20260107;libabsl_spinlock_wait.so.20260107;libstdc++.so.6;libgcc_s.so.1;libc.so.6,,True
/usr/lib/x86_64-linux-gnu/libgssapi_krb5.so.2.2,dpkg package metadata,dpkg:libgssapi-krb5-2:amd64,18e2ba0b2f421b780e7265337e52996f382857df63d0f9e63f391a75a14cdbe7,libkrb5.so.3;libk5crypto.so.3;libcom_err.so.2;libkrb5support.so.0;libc.so.6,,True
/usr/lib/x86_64-linux-gnu/libabsl_log_internal_message.so.20260107.0.0,dpkg package metadata,dpkg:libabsl20260107:amd64,6a6bba43e7bd4f98cd95a254de480508fdd754f8bfe6044a03813526fae9c280,libabsl_examine_stack.so.20260107;libabsl_log_internal_format.so.20260107;libabsl_log_internal_nullguard.so.20260107;libabsl_log_internal_structured_proto.so.20260107;libabsl_strerror.so.20260107;libabsl_log_internal_log_sink_set.so.20260107;libabsl_log_internal_globals.so.20260107;libabsl_log_globals.so.20260107;libabsl_log_internal_proto.so.20260107;libabsl_time.so.20260107;libabsl_strings_internal.so.20260107;libabsl_base.so.20260107;libabsl_raw_logging_internal.so.20260107;libstdc++.so.6;libgcc_s.so.1;libc.so.6,,True
/usr/lib/x86_64-linux-gnu/libabsl_flags_usage_internal.so.20260107.0.0,dpkg package metadata,dpkg:libabsl20260107:amd64,3687f688356ccfa71ce4b5d2c874e2b8375cfdad42c952ee035f152bb9f2ea7f,libabsl_flags_internal.so.20260107;libabsl_flags_reflection.so.20260107;libabsl_flags_config.so.20260107;libabsl_flags_program_name.so.20260107;libabsl_synchronization.so.20260107;libabsl_strings.so.20260107;libstdc++.so.6;libgcc_s.so.1;libc.so.6,,True
/usr/lib/x86_64-linux-gnu/libabsl_crc_internal.so.20260107.0.0,dpkg package metadata,dpkg:libabsl20260107:amd64,6990899e4f8c751ef13ecc221f310ffad6f0f2189cc22ff9a9471c1f59bcc5ca,libabsl_raw_logging_internal.so.20260107;libstdc++.so.6;libgcc_s.so.1;libc.so.6,,True
/usr/lib/x86_64-linux-gnu/libassuan.so.9.0.2,dpkg package metadata,dpkg:libassuan9:amd64,d7c8d77ad9454b6617f2d3150cc5758b48c11a08b22327653f1269589975f001,libgpg-error.so.0;libc.so.6,,True
/usr/lib/x86_64-linux-gnu/libabsl_flags_config.so.20260107.0.0,dpkg package metadata,dpkg:libabsl20260107:amd64,b17242d8d0809eb650803532d69bdb9d300faa59d3cfbd792dc7b772388588bd,libabsl_flags_program_name.so.20260107;libabsl_synchronization.so.20260107;libstdc++.so.6;libgcc_s.so.1;libc.so.6,,True
/usr/lib/x86_64-linux-gnu/libabsl_die_if_null.so.20260107.0.0,dpkg package metadata,dpkg:libabsl20260107:amd64,a68a5e1dab3b1b44e1a63e535b3dcf1973eb2478bee89663471c5054272e47f0,libabsl_log_internal_message.so.20260107;libabsl_strings.so.20260107;libstdc++.so.6;libc.so.6,,True
/usr/lib/x86_64-linux-gnu/libbrotlicommon.so.1.2.0,dpkg package metadata,dpkg:libbrotli1:amd64,fb353cab2ea4ecd90814b46f872c21e1034c92bd86c3c677415748b4d16b5ad1,libc.so.6,,True
/usr/lib/x86_64-linux-gnu/libcdr-0.1.so.1.0.7,dpkg package metadata,dpkg:libcdr-0.1-1:amd64,cee85f84fe0cd89280f0bbb392713bec63414df963c689cbbbde3df51234a72c,librevenge-0.0.so.0;liblcms2.so.2;libz.so.1;libicui18n.so.78;libicuuc.so.78;libstdc++.so.6;libm.so.6;libc.so.6;libgcc_s.so.1,,True
/usr/lib/x86_64-linux-gnu/libmythes-1.2.so.0.0.0,dpkg package metadata,dpkg:libmythes-1.2-0:amd64,f2bb39ae9615b26118308cb98992ec8a053d486d55fb3fc578d8fbb8d516eb17,libstdc++.so.6;libc.so.6;libgcc_s.so.1,,True
/usr/lib/x86_64-linux-gnu/libboost_iostreams.so.1.90.0,dpkg package metadata,dpkg:libboost-iostreams1.90.0:amd64,b5e56950ef7d16cac95eb13c82a862c3545e1da7b65ca87896c3f4f5dd28343b,libz.so.1;libbz2.so.1.0;liblzma.so.5;libzstd.so.1;libstdc++.so.6;libgcc_s.so.1;libc.so.6,,True
/usr/lib/x86_64-linux-gnu/libunistring.so.5.2.0,dpkg package metadata,dpkg:libunistring5:amd64,c762a289c02f716a12549d544a811715126067b9a6377057671d3fad9453a1fc,libc.so.6,,True
/usr/lib/x86_64-linux-gnu/libicutu.so.78.2,dpkg package metadata,dpkg:libicu78:amd64,15bc412cfade53538bb19d272505026ef4b21a3b71d405af0cadccbe4b1e99bc,libicui18n.so.78;libicuuc.so.78;libstdc++.so.6;libgcc_s.so.1;libc.so.6,,True
/usr/lib/x86_64-linux-gnu/libjbig.so.0,dpkg package metadata,dpkg:libjbig0:amd64,19ae16694b0f2c442b367fd9dfecf8da68c9b8ded0bc9029c1d53a9ba91a4151,libc.so.6,,True
/usr/lib/x86_64-linux-gnu/libabsl_log_entry.so.20260107.0.0,dpkg package metadata,dpkg:libabsl20260107:amd64,3a2015e8392831069d0ebcaadbf1134de45c73946be3cce80073c3196b6a2d69,libabsl_log_internal_proto.so.20260107;libabsl_time.so.20260107;libabsl_strings.so.20260107;libabsl_log_severity.so.20260107;libstdc++.so.6;libgcc_s.so.1;libc.so.6,,True
/usr/lib/x86_64-linux-gnu/libabsl_flags_commandlineflag.so.20260107.0.0,dpkg package metadata,dpkg:libabsl20260107:amd64,680320a4071d75efa5e5f966383ec0b695adc1407da48786234b2ade04e68764,libstdc++.so.6,,True
/usr/lib/x86_64-linux-gnu/libjpeg.so.8.2.2,dpkg package metadata,dpkg:libjpeg-turbo8:amd64,90a1eebead4d7c1abc46cf9c66c5392c60fc2c16f038af20fc7efbd0d8dd427f,libc.so.6;ld-linux-x86-64.so.2,,True
/usr/lib/x86_64-linux-gnu/libabsl_strings_internal.so.20260107.0.0,dpkg package metadata,dpkg:libabsl20260107:amd64,b189c326124de9dfdba47d4c42e66a59a3df0458d9af060708dde16b41c2315c,libabsl_raw_logging_internal.so.20260107;libstdc++.so.6;libgcc_s.so.1;libc.so.6,,True
/usr/lib/x86_64-linux-gnu/libpagemaker-0.0.so.0.0.4,dpkg package metadata,dpkg:libpagemaker-0.0-0:amd64,a00805733e807e191d43556bef0e312773523bcf71dec5e197297be80bbbf9b6,librevenge-0.0.so.0;libstdc++.so.6;libm.so.6;libc.so.6;libgcc_s.so.1,,True
/usr/lib/x86_64-linux-gnu/liborcus-0.21.so.0.0.0,dpkg package metadata,dpkg:liborcus-0.21-0:amd64,d9412a84917bcf36d66a5e3f352ba89e3cfb39b2ca25b67fe96bd9c2694b4745,liborcus-parser-0.21.so.0;libboost_iostreams.so.1.90.0;libstdc++.so.6;libc.so.6;libgcc_s.so.1,,True
/usr/lib/x86_64-linux-gnu/libabsl_log_globals.so.20260107.0.0,dpkg package metadata,dpkg:libabsl20260107:amd64,91039afea1bd0b73f14f5719b47ef907fd7355614eabe7bd7c6660de2d802100,libabsl_hash.so.20260107;libabsl_raw_logging_internal.so.20260107;libstdc++.so.6;libgcc_s.so.1;libc.so.6,,True
/usr/lib/x86_64-linux-gnu/libsoftokn3.so,dpkg package metadata,dpkg:libnss3:amd64,98bcaa72d8a132e65f3f723f5d7f6d80634b5ec404eeafe84122c9ad1ffd9dd6,libsqlite3.so.0;libnssutil3.so;libplc4.so;libplds4.so;libnspr4.so;libc.so.6,,True
/usr/lib/x86_64-linux-gnu/libgsttag-1.0.so.0.2802.0,dpkg package metadata,dpkg:libgstreamer-plugins-base1.0-0:amd64,ed3f747b7fccf0290de38d0dd78e827593f03a9abb754d822c331610e87db460,libgstbase-1.0.so.0;libgstreamer-1.0.so.0;libgobject-2.0.so.0;libglib-2.0.so.0;libm.so.6;libz.so.1;libc.so.6,,True
/usr/lib/x86_64-linux-gnu/libkeyutils.so.1.10,dpkg package metadata,dpkg:libkeyutils1:amd64,c0c8f8d5adec4abe76fa462d8ad7c010f50c61e2b67b9feaa6f44e462c12cf41,libc.so.6,,True
/usr/lib/x86_64-linux-gnu/libmwaw-0.3.so.3.0.22,dpkg package metadata,dpkg:libmwaw-0.3-3:amd64,c25f94ba67de19f5e6a6046a0dd9c0a1d28f23d6e6dab387441c63bfdc3798ba,librevenge-0.0.so.0;libz.so.1;libstdc++.so.6;libm.so.6;libc.so.6;libgcc_s.so.1,,True
/usr/lib/x86_64-linux-gnu/libbrotlidec.so.1.2.0,dpkg package metadata,dpkg:libbrotli1:amd64,eb8768f85e9c367cd74772919b5668bbe0045cb71b65d75aafc32828e7acb1b7,libbrotlicommon.so.1;libc.so.6,,True
/usr/lib/x86_64-linux-gnu/libhunspell-1.7.so.0.0.1,dpkg package metadata,dpkg:libhunspell-1.7-0:amd64,c722172bc6a096861753c3782a3b1e480c7d108b2c5292a083b8917c97d32320,libstdc++.so.6;libc.so.6;ld-linux-x86-64.so.2;libgcc_s.so.1,,True
/usr/lib/x86_64-linux-gnu/liblcms2.so.2.0.17,dpkg package metadata,dpkg:liblcms2-2:amd64,046e89ccd894994728028a8f00c2424b79cff4e3d9832530f964edddf1078d1b,libm.so.6;libc.so.6,,True
/usr/lib/x86_64-linux-gnu/libavahi-client.so.3.2.9,dpkg package metadata,dpkg:libavahi-client3:amd64,49c276fa0e15902161631801b96fef57e4df1c04146334982ff4ea06c6fbab9a,libdbus-1.so.3;libavahi-common.so.3;libc.so.6,,True
/usr/lib/x86_64-linux-gnu/libavahi-common.so.3.5.4,dpkg package metadata,dpkg:libavahi-common3:amd64,e1df7e7649ed71cb401f626aeb892ed363951074138edc12598548c7edb9aeaf,libc.so.6,,True
/usr/lib/x86_64-linux-gnu/liborc-test-0.4.so.0.42.0,dpkg package metadata,dpkg:liborc-0.4-0t64:amd64,cf383e31a7a014b04153261a70ef75d269268c9628474af8cd44d2af6118ae89,liborc-0.4.so.0;libm.so.6;libc.so.6,,True
/usr/lib/x86_64-linux-gnu/librtmp.so.1,dpkg package metadata,dpkg:librtmp1:amd64,fceac319eac32ab0d6e9d6d641f0abf2f4aa097aa1a1355ea9e7419e81d45b62,libgnutls.so.30;libhogweed.so.6;libnettle.so.8;libgmp.so.10;libz.so.1;libc.so.6,,True
/usr/lib/x86_64-linux-gnu/libabsl_examine_stack.so.20260107.0.0,dpkg package metadata,dpkg:libabsl20260107:amd64,87f4ce3c06ca40a99bbe110bba64a6bbffc1c9787eafe495b2326aa658606778,libabsl_stacktrace.so.20260107;libabsl_symbolize.so.20260107;libc.so.6,,True
/usr/lib/x86_64-linux-gnu/libdrm.so.2.131.0,dpkg package metadata,dpkg:libdrm2:amd64,c8be7d3863453898666977c12b0b392014a1c728d84215d885d574882d6e7b89,libc.so.6,,True
/usr/lib/x86_64-linux-gnu/libpsx.so.2.75,dpkg package metadata,dpkg:libcap2:amd64,1ad3d19878af2292a90917e6044695d7fcbaac1a314df53cef3bed43a8a557a5,libc.so.6,,True
/usr/lib/x86_64-linux-gnu/libxslt.so.1.1.45,dpkg package metadata,dpkg:libxslt1.1:amd64,9bcd8ca5d3ac056dae5cb0705f0252af5cb42f8bccc41d4ae9613384470fc237,libxml2.so.16;libm.so.6;libc.so.6,,True
/usr/lib/x86_64-linux-gnu/libeot.so.0.0.0,dpkg package metadata,dpkg:libeot0:amd64,b15bff07b24dcfb3878bffdcff2850bcd0808e8b801518211da8df820c9cf381,libc.so.6,,True
/usr/lib/x86_64-linux-gnu/libgstallocators-1.0.so.0.2802.0,dpkg package metadata,dpkg:libgstreamer-plugins-base1.0-0:amd64,f019f079c4c727687be02af4582ef55fd05b0099d8d1b0dbe6ca5bc053ac4482,libdrm.so.2;libgstreamer-1.0.so.0;libgobject-2.0.so.0;libglib-2.0.so.0;libc.so.6,,True
/usr/lib/x86_64-linux-gnu/libfreebl3.so,dpkg package metadata,dpkg:libnss3:amd64,75b437758c8eb3633b659a80dab7005791ac78de7bbb4241c750d2f21aec6d69,libc.so.6,,True
/usr/lib/x86_64-linux-gnu/libcap.so.2.75,dpkg package metadata,dpkg:libcap2:amd64,c5b463a8136dabb152bad8b04e89bf67bd2049ef49777ed0b96bdbc6cb5b9565,libc.so.6,,True
/usr/lib/x86_64-linux-gnu/libabsl_scoped_set_env.so.20260107.0.0,dpkg package metadata,dpkg:libabsl20260107:amd64,fb6d01662c0644de453bb7f0b49a1b825c2cb2190d0c0d05dad66507c98a4779,libstdc++.so.6;libgcc_s.so.1;libc.so.6,,True
/usr/lib/x86_64-linux-gnu/libabsl_int128.so.20260107.0.0,dpkg package metadata,dpkg:libabsl20260107:amd64,3d3118f9282fe0a8d9c1bfa4d3d3ac39cf3662e1bebee7951c37ca3bffeb0c13,libstdc++.so.6;libm.so.6;libgcc_s.so.1;libc.so.6,,True
/usr/lib/x86_64-linux-gnu/libnspr4.so,dpkg package metadata,dpkg:libnspr4:amd64,a10c172b4eecc3b7fd6a2fbca9d3c516e0d951dce21cc91d9fc4e1d68136f7d9,libc.so.6,,True
/usr/lib/x86_64-linux-gnu/libwps-0.4.so.4.0.14,dpkg package metadata,dpkg:libwps-0.4-4:amd64,598266c0cd679f07b5f5c0531b628383607b7fc193aaa92bbd121dc3cea6333f,librevenge-0.0.so.0;libstdc++.so.6;libm.so.6;libc.so.6;libgcc_s.so.1,,True
/usr/lib/x86_64-linux-gnu/libgobject-2.0.so.0.8800.0,dpkg package metadata,dpkg:libglib2.0-0t64:amd64,8137127af8315f304e7099591a37a5a922801aaa39e10dc03daaf3c725066975,libglib-2.0.so.0;libffi.so.8;libc.so.6,,True
/usr/lib/x86_64-linux-gnu/libabsl_cordz_functions.so.20260107.0.0,dpkg package metadata,dpkg:libabsl20260107:amd64,9860d264769cb154655a818b9a3bb218b1e1aa9d3ba0bfa5b9caf482386fa86b,libabsl_exponential_biased.so.20260107;ld-linux-x86-64.so.2,,True
/usr/lib/x86_64-linux-gnu/libXrandr.so.2.2.0,dpkg package metadata,dpkg:libxrandr2:amd64,de834ac7818cdfd326ddea6859781780a20397ff5877508c203eb07b694a412c,libXext.so.6;libXrender.so.1;libX11.so.6;libc.so.6,,True
/usr/lib/x86_64-linux-gnu/libgstpbutils-1.0.so.0.2802.0,dpkg package metadata,dpkg:libgstreamer-plugins-base1.0-0:amd64,a97639b0385aede61034fc8fd7af1f27f0caebfb1c18917ce0777c7f3a11f6b6,libgstvideo-1.0.so.0;libgstaudio-1.0.so.0;libgsttag-1.0.so.0;libgstreamer-1.0.so.0;libgobject-2.0.so.0;libglib-2.0.so.0;libgstbase-1.0.so.0;libc.so.6,,True
/usr/lib/x86_64-linux-gnu/libglib-2.0.so.0.8800.0,dpkg package metadata,dpkg:libglib2.0-0t64:amd64,3cc1aeae827f436a296ec488b80e6c45c150dccfb4525e7db275cc08772d322f,libatomic.so.1;libm.so.6;libpcre2-8.so.0;libc.so.6,,True
/usr/lib/x86_64-linux-gnu/libdbus-1.so.3.38.3,dpkg package metadata,dpkg:libdbus-1-3:amd64,bb0b37afa67c7b6d664ca189f63fb92e75a690a340c4c13a149cc4dfbd8249ff,libsystemd.so.0;libc.so.6,,True
/usr/lib/x86_64-linux-gnu/libidn2.so.0.4.0,dpkg package metadata,dpkg:libidn2-0:amd64,cdb48484c43a795c3722e286c31eb6238b4b7c3780043895dd9fa6b6041f78da,libunistring.so.5;libc.so.6,,True
/usr/lib/x86_64-linux-gnu/libXdmcp.so.6.0.0,dpkg package metadata,dpkg:libxdmcp6:amd64,24beecbb0faf600d1a646b5edfc8c144da6f2965cb427598f4e17edc1285a733,libc.so.6,,True
/usr/lib/x86_64-linux-gnu/libwpd-0.10.so.10.0.3,dpkg package metadata,dpkg:libwpd-0.10-10:amd64,28f9b5e2337b0618ec07a1705dad0f41cb751bf243aae93229dd8ba4105fdac1,librevenge-0.0.so.0;libstdc++.so.6;libc.so.6;libgcc_s.so.1,,True
/usr/lib/x86_64-linux-gnu/libabsl_utf8_for_code_point.so.20260107.0.0,dpkg package metadata,dpkg:libabsl20260107:amd64,cb3ae640776a118b700836d8fe03d1d55af6d7252cd1916a82c3013c9811f908,,,True
/usr/lib/x86_64-linux-gnu/libabsl_log_sink.so.20260107.0.0,dpkg package metadata,dpkg:libabsl20260107:amd64,3f06bdac55841c4e269ef2de400d622fe6188d8cf42a5c0cdffea58a2a8a585c,libstdc++.so.6,,True
/usr/lib/x86_64-linux-gnu/libabsl_crc_cord_state.so.20260107.0.0,dpkg package metadata,dpkg:libabsl20260107:amd64,f5d40e7674e97a2f084eb18fb24290d7d5914530b54b85d36ff48a21d3ac9088,libabsl_crc32c.so.20260107;libstdc++.so.6;libgcc_s.so.1;libc.so.6,,True
/usr/lib/x86_64-linux-gnu/libabsl_hash.so.20260107.0.0,dpkg package metadata,dpkg:libabsl20260107:amd64,1ca1ec494edbd769cee09ee113ce6216619f17f3c301b9a804868dfd679c6c76,libc.so.6,,True
/usr/lib/x86_64-linux-gnu/libabsl_log_internal_proto.so.20260107.0.0,dpkg package metadata,dpkg:libabsl20260107:amd64,86dba13854c14721a4b29bc7e17a7488b0f2cf8eb640f30c686522ee97884c97,libc.so.6,,True
/usr/lib/x86_64-linux-gnu/libabsl_graphcycles_internal.so.20260107.0.0,dpkg package metadata,dpkg:libabsl20260107:amd64,4a347ed733eeb4422595439631b0d1660714e0c30724fe210d9f0195e13e2138,libabsl_malloc_internal.so.20260107;libabsl_base.so.20260107;libabsl_raw_logging_internal.so.20260107;libstdc++.so.6;libgcc_s.so.1;libc.so.6,,True
/usr/lib/x86_64-linux-gnu/libabsl_raw_logging_internal.so.20260107.0.0,dpkg package metadata,dpkg:libabsl20260107:amd64,3db35e18961a86439b51d54e5f3f0f7bfae66adb68d4e1c27913d05dcd8bde0e,libc.so.6,,True
/usr/lib/x86_64-linux-gnu/libnssutil3.so,dpkg package metadata,dpkg:libnss3:amd64,c5310b79dcef4543180dbba99208713a4bc8776f67e18a23145e7d5be27a2eba,libplc4.so;libplds4.so;libnspr4.so;libc.so.6,,True
/usr/lib/x86_64-linux-gnu/libabsl_log_internal_log_sink_set.so.20260107.0.0,dpkg package metadata,dpkg:libabsl20260107:amd64,1a0e252c6f6b149bb4a43a995c54ac7537022391ca04cc466e9ac4e311f32b00,libabsl_log_internal_globals.so.20260107;libabsl_log_globals.so.20260107;libabsl_log_sink.so.20260107;libabsl_synchronization.so.20260107;libabsl_raw_logging_internal.so.20260107;libabsl_spinlock_wait.so.20260107;libstdc++.so.6;libgcc_s.so.1;libc.so.6;ld-linux-x86-64.so.2,,True
/usr/lib/x86_64-linux-gnu/libabsl_log_initialize.so.20260107.0.0,dpkg package metadata,dpkg:libabsl20260107:amd64,313e22d3fa7a891c3da27db8cc9e6d87129cb21485ab425cb6de182105ff13f2,libabsl_log_internal_globals.so.20260107;libabsl_time_zone.so.20260107,,True
/usr/lib/x86_64-linux-gnu/libabsl_flags_private_handle_accessor.so.20260107.0.0,dpkg package metadata,dpkg:libabsl20260107:amd64,70811ee394bb9d7e67dbc81c75e2f0bcc3d694439ca258a6711e04903f56e839,libc.so.6,,True
/usr/lib/x86_64-linux-gnu/libxcb-render.so.0.0.0,dpkg package metadata,dpkg:libxcb-render0:amd64,ee3c4a0893f4d944acbc83433234a97d94556e10c6a238e533f82b7a6bbe821b,libxcb.so.1;libc.so.6,,True
/usr/lib/x86_64-linux-gnu/libabsl_debugging_internal.so.20260107.0.0,dpkg package metadata,dpkg:libabsl20260107:amd64,c620c18356d8acd8e6b115f969378ee87a3987248115e73dc23080152fdef79d,libabsl_raw_logging_internal.so.20260107;libstdc++.so.6;libgcc_s.so.1;libc.so.6,,True
/usr/lib/x86_64-linux-gnu/libabsl_raw_hash_set.so.20260107.0.0,dpkg package metadata,dpkg:libabsl20260107:amd64,61095036e3dd038f2aed2581b4d51916c9f4a3e333112d7972dda4597fc733d9,libabsl_hashtablez_sampler.so.20260107;libabsl_hash.so.20260107;libabsl_raw_logging_internal.so.20260107;libstdc++.so.6;libc.so.6;ld-linux-x86-64.so.2,,True
/usr/lib/x86_64-linux-gnu/libabsl_random_internal_entropy_pool.so.20260107.0.0,dpkg package metadata,dpkg:libabsl20260107:amd64,4ac0e3a8c9b155e7c31722d78fe0b2c2ad39f62902c3ad6186cdeccedc3a496d,libabsl_random_internal_randen.so.20260107;libabsl_random_internal_seed_material.so.20260107;libabsl_random_seed_gen_exception.so.20260107;libabsl_random_internal_randen_hwaes_impl.so.20260107;libabsl_random_internal_randen_slow.so.20260107;libabsl_base.so.20260107;libabsl_raw_logging_internal.so.20260107;libabsl_spinlock_wait.so.20260107;libstdc++.so.6;libgcc_s.so.1;libc.so.6;ld-linux-x86-64.so.2,,True
/usr/lib/x86_64-linux-gnu/libabsl_random_seed_sequences.so.20260107.0.0,dpkg package metadata,dpkg:libabsl20260107:amd64,8086ef8f2b0db16442c328756e1dd0a86259d2fce5a95577ead6e7bbbd21a0d8,libabsl_random_internal_entropy_pool.so.20260107;libstdc++.so.6;libgcc_s.so.1;libc.so.6,,True
/usr/lib/x86_64-linux-gnu/libabsl_log_internal_format.so.20260107.0.0,dpkg package metadata,dpkg:libabsl20260107:amd64,ebf9e2cec3956ff4def484e0db074645919b7fb1e17143bfce85c5cb81f12962,libabsl_log_internal_globals.so.20260107;libabsl_time.so.20260107;libabsl_str_format_internal.so.20260107;libabsl_strings.so.20260107;libc.so.6,,True
/usr/lib/x86_64-linux-gnu/libe-book-0.1.so.1.0.3,dpkg package metadata,dpkg:libe-book-0.1-1:amd64,71152187e3fd5b7cc4deda44d5239f1eaa5a2249cc35c35299e5d8891f20787e,librevenge-0.0.so.0;libicui18n.so.78;libicuuc.so.78;libz.so.1;liblangtag.so.1;libxml2.so.16;libstdc++.so.6;libc.so.6;libgcc_s.so.1,,True
/usr/lib/x86_64-linux-gnu/libffi.so.8.2.0,dpkg package metadata,dpkg:libffi8:amd64,1a0dc86f787f73e025a6e521056360afcbe70f2a82cd808132fefc2b4ee95daa,libc.so.6,,True
/usr/lib/x86_64-linux-gnu/libsmime3.so,dpkg package metadata,dpkg:libnss3:amd64,cfc5ffe610d339f4ff9b4c5756ed84951db4b67e63a71e9b08eb205c2e1d02e3,libnss3.so;libnssutil3.so;libplc4.so;libplds4.so;libnspr4.so;libc.so.6,,True
/usr/lib/x86_64-linux-gnu/libraptor2.so.0.0.0,dpkg package metadata,dpkg:libraptor2-0:amd64,f3b59bdcd9c8e6e04a859d95fc8c06d95b28d548ceec53c42a2204932d4d0141,libcurl.so.4;libicuuc.so.78;libxslt.so.1;libxml2.so.16;libyajl.so.2;libc.so.6,,True
/usr/lib/x86_64-linux-gnu/libxcb.so.1.1.0,dpkg package metadata,dpkg:libxcb1:amd64,6af94be329e17e57f1cc0f5e4afb5bdfe669a5168accdc31b03274110b937b41,libXau.so.6;libXdmcp.so.6;libc.so.6,,True
/usr/lib/x86_64-linux-gnu/libfreehand-0.1.so.1.0.2,dpkg package metadata,dpkg:libfreehand-0.1-1,33facb78d5397464da5b84a26ac54f776ff9529684f0abcb09d5c4030dd06bfb,librevenge-0.0.so.0;libz.so.1;liblcms2.so.2;libstdc++.so.6;libm.so.6;libc.so.6;libgcc_s.so.1,,True
/usr/lib/x86_64-linux-gnu/libicui18n.so.78.2,dpkg package metadata,dpkg:libicu78:amd64,14b42ecb935cb21758a24a61052e7b4cd410553e4deae37736cd8c748a1511f4,libicuuc.so.78;libstdc++.so.6;libm.so.6;libgcc_s.so.1;libc.so.6,,True
/usr/lib/x86_64-linux-gnu/libcurl.so.4.8.0,dpkg package metadata,dpkg:libcurl4t64:amd64,c0a7d5d3ac2c93810d9af855dee4fdd0d8f210cda11b9c74e15ab6c33fa5efec,libnghttp2.so.14;libidn2.so.0;librtmp.so.1;libldap.so.2;liblber.so.2;libssh2.so.1;libpsl.so.5;libssl.so.3;libcrypto.so.3;libgssapi_krb5.so.2;libzstd.so.1;libbrotlidec.so.1;libz.so.1;libc.so.6,,True
/usr/lib/x86_64-linux-gnu/libepubgen-0.1.so.1.0.1,dpkg package metadata,dpkg:libepubgen-0.1-1:amd64,47db7ffac568415bf461cfacd46ec5fc5e72cd4734e1a8bb9fbabeb1be5d2efb,librevenge-0.0.so.0;libstdc++.so.6;libm.so.6;libc.so.6;libgcc_s.so.1,,True
/usr/lib/x86_64-linux-gnu/libabsl_status.so.20260107.0.0,dpkg package metadata,dpkg:libabsl20260107:amd64,b96cfe7f26cc85b8153528390e10ba88fe56e25a2d0ffdfbf12c7758e957eae3,libabsl_cord.so.20260107;libabsl_leak_check.so.20260107;libabsl_strerror.so.20260107;libabsl_cordz_info.so.20260107;libabsl_strings.so.20260107;libstdc++.so.6;libgcc_s.so.1;libc.so.6,,True
/usr/lib/x86_64-linux-gnu/libabsl_random_internal_distribution_test_util.so.20260107.0.0,dpkg package metadata,dpkg:libabsl20260107:amd64,8acdc9ae49b9b8d87ce1e5a01d893c5ee38a96a1f16702e3e366951d10a3a0e0,libabsl_str_format_internal.so.20260107;libabsl_strings.so.20260107;libabsl_raw_logging_internal.so.20260107;libstdc++.so.6;libm.so.6;libgcc_s.so.1;libc.so.6,,True
/usr/lib/x86_64-linux-gnu/libpixman-1.so.0.46.4,dpkg package metadata,dpkg:libpixman-1-0:amd64,8740b21b15423da495da1c89e83d0fb64ca871bd4da47341d0422d7afb3b25e3,libm.so.6;libc.so.6;ld-linux-x86-64.so.2,,True
/usr/lib/x86_64-linux-gnu/libsharpyuv.so.0.1.1,dpkg package metadata,dpkg:libsharpyuv0:amd64,fced0bf76ec62fcce9b2cea1a91a9c61fbf6828e9e66b194cc6d779798907ff2,libm.so.6;libc.so.6,,True
/usr/lib/x86_64-linux-gnu/libabsl_demangle_rust.so.20260107.0.0,dpkg package metadata,dpkg:libabsl20260107:amd64,d0a57d28574719449fbc19ac5d6d5c35c0fd8e686289b74619ca2a01ac20ec25,libabsl_decode_rust_punycode.so.20260107;libc.so.6,,True
/usr/lib/x86_64-linux-gnu/librevenge-0.0.so.0.0.5,dpkg package metadata,dpkg:librevenge-0.0-0:amd64,5b7dd848e7549e0f77a7cf1546d6ef4433c30b17f34b890236b7a1cee0b55cf2,libstdc++.so.6;libc.so.6;libgcc_s.so.1,,True
/usr/lib/x86_64-linux-gnu/libclucene-contribs-lib.so.2.3.3.4,dpkg package metadata,dpkg:libclucene-contribs1t64:amd64,979be3e6daa1fee1307d980fc5e7c9c056230cfbafee2c49f04fa19b799e5b18,libclucene-core.so.1;libclucene-shared.so.1;libz.so.1;libstdc++.so.6;libm.so.6;libgcc_s.so.1;libc.so.6,,True
/usr/lib/x86_64-linux-gnu/libodfgen-0.1.so.1.0.8,dpkg package metadata,dpkg:libodfgen-0.1-1:amd64,2e14c86e48361844b8aad2b99f5181748b21242542ae53cd9770a3027a1eb6d2,librevenge-0.0.so.0;libxml2.so.16;libstdc++.so.6;libm.so.6;libc.so.6;libgcc_s.so.1,,True
/usr/lib/x86_64-linux-gnu/libabsl_flags_commandlineflag_internal.so.20260107.0.0,dpkg package metadata,dpkg:libabsl20260107:amd64,7591b1ab87f93da42e9631590bc1ac0d9ba64f9d0c302da1eb14d0790fc627d1,libstdc++.so.6,,True
/usr/lib/x86_64-linux-gnu/librasqal.so.3.0.0,dpkg package metadata,dpkg:librasqal3t64:amd64,f86ccebf8969592bde82a6a67937e5d9aed4c5fb32e8b96eca4400c02cd9bfa2,libraptor2.so.0;libmhash.so.2;libm.so.6;libgmp.so.10;libc.so.6,,True
/usr/lib/x86_64-linux-gnu/libXinerama.so.1.0.0,dpkg package metadata,dpkg:libxinerama1:amd64,a8af5dca7e30f9b8e949afb5afe8aee91e4d561602feb930efe010df949a47cc,libX11.so.6;libXext.so.6;libc.so.6,,True
/usr/lib/x86_64-linux-gnu/libabw-0.1.so.1.0.3,dpkg package metadata,dpkg:libabw-0.1-1:amd64,308dbc7eb012b2776a9887908fd8d8b95598379ab687ccf1326356fccc5f925c,librevenge-0.0.so.0;libxml2.so.16;libz.so.1;libstdc++.so.6;libc.so.6;libgcc_s.so.1,,True
/usr/lib/x86_64-linux-gnu/libclucene-shared.so.2.3.3.4,dpkg package metadata,dpkg:libclucene-core1t64:amd64,24ddd08e052562ba2bbc958be4f53cbc74e85b2b6c536371048b4e52602a5e3a,libz.so.1;libstdc++.so.6;libm.so.6;libgcc_s.so.1;libc.so.6,,True
/usr/lib/x86_64-linux-gnu/libcurl-gnutls.so.4.8.0,dpkg package metadata,dpkg:libcurl3t64-gnutls:amd64,3c2a221cca206fdc9f950799d4dfce8b3408a69b280caae9455f182fe957403d,libnghttp2.so.14;libidn2.so.0;librtmp.so.1;libldap.so.2;liblber.so.2;libssh2.so.1;libpsl.so.5;libnettle.so.8;libgnutls.so.30;libgssapi_krb5.so.2;libzstd.so.1;libbrotlidec.so.1;libz.so.1;libc.so.6,,True
/usr/lib/x86_64-linux-gnu/libabsl_tracing_internal.so.20260107.0.0,dpkg package metadata,dpkg:libabsl20260107:amd64,03dc8fed5e4a2cc3fcc34ebc07719c410367059bfdfb77ed29479fa1526aa342,,,True
/usr/lib/x86_64-linux-gnu/libdconf.so.1.0.0,dpkg package metadata,dpkg:libdconf1:amd64,f7d783a261f160e76ec513c939a2d7a143788daa1319715354c2b1048f726fe5,libglib-2.0.so.0;libgio-2.0.so.0;libgobject-2.0.so.0;libc.so.6,,True
/usr/lib/x86_64-linux-gnu/libboost_locale.so.1.90.0,dpkg package metadata,dpkg:libboost-locale1.90.0:amd64,2c37910f599ab79bdaee82840a4b55a2c721d6a59819e01241ce5cc729fbc93c,libboost_thread.so.1.90.0;libicui18n.so.78;libicuuc.so.78;libstdc++.so.6;libm.so.6;libgcc_s.so.1;libc.so.6,,True
/usr/lib/x86_64-linux-gnu/libreadline.so.8.3,dpkg package metadata,dpkg:libreadline8t64:amd64,d2e865b97bc4631f9eec46a202d69f5407695734a3bbaeb8c838a93d1bfe5902,libtinfo.so.6;libc.so.6,,True
/usr/lib/x86_64-linux-gnu/libfreeblpriv3.so,dpkg package metadata,dpkg:libnss3:amd64,6e5d53e252ceacb77c737b2f22aaade6725b075b086f66c9ea255acf68c5c24f,libc.so.6,,True
/usr/lib/x86_64-linux-gnu/libabsl_crc_cpu_detect.so.20260107.0.0,dpkg package metadata,dpkg:libabsl20260107:amd64,e8c5e08e85019cf3611b897d359cbcfeec23c1f5dc5a9c9fbbe5e159d42e1fb2,libstdc++.so.6;libgcc_s.so.1;libc.so.6,,True
/usr/lib/x86_64-linux-gnu/libgraphite2.so.3.2.1,dpkg package metadata,dpkg:libgraphite2-3:amd64,3f1376e8965733a4d31386d5de99c829b7704beba3b07987da9220d53f192da2,libc.so.6,,True
/usr/lib/x86_64-linux-gnu/libabsl_strerror.so.20260107.0.0,dpkg package metadata,dpkg:libabsl20260107:amd64,4e75d4bf0cbd25e3a2023e474aecd4e8f43d79f6942fdf2c2aecd0ef756a5205,libstdc++.so.6;libgcc_s.so.1;libc.so.6,,True
/usr/lib/x86_64-linux-gnu/libabsl_flags_parse.so.20260107.0.0,dpkg package metadata,dpkg:libabsl20260107:amd64,9de7a66cbec90d7f87ac7b4b92fb080c2d4a2cb05ea11bd878bed7d88f6a8630,libabsl_flags_usage.so.20260107;libabsl_flags_usage_internal.so.20260107;libabsl_flags_internal.so.20260107;libabsl_flags_marshalling.so.20260107;libabsl_flags_reflection.so.20260107;libabsl_flags_config.so.20260107;libabsl_flags_program_name.so.20260107;libabsl_flags_private_handle_accessor.so.20260107;libabsl_synchronization.so.20260107;libabsl_strings.so.20260107;libabsl_raw_logging_internal.so.20260107;libstdc++.so.6;libgcc_s.so.1;libc.so.6,,True
/usr/lib/x86_64-linux-gnu/libabsl_log_internal_structured_proto.so.20260107.0.0,dpkg package metadata,dpkg:libabsl20260107:amd64,783642d06c255863bb356c71f285427ecbba9dde84ad4d9535a5b0e4e480d42d,libabsl_log_internal_proto.so.20260107,,True
/usr/lib/x86_64-linux-gnu/librevenge-generators-0.0.so.0.0.5,dpkg package metadata,dpkg:librevenge-0.0-0:amd64,88d91e065ca3d0737f8903000c9dbca4b16afe9feb11fd94342cc484aae422fe,librevenge-0.0.so.0;libstdc++.so.6;libc.so.6;libgcc_s.so.1,,True
/usr/lib/x86_64-linux-gnu/libgstfft-1.0.so.0.2802.0,dpkg package metadata,dpkg:libgstreamer-plugins-base1.0-0:amd64,4089877bc192691391589c7755870b1d4246d4b0720881f59eedc79c3d1e8d52,libglib-2.0.so.0;libm.so.6;libc.so.6,,True
/usr/lib/x86_64-linux-gnu/libgstrtp-1.0.so.0.2802.0,dpkg package metadata,dpkg:libgstreamer-plugins-base1.0-0:amd64,e3df04435b3c15d2a1047a92a82a6cd37cc1ec2730a08f664e0b4ba3fcb27325,libgstbase-1.0.so.0;libgstreamer-1.0.so.0;libgobject-2.0.so.0;libglib-2.0.so.0;libc.so.6,,True
/usr/lib/x86_64-linux-gnu/libharfbuzz-icu.so.0.61232.0,dpkg package metadata,dpkg:libharfbuzz-icu0:amd64,93ea46d00cd81d5b6dc8f2d001325593001ee0c2907419b9a24c2a8cbd88ea25,libharfbuzz.so.0;libicuuc.so.78;libc.so.6,,True
/usr/lib/x86_64-linux-gnu/libabsl_random_internal_seed_material.so.20260107.0.0,dpkg package metadata,dpkg:libabsl20260107:amd64,b3e4fc794d77379c35bbe7f2f48bdcf34369d5e2615233c0a83e7429a0c1ce27,libabsl_raw_logging_internal.so.20260107;libstdc++.so.6;libgcc_s.so.1;libc.so.6,,True
/usr/lib/x86_64-linux-gnu/libabsl_time.so.20260107.0.0,dpkg package metadata,dpkg:libabsl20260107:amd64,6450ae084119ff567379aa5af8f8a0ba59328704ce95c3fe92b13313ea1661ea,libabsl_strings.so.20260107;libabsl_time_zone.so.20260107;libabsl_raw_logging_internal.so.20260107;libstdc++.so.6;libm.so.6;libgcc_s.so.1;libc.so.6,,True
/usr/lib/x86_64-linux-gnu/libabsl_log_severity.so.20260107.0.0,dpkg package metadata,dpkg:libabsl20260107:amd64,9d61d4758de0e156d0a89fb6e8b1a74d48226cad29cbefc0384656fe95677684,libstdc++.so.6,,True
/usr/lib/x86_64-linux-gnu/libicuuc.so.78.2,dpkg package metadata,dpkg:libicu78:amd64,1eb54ce8839e953fbaa755522f3488039d879be3a61b272df3cabd6c00f08d2d,libicudata.so.78;libstdc++.so.6;libm.so.6;libgcc_s.so.1;libc.so.6;ld-linux-x86-64.so.2,,True
/usr/lib/x86_64-linux-gnu/libhyphen.so.0.3.0,dpkg package metadata,dpkg:libhyphen0:amd64,9d16220a139ea30f8b8dd41887b38dd67d35bb409241efe359d5909995c6270c,libc.so.6,,True
/usr/lib/x86_64-linux-gnu/libabsl_cord.so.20260107.0.0,dpkg package metadata,dpkg:libabsl20260107:amd64,32a809515283e4ae72c11dc11682c8a10f51a7645dd1793362bc5a032a796331,libabsl_cordz_info.so.20260107;libabsl_cord_internal.so.20260107;libabsl_crc_cord_state.so.20260107;libabsl_str_format_internal.so.20260107;libabsl_cordz_functions.so.20260107;libabsl_synchronization.so.20260107;libabsl_strings.so.20260107;libabsl_throw_delegate.so.20260107;libabsl_raw_logging_internal.so.20260107;libstdc++.so.6;libgcc_s.so.1;libc.so.6;ld-linux-x86-64.so.2,,True
/usr/lib/x86_64-linux-gnu/libsqlite3.so.0.8.6,dpkg package metadata,dpkg:libsqlite3-0:amd64,4633a4be13fdf05cb0f859e04fb06077a1fe30a90e405721a23873bd1f3d88a8,libm.so.6;libc.so.6,,True
/usr/lib/x86_64-linux-gnu/libgthread-2.0.so.0.8800.0,dpkg package metadata,dpkg:libglib2.0-0t64:amd64,89e059588d075e57f11c6dc52520106a130fdd7d917fecb15fdc3fdb45e545aa,libglib-2.0.so.0;libc.so.6,,True
/usr/lib/x86_64-linux-gnu/libabsl_random_seed_gen_exception.so.20260107.0.0,dpkg package metadata,dpkg:libabsl20260107:amd64,de5e83b3a50711a69e3e372a9538483536e4bdc07ed997f895adda29edafffb9,libstdc++.so.6,,True
/usr/lib/x86_64-linux-gnu/libabsl_log_flags.so.20260107.0.0,dpkg package metadata,dpkg:libabsl20260107:amd64,98548101902cacb7083f2a01a89ee9377335308631cb31213fd611359b712a80,libabsl_log_globals.so.20260107;libabsl_vlog_config_internal.so.20260107;libabsl_flags_internal.so.20260107;libabsl_flags_marshalling.so.20260107;libabsl_flags_reflection.so.20260107;libabsl_strings.so.20260107;libstdc++.so.6;libgcc_s.so.1;libc.so.6,,True
/usr/lib/x86_64-linux-gnu/libexttextcat-2.0.so.0.0.0,dpkg package metadata,dpkg:libexttextcat-2.0-0:amd64,069ec3ff13fb86766a8e015100b370beb46a16f6c17fbac107c0426fb7813f08,libc.so.6,,True
/usr/lib/x86_64-linux-gnu/libssl3.so,dpkg package metadata,dpkg:libnss3:amd64,86422c71b845e5352ce7946b9985fd1c5cb8a44a0fae30086050cfaef7535e83,libnss3.so;libnssutil3.so;libplc4.so;libnspr4.so;libc.so.6,,True
/usr/lib/x86_64-linux-gnu/libabsl_random_internal_randen.so.20260107.0.0,dpkg package metadata,dpkg:libabsl20260107:amd64,1de42b70258cea765f4f70580e5bf827a6c34268bf741fd515088e8100d46362,libabsl_random_internal_randen_hwaes.so.20260107;libabsl_random_internal_randen_slow.so.20260107;libabsl_random_internal_randen_hwaes_impl.so.20260107;libstdc++.so.6;libgcc_s.so.1,,True
/usr/lib/x86_64-linux-gnu/libpsl.so.5.3.4,dpkg package metadata,dpkg:libpsl5t64:amd64,18d125c725a498d66f971ceb60bfc7cf660f6a0149b54e5caa3f4651c3d2b3c6,libunistring.so.5;libidn2.so.0;libc.so.6,,True
/usr/lib/x86_64-linux-gnu/libharfbuzz.so.0.61232.0,dpkg package metadata,dpkg:libharfbuzz0b:amd64,b330ca2b82b22fbce5e1a15dabfeffdd97e9976c3a3e48a2696628bfd34526d5,libm.so.6;libfreetype.so.6;libglib-2.0.so.0;libgraphite2.so.3;libc.so.6,,True
/usr/lib/x86_64-linux-gnu/libabsl_profile_builder.so.20260107.0.0,dpkg package metadata,dpkg:libabsl20260107:amd64,78c06f6ebc1c68cce0fe6543a956449201335ccd827ceb383747df1a9e8ef055,libabsl_raw_hash_set.so.20260107;libabsl_hash.so.20260107;libabsl_str_format_internal.so.20260107;libabsl_strings.so.20260107;libabsl_raw_logging_internal.so.20260107;libstdc++.so.6;libgcc_s.so.1;libc.so.6,,True
/usr/lib/x86_64-linux-gnu/liborc-0.4.so.0.42.0,dpkg package metadata,dpkg:liborc-0.4-0t64:amd64,b7d5b4a3c00708c00c7ce89d52e3da4bd8b5354139cd8a003035c7b4eb472767,libm.so.6;libc.so.6,,True
/usr/lib/x86_64-linux-gnu/libexslt.so.0.8.25,dpkg package metadata,dpkg:libxslt1.1:amd64,ec1bb1eb801b1d0f9234d8c85924bb56ea1b15f607d18d874485a6033f33786e,libxslt.so.1;libxml2.so.16;libgcrypt.so.20;libm.so.6;libc.so.6,,True
/usr/lib/x86_64-linux-gnu/libabsl_failure_signal_handler.so.20260107.0.0,dpkg package metadata,dpkg:libabsl20260107:amd64,c5f552ee251e6fa08d492db9aae4b6d27855a8650eba5f6c1e2ae65fe81c160e,libabsl_examine_stack.so.20260107;libabsl_stacktrace.so.20260107;libabsl_base.so.20260107;libabsl_raw_logging_internal.so.20260107;libstdc++.so.6;libgcc_s.so.1;libc.so.6,,True
/usr/lib/x86_64-linux-gnu/libabsl_throw_delegate.so.20260107.0.0,dpkg package metadata,dpkg:libabsl20260107:amd64,efabdd63835b55c29a5e8b67d922730e189103c364fccb62494691ba9ca33cf8,libstdc++.so.6;libgcc_s.so.1,,True
/usr/lib/x86_64-linux-gnu/libabsl_log_internal_nullguard.so.20260107.0.0,dpkg package metadata,dpkg:libabsl20260107:amd64,5e51e350e0b4f5a7010ecd26b93e7609175e911942540b8d72a1af3efe89f803,,,True
/usr/lib/x86_64-linux-gnu/libicuio.so.78.2,dpkg package metadata,dpkg:libicu78:amd64,9aebfed0ed471decb3ead6453007831ce4bce661a98e56044443e10df69a1727,libicuuc.so.78;libicui18n.so.78;libstdc++.so.6;libgcc_s.so.1;libc.so.6,,True
/usr/lib/x86_64-linux-gnu/libetonyek-0.1.so.1.0.13,dpkg package metadata,dpkg:libetonyek-0.1-1:amd64,7a50371e205ae384ef7be78aa9c386b2f71d17ea4d2207205e86095ce2e99f3a,librevenge-0.0.so.0;liblangtag.so.1;libxml2.so.16;libz.so.1;libstdc++.so.6;libm.so.6;libc.so.6;libgcc_s.so.1,,True
/usr/lib/x86_64-linux-gnu/libabsl_exponential_biased.so.20260107.0.0,dpkg package metadata,dpkg:libabsl20260107:amd64,222adad5db288cbb5a715878fc97b5db8ef7ce721883eaaf12e55af667530845,libm.so.6,,True
/usr/lib/x86_64-linux-gnu/libgpgmepp.so.7.0.0,dpkg package metadata,dpkg:libgpgmepp7:amd64,79d799f07547309334a48360a4344cd6e570068d0f2eec6f88c1209facc9448b,libgpgme.so.45;libstdc++.so.6;libgcc_s.so.1;libc.so.6,,True
/usr/lib/x86_64-linux-gnu/libnss3.so,dpkg package metadata,dpkg:libnss3:amd64,47020dd56996a8161b839512dbc7ffc361c9473988c8f22f17208b85598f7219,libnssutil3.so;libplc4.so;libplds4.so;libnspr4.so;libc.so.6,,True
/usr/lib/x86_64-linux-gnu/libabsl_generic_printer_internal.so.20260107.0.0,dpkg package metadata,dpkg:libabsl20260107:amd64,66e0ac11e6c0efa72538dcd36b454d6359110e21853ab6a78fe2737a1ea8a45c,libabsl_str_format_internal.so.20260107;libabsl_strings.so.20260107;libstdc++.so.6;libgcc_s.so.1;libc.so.6,,True
/usr/lib/x86_64-linux-gnu/libabsl_log_internal_globals.so.20260107.0.0,dpkg package metadata,dpkg:libabsl20260107:amd64,14a12176905270fc277759640260624093d51b8e5229446db95b3fdf8cce09c8,libabsl_raw_logging_internal.so.20260107;libstdc++.so.6;libc.so.6,,True
/usr/lib/x86_64-linux-gnu/libssh2.so.1.0.1,dpkg package metadata,dpkg:libssh2-1t64:amd64,34287a1e8942e6fdf1c154e8c615a8dab7a69dc6a4e8d76913afb323fdc6fd6f,libcrypto.so.3;libz.so.1;libc.so.6,,True
/usr/lib/x86_64-linux-gnu/libabsl_spinlock_wait.so.20260107.0.0,dpkg package metadata,dpkg:libabsl20260107:amd64,a6977deec0acf4d805663b371b17ec79373d18026067e3a56e74d4bf6f5f73a1,libc.so.6,,True
/usr/lib/x86_64-linux-gnu/libgio-2.0.so.0.8800.0,dpkg package metadata,dpkg:libglib2.0-0t64:amd64,015bde05a0741bbc56b5af15f87eac3eb6e25767c69d8a499686a533b69a35d4,libglib-2.0.so.0;libgobject-2.0.so.0;libgmodule-2.0.so.0;libz.so.1;libmount.so.1;libselinux.so.1;libc.so.6,,True
/usr/lib/x86_64-linux-gnu/libabsl_cordz_handle.so.20260107.0.0,dpkg package metadata,dpkg:libabsl20260107:amd64,2576d1fbef6aa48201cbb44a9b2d9bc4260eb768c7c4cf7d1d3e1880c332dc9c,libabsl_synchronization.so.20260107;libstdc++.so.6;libgcc_s.so.1;libc.so.6,,True
/usr/lib/x86_64-linux-gnu/libXau.so.6.0.0,dpkg package metadata,dpkg:libxau6:amd64,2b742de65acd00f154ed156720af66c0c0af9a58360ba041f25a41e2f775fab5,libc.so.6,,True
/usr/lib/x86_64-linux-gnu/libgstsdp-1.0.so.0.2802.0,dpkg package metadata,dpkg:libgstreamer-plugins-base1.0-0:amd64,d4df1eb222584713b0274bf5bbc2e9882da1302449ade62168c26af3a70d1670,libgstrtp-1.0.so.0;libgstpbutils-1.0.so.0;libgstreamer-1.0.so.0;libgobject-2.0.so.0;libglib-2.0.so.0;libgio-2.0.so.0;libc.so.6,,True
/usr/lib/x86_64-linux-gnu/libplc4.so,dpkg package metadata,dpkg:libnspr4:amd64,7ea65b5a584b357bf118bd86f465cff4b694b392dd80b3ace736b70bcae445ea,libnspr4.so;libc.so.6,,True
/usr/lib/x86_64-linux-gnu/libabsl_periodic_sampler.so.20260107.0.0,dpkg package metadata,dpkg:libabsl20260107:amd64,2640ec0184275b5078aab5da48f25c957458792fa6a74c53bd650ddc6920dcbb,libabsl_exponential_biased.so.20260107;libstdc++.so.6,,True
/usr/lib/x86_64-linux-gnu/libabsl_kernel_timeout_internal.so.20260107.0.0,dpkg package metadata,dpkg:libabsl20260107:amd64,a9c8c0a03cccdc1d0288982142cbb83f7fbcdf5567db1164429fd1244eec387b,libabsl_time.so.20260107;libabsl_raw_logging_internal.so.20260107;libstdc++.so.6;libc.so.6,,True
/usr/lib/x86_64-linux-gnu/libabsl_synchronization.so.20260107.0.0,dpkg package metadata,dpkg:libabsl20260107:amd64,9dac16510a9ee4784837e089f489a31a5f1ceffa9683aef9a0a8ae97a526781b,libabsl_graphcycles_internal.so.20260107;libabsl_kernel_timeout_internal.so.20260107;libabsl_stacktrace.so.20260107;libabsl_symbolize.so.20260107;libabsl_time.so.20260107;libabsl_tracing_internal.so.20260107;libabsl_malloc_internal.so.20260107;libabsl_base.so.20260107;libabsl_raw_logging_internal.so.20260107;libabsl_spinlock_wait.so.20260107;libstdc++.so.6;libgcc_s.so.1;libc.so.6,,True
/usr/lib/x86_64-linux-gnu/libk5crypto.so.3.1,dpkg package metadata,dpkg:libk5crypto3:amd64,ee77156da39841edfaa7c5fcdca4cf98ae34d60323095617b484188a4d9965e3,libkrb5support.so.0;libc.so.6,,True
/usr/lib/x86_64-linux-gnu/liblangtag.so.1.4.2,dpkg package metadata,dpkg:liblangtag1:amd64,73cd2f2e0cc22c9ab4f64c03fb74e61a3a9646f95eb70bd950e66a968233426e,libxml2.so.16;libc.so.6,,True
/usr/lib/x86_64-linux-gnu/libabsl_time_zone.so.20260107.0.0,dpkg package metadata,dpkg:libabsl20260107:amd64,d158079a85c00390b761c79b9f39a99ed2b8ed26fdb791a2045776203f936fef,libstdc++.so.6;libgcc_s.so.1;libc.so.6,,True
/usr/lib/x86_64-linux-gnu/libabsl_poison.so.20260107.0.0,dpkg package metadata,dpkg:libabsl20260107:amd64,e2b917b8e135262a1d70be5af1a3c17ee5f9501013dfd33a720c6693efb0694c,libc.so.6,,True
/usr/lib/x86_64-linux-gnu/libabsl_base.so.20260107.0.0,dpkg package metadata,dpkg:libabsl20260107:amd64,e6c1071d6e41d79b7ae82ec52c22b838f68f8d14bf2f5d81dd306eea8445e69d,libabsl_raw_logging_internal.so.20260107;libabsl_spinlock_wait.so.20260107;libstdc++.so.6;libgcc_s.so.1;libc.so.6;ld-linux-x86-64.so.2,,True
/usr/lib/x86_64-linux-gnu/libgstriff-1.0.so.0.2802.0,dpkg package metadata,dpkg:libgstreamer-plugins-base1.0-0:amd64,1948b648ea1eb84e534ff61b3e6091af8b27ff909b95acbb3ff09b1ca3a3b5f6,libgstaudio-1.0.so.0;libgsttag-1.0.so.0;libgstreamer-1.0.so.0;libgobject-2.0.so.0;libglib-2.0.so.0;libc.so.6,,True
/usr/lib/x86_64-linux-gnu/libabsl_str_format_internal.so.20260107.0.0,dpkg package metadata,dpkg:libabsl20260107:amd64,5fff58910be3e8396f3249185673df00552ab6b8b19663eb25a9570be7ecdb65,libabsl_strings.so.20260107;libabsl_int128.so.20260107;libabsl_strings_internal.so.20260107;libstdc++.so.6;libm.so.6;libgcc_s.so.1;libc.so.6,,True
/usr/lib/x86_64-linux-gnu/liborcus-parser-0.21.so.0.0.0,dpkg package metadata,dpkg:liborcus-parser-0.21-0:amd64,70a5dcc6517899b0bc23a6e8d3b388c8b2c7915642bfc875c2f1cc73aad8bb5f,libz.so.1;libstdc++.so.6;libm.so.6;libc.so.6;libgcc_s.so.1,,True
/usr/lib/x86_64-linux-gnu/libabsl_flags_marshalling.so.20260107.0.0,dpkg package metadata,dpkg:libabsl20260107:amd64,067c5517c16545f6a7be115f4dae985b7e185f30f82fde9c530e1607f66c5352,libabsl_str_format_internal.so.20260107;libabsl_strings.so.20260107;libabsl_int128.so.20260107;libstdc++.so.6;libgcc_s.so.1;libc.so.6,,True
/usr/lib/x86_64-linux-gnu/libgdbm.so.6.0.0,dpkg package metadata,dpkg:libgdbm6t64:amd64,f761c391c1c84e3d9e534533cbf8a78d315613e614c349043a3b40b1c8f9bf7e,libc.so.6;ld-linux-x86-64.so.2,,True
/usr/lib/x86_64-linux-gnu/libabsl_civil_time.so.20260107.0.0,dpkg package metadata,dpkg:libabsl20260107:amd64,0444c4bb1f96fac50794e81c2550a3ef1d0e6beb8d816e7dab885c52c7b25350,libstdc++.so.6;libgcc_s.so.1;libc.so.6,,True
/usr/lib/x86_64-linux-gnu/libx264.so.165,dpkg package metadata,dpkg:libx264-165:amd64,5331dc304a788428ab86c6f1130e8e61d23e65fb06c62fb7acf6ba2b3a540f8f,libm.so.6;libc.so.6,,True
/usr/lib/x86_64-linux-gnu/libplds4.so,dpkg package metadata,dpkg:libnspr4:amd64,e716d44af5086d565d644a1fbf31d51fcac629e7dd3794eaa8e7d5779150218d,libnspr4.so;libc.so.6,,True
/usr/lib/x86_64-linux-gnu/libabsl_log_internal_fnmatch.so.20260107.0.0,dpkg package metadata,dpkg:libabsl20260107:amd64,e2fd4133098622a8659b5290f31cae675830c8ab1e7a415d06f5f264e2b5d545,libc.so.6,,True
/usr/lib/x86_64-linux-gnu/libyajl.so.2.1.0,dpkg package metadata,dpkg:libyajl2:amd64,c54f554ef49cc941d85d56714930d06f39e44bb8968cecb2ee52503c834df04d,libc.so.6,,True
/usr/lib/x86_64-linux-gnu/libnssckbi.so,dpkg package metadata,dpkg:libnss3:amd64,23f144640bffd19ea615501a2d439cfc86df07f704221c9eb79bbb26a7d4fcd5,libplc4.so;libplds4.so;libnspr4.so;libc.so.6,,True
/usr/lib/x86_64-linux-gnu/libabsl_random_internal_platform.so.20260107.0.0,dpkg package metadata,dpkg:libabsl20260107:amd64,f730db53510f7a381c3ad60177247d8e83e64293554077feaf560f64e0e5b551,,,True
/usr/lib/x86_64-linux-gnu/libgnutls.so.30.41.1,dpkg package metadata,dpkg:libgnutls30t64:amd64,ebcc6a4dfae904dc956feb61cef5c36917cf36c19c5718d3c2be7e377ac65d27,libp11-kit.so.0;libidn2.so.0;libunistring.so.5;libtasn1.so.6;libhogweed.so.6;libnettle.so.8;libgmp.so.10;libc.so.6;ld-linux-x86-64.so.2,,True
/usr/lib/x86_64-linux-gnu/libICE.so.6.3.0,dpkg package metadata,dpkg:libice6:amd64,ef725678dc6a8ddd8d5c6d30d1a2972060541f487b739363d6ba389cb5224f85,libc.so.6,,True
/usr/lib/x86_64-linux-gnu/libXext.so.6.4.0,dpkg package metadata,dpkg:libxext6:amd64,9e358938dc783704b75a8a27f07b9a2cc7dfb7ff73fd05cbcfe634b8c2afc74a,libX11.so.6;libc.so.6,,True
/usr/lib/x86_64-linux-gnu/libgstapp-1.0.so.0.2802.0,dpkg package metadata,dpkg:libgstreamer-plugins-base1.0-0:amd64,bed625de64858c2b40fe0a2d96935cc9da3a0f4010e07ebbed13e22a219f8deb,libgstbase-1.0.so.0;libgstreamer-1.0.so.0;libgobject-2.0.so.0;libglib-2.0.so.0;libc.so.6,,True
/usr/lib/x86_64-linux-gnu/libhogweed.so.6.11,dpkg package metadata,dpkg:libhogweed6t64:amd64,67bdc12f1ffe643142d5e185a6a8f654fd38cd14e77bae68201cf9aa71b00b61,libnettle.so.8;libgmp.so.10;libc.so.6,,True
/usr/lib/x86_64-linux-gnu/libabsl_borrowed_fixup_buffer.so.20260107.0.0,dpkg package metadata,dpkg:libabsl20260107:amd64,ff7c32a1f1c4452c98b3f2b0949c83aeb603f711c1c673c37844712fbd857348,libabsl_hash.so.20260107;libabsl_malloc_internal.so.20260107;libstdc++.so.6;libc.so.6,,True
/usr/lib/x86_64-linux-gnu/libclucene-core.so.2.3.3.4,dpkg package metadata,dpkg:libclucene-core1t64:amd64,106f3746a282391a5e2b61a46bb32ecede36264fe83b9074e2ffe7137733e1ea,libclucene-shared.so.1;libstdc++.so.6;libm.so.6;libgcc_s.so.1;libc.so.6,,True
/usr/lib/x86_64-linux-gnu/liblber.so.2.0.200,dpkg package metadata,dpkg:libldap2:amd64,e2f9e23d75b37be7bdcdc39d2f74e2355a68f2ccd86e7f6534969ad8b359834b,libc.so.6,,True
/usr/lib/x86_64-linux-gnu/libgstaudio-1.0.so.0.2802.0,dpkg package metadata,dpkg:libgstreamer-plugins-base1.0-0:amd64,e4ab2df9e1c8bb5f1d16457842fd556a1812e7f358eb59dc6b26a996b434c6bb,libgsttag-1.0.so.0;libgstreamer-1.0.so.0;libgobject-2.0.so.0;libglib-2.0.so.0;libgstbase-1.0.so.0;libm.so.6;liborc-0.4.so.0;libc.so.6,,True
/usr/lib/x86_64-linux-gnu/libmhash.so.2.0.1,dpkg package metadata,dpkg:libmhash2:amd64,7bf9cd91e2a70b449858928759aa9c05357e074a0b455e0fbf58db50a7a8d94a,libc.so.6,,True
/usr/lib/x86_64-linux-gnu/libgstreamer-1.0.so.0.2802.0,dpkg package metadata,dpkg:libgstreamer1.0-0:amd64,908ea355fb43fa1c6474f720de5e070650db6cbab4267bd5b11312290d6ebb2f,libgobject-2.0.so.0;libglib-2.0.so.0;libgmodule-2.0.so.0;libm.so.6;libc.so.6,,True
/usr/lib/x86_64-linux-gnu/libabsl_flags_usage.so.20260107.0.0,dpkg package metadata,dpkg:libabsl20260107:amd64,bf304f2203b6843160d81610496645ddfad9afee8a27f23f5fba71c41b8a1941,libabsl_synchronization.so.20260107;libabsl_raw_logging_internal.so.20260107;libstdc++.so.6;libgcc_s.so.1;libc.so.6,,True
/usr/lib/x86_64-linux-gnu/libabsl_stacktrace.so.20260107.0.0,dpkg package metadata,dpkg:libabsl20260107:amd64,2184bb3d9cf8b8386db78943fe0f72a92606719ddecc14f9ee880597adb05109,libabsl_borrowed_fixup_buffer.so.20260107;libabsl_debugging_internal.so.20260107;libstdc++.so.6;libgcc_s.so.1;libc.so.6,,True
/usr/lib/x86_64-linux-gnu/libdeflate.so.0,dpkg package metadata,dpkg:libdeflate0:amd64,0e33bbae9bd7f62fd4172ac04d9088736defa499491aacae723732ce4e905f94,libc.so.6,,True
/usr/lib/x86_64-linux-gnu/libabsl_strings.so.20260107.0.0,dpkg package metadata,dpkg:libabsl20260107:amd64,add84a2284c66a8a698aa272d3f42f2d826daa88e03dc33bce53698ef351dba4,libabsl_strings_internal.so.20260107;libabsl_throw_delegate.so.20260107;libabsl_raw_logging_internal.so.20260107;libstdc++.so.6;libm.so.6;libgcc_s.so.1;libc.so.6,,True
/usr/lib/x86_64-linux-gnu/librevenge-stream-0.0.so.0.0.5,dpkg package metadata,dpkg:librevenge-0.0-0:amd64,0368f030a8fa82f69c8938cc0df15108bb0828c5d8d015f08d130856287a85e7,libz.so.1;libstdc++.so.6;libc.so.6;libgcc_s.so.1,,True
/usr/lib/x86_64-linux-gnu/libabsl_crc32c.so.20260107.0.0,dpkg package metadata,dpkg:libabsl20260107:amd64,e750c497910d5e8fdf60a83d03cebc25b5426a8daefcd1fb7e8bcd0ae0c0b209,libabsl_crc_internal.so.20260107;libstdc++.so.6;libgcc_s.so.1;libc.so.6,,True
/usr/lib/x86_64-linux-gnu/libgstcheck-1.0.so.0.2802.0,dpkg package metadata,dpkg:libgstreamer1.0-0:amd64,38afca668a372d4a3d3eb7ddf659b37d551ee4f697ffea73d5d9a3996b89564e,libgstreamer-1.0.so.0;libglib-2.0.so.0;libgobject-2.0.so.0;libm.so.6;libc.so.6,,True
/usr/lib/x86_64-linux-gnu/libepoxy.so.0.0.0,dpkg package metadata,dpkg:libepoxy0:amd64,67533f0552bc23d90402a0df7bed6f4f40d8ec1946782b3f9d245c0e46a758ef,libc.so.6,,True
/usr/lib/x86_64-linux-gnu/libhistory.so.8.3,dpkg package metadata,dpkg:libreadline8t64:amd64,1db0b25b6294e97857217932fcb35aa236e9d8d9bdfc2b8be139d2c96eb19a4f,libc.so.6,,True
/usr/lib/x86_64-linux-gnu/libwebp.so.7.1.10,dpkg package metadata,dpkg:libwebp7:amd64,0b477702bb43d90a1205813a9c211faa8dfef025a258b9d60663b37311b87c08,libsharpyuv.so.0;libm.so.6;libc.so.6,,True
/usr/lib/x86_64-linux-gnu/libabsl_cordz_sample_token.so.20260107.0.0,dpkg package metadata,dpkg:libabsl20260107:amd64,08901f592c4bacea0413cee550b5fbe48d083fe9c3ae1f9d87c658ab8c3cc44f,libabsl_cordz_info.so.20260107,,True
/usr/lib/x86_64-linux-gnu/libicudata.so.78.2,dpkg package metadata,dpkg:libicu78:amd64,3a08c11ef1d168a1edc3b0437cecb8b42e621f67706980a0502c97364bf744a7,,,True
/usr/lib/x86_64-linux-gnu/libabsl_flags_internal.so.20260107.0.0,dpkg package metadata,dpkg:libabsl20260107:amd64,65f00a415f80b4f72b1bb42466ab8b949e1bdad41297d7b41b72a4fb92b8bfb0,libabsl_flags_commandlineflag.so.20260107;libabsl_flags_commandlineflag_internal.so.20260107;libabsl_flags_config.so.20260107;libabsl_synchronization.so.20260107;libabsl_strings.so.20260107;libabsl_spinlock_wait.so.20260107;libabsl_raw_logging_internal.so.20260107;libstdc++.so.6;libgcc_s.so.1;libc.so.6,,True
/usr/lib/x86_64-linux-gnu/libkrb5support.so.0.1,dpkg package metadata,dpkg:libkrb5support0:amd64,8cc61cecc016710e7134c1621b5a6537c55eea91d2a074f6f05fa6f6e36ec8d6,libc.so.6,,True
/usr/lib/x86_64-linux-gnu/libgdbm_compat.so.4.0.0,dpkg package metadata,dpkg:libgdbm-compat4t64:amd64,1a9d17df1bde96596a1d60b4581abc2defc22e3c9505268072f4ecfeeded7f9a,libgdbm.so.6;libc.so.6,,True
/usr/lib/x86_64-linux-gnu/libSM.so.6.0.1,dpkg package metadata,dpkg:libsm6:amd64,d345ea77115e5f79a4a9b8b0b2edae4d4baf5ea1e0d94d1743c3bd07e98a6e0e,libICE.so.6;libuuid.so.1;libc.so.6,,True
/usr/lib/x86_64-linux-gnu/libabsl_cord_internal.so.20260107.0.0,dpkg package metadata,dpkg:libabsl20260107:amd64,e66c22c728bbbdaf92d56f35e2d04ba17f8ffc1769ca3061eb1c64a36197d418,libabsl_crc_cord_state.so.20260107;libabsl_strings.so.20260107;libabsl_raw_logging_internal.so.20260107;libstdc++.so.6;libgcc_s.so.1;libc.so.6,,True
/usr/lib/x86_64-linux-gnu/libkrb5.so.3.3,dpkg package metadata,dpkg:libkrb5-3:amd64,aca607790a4349c5053390fa22b24e717b2c5ea101d7b468ece6507140c6ff7b,libk5crypto.so.3;libcom_err.so.2;libkrb5support.so.0;libkeyutils.so.1;libresolv.so.2;libc.so.6,,True
/usr/lib/x86_64-linux-gnu/libabsl_city.so.20260107.0.0,dpkg package metadata,dpkg:libabsl20260107:amd64,29b459e61abf954aef69afa5128596f44b3816d475844e863ad62a4363a44523,,,True
/usr/lib/x86_64-linux-gnu/libwpg-0.3.so.3.0.4,dpkg package metadata,dpkg:libwpg-0.3-3:amd64,d7bb2ddac7f4c465b394a416184569551e5e5ba5eeb7bc00c02b2188c95165de,libwpd-0.10.so.10;librevenge-0.0.so.0;libstdc++.so.6;libm.so.6;libc.so.6;libgcc_s.so.1,,True
/usr/lib/x86_64-linux-gnu/libabsl_hashtable_profiler.so.20260107.0.0,dpkg package metadata,dpkg:libabsl20260107:amd64,c7949b08cc1dadedee29572ad06753471eaefc2f36e6ce11329aaf989ce3fc5f,libabsl_profile_builder.so.20260107;libabsl_raw_hash_set.so.20260107;libabsl_hashtablez_sampler.so.20260107;libabsl_synchronization.so.20260107;libabsl_time.so.20260107;libabsl_hash.so.20260107;libabsl_raw_logging_internal.so.20260107;libstdc++.so.6;libgcc_s.so.1;libc.so.6,,True
/usr/lib/x86_64-linux-gnu/libgstnet-1.0.so.0.2802.0,dpkg package metadata,dpkg:libgstreamer1.0-0:amd64,23a3f8c56e61f54aadb2492d334890427e3dc92897ca8003e9dbe70351b2836a,libgstbase-1.0.so.0;libgstreamer-1.0.so.0;libgio-2.0.so.0;libgobject-2.0.so.0;libglib-2.0.so.0;libc.so.6,,True
/usr/lib/x86_64-linux-gnu/libgpgme.so.45.0.1,dpkg package metadata,dpkg:libgpgme45:amd64,caece624998149737441172de399b6927b93b303e55fdd0123ae20904df1234b,libassuan.so.9;libgpg-error.so.0;libc.so.6;ld-linux-x86-64.so.2,,True
/usr/lib/x86_64-linux-gnu/libargon2.so.1,dpkg package metadata,dpkg:libargon2-1:amd64,d79add76456f3424c13ae06f0a20f02601ef82eddb2ac0576626e115eb9e05d7,libc.so.6,,True
/usr/lib/x86_64-linux-gnu/libgstvideo-1.0.so.0.2802.0,dpkg package metadata,dpkg:libgstreamer-plugins-base1.0-0:amd64,3961ca8c22e53125d29f14420f412a005317d518fd8395a4c7999d5d97f9c335,libgstallocators-1.0.so.0;libgstreamer-1.0.so.0;libgobject-2.0.so.0;libglib-2.0.so.0;libgstbase-1.0.so.0;liborc-0.4.so.0;libm.so.6;libc.so.6,,True
/usr/lib/x86_64-linux-gnu/libsasl2.so.2.0.25,dpkg package metadata,dpkg:libsasl2-2:amd64,25163eb0a23ffe7d4170f9e219886dfdb831bbb1031a2cfac2227284a7f51e02,libcrypto.so.3;libc.so.6,,True
/usr/lib/x86_64-linux-gnu/libabsl_log_internal_conditions.so.20260107.0.0,dpkg package metadata,dpkg:libabsl20260107:amd64,3638a12a739147c3b81f0d4506436aaf4dcb244a4f7c91c7753e1125e3f17b70,libabsl_base.so.20260107,,True
/usr/lib/x86_64-linux-gnu/libabsl_demangle_internal.so.20260107.0.0,dpkg package metadata,dpkg:libabsl20260107:amd64,e4d233fe1adfb3961fd611ae22c451ef39c18642696af936d599ace584189199,libabsl_demangle_rust.so.20260107;libstdc++.so.6;libgcc_s.so.1;libc.so.6,,True
/usr/lib/x86_64-linux-gnu/libbrotlienc.so.1.2.0,dpkg package metadata,dpkg:libbrotli1:amd64,82dd80ab6b6504637b55d32985cf5826de56caac7031ed0f04b93b03051a02f4,libm.so.6;libbrotlicommon.so.1;libc.so.6,,True
/usr/lib/x86_64-linux-gnu/libnghttp2.so.14.29.2,dpkg package metadata,dpkg:libnghttp2-14:amd64,2655558fee787cb4724ad59c72ce75b20847efc92a1c52fc202aea1d812c9b20,libc.so.6,,True
/usr/lib/x86_64-linux-gnu/libatomic.so.1.2.0,dpkg package metadata,dpkg:libatomic1:amd64,eac440708f874c4d446671efb5353cebeaa829bd1f18cd8d5065cd6efefa387b,libc.so.6,,True
/usr/lib/x86_64-linux-gnu/libgmodule-2.0.so.0.8800.0,dpkg package metadata,dpkg:libglib2.0-0t64:amd64,aa2f41237a20b7b28e99ef9706d2b0bad3097e313f51272cfd14dadff8b195cb,libglib-2.0.so.0;libc.so.6,,True
/usr/lib/x86_64-linux-gnu/libabsl_log_internal_check_op.so.20260107.0.0,dpkg package metadata,dpkg:libabsl20260107:amd64,45dbcd4dba0331422d348ad27c903cf577c16f71147525b26e8db7fbfa32f3aa,libabsl_leak_check.so.20260107;libabsl_log_internal_nullguard.so.20260107;libabsl_strings.so.20260107;libstdc++.so.6;libgcc_s.so.1;libc.so.6,,True
/usr/lib/x86_64-linux-gnu/libcairo.so.2.11804.4,dpkg package metadata,dpkg:libcairo2:amd64,f8ed09b8ed35a1c19be81434bf7cb0fde1c1a0355b8ac74b7d3cf97788bdffe6,libm.so.6;libz.so.1;libpng16.so.16;libfontconfig.so.1;libfreetype.so.6;libX11.so.6;libXext.so.6;libXrender.so.1;libxcb.so.1;libxcb-render.so.0;libxcb-shm.so.0;libpixman-1.so.0;libc.so.6,,True
/usr/lib/x86_64-linux-gnu/libldap.so.2.0.200,dpkg package metadata,dpkg:libldap2:amd64,0aa894b6d72690723015f6056bb6730a1cca41a2fac8224ef38cd7880c8e7860,liblber.so.2;libsasl2.so.2;libssl.so.3;libcrypto.so.3;libc.so.6,,True
/usr/lib/x86_64-linux-gnu/libabsl_random_internal_randen_hwaes.so.20260107.0.0,dpkg package metadata,dpkg:libabsl20260107:amd64,3ffd8f525f07c374278e3452d1df42977e6c4ba3da9356afd023553399852784,,,True
/usr/lib/x86_64-linux-gnu/libabsl_random_internal_randen_hwaes_impl.so.20260107.0.0,dpkg package metadata,dpkg:libabsl20260107:amd64,12b54d2d9c41d52f019c491a1797c28dc39cb567bd24fb8094f3f47d1e6b5281,libc.so.6,,True
/usr/lib/x86_64-linux-gnu/libxmlsec1.so.1.3.9,dpkg package metadata,dpkg:libxmlsec1-1:amd64,4f012dc9d01068c098ae93590f4cda9370eb27f53a700b8ccd94cbe3b34cc60a,libxslt.so.1;libxml2.so.16;libc.so.6,,True
/usr/lib/x86_64-linux-gnu/libnssdbm3.so,dpkg package metadata,dpkg:libnss3:amd64,20a44f1edd55eeadf28432e7d57f37e4bb8d67a4a66b1268aaee04013fe28c5a,libnssutil3.so;libplds4.so;libnspr4.so;libc.so.6,,True
/usr/lib/x86_64-linux-gnu/libabsl_flags_reflection.so.20260107.0.0,dpkg package metadata,dpkg:libabsl20260107:amd64,685efa44d22acdd99ca3330f3d36c47329539bc77468a3a3c8926c906a89ee79,libabsl_flags_private_handle_accessor.so.20260107;libabsl_flags_config.so.20260107;libabsl_flags_commandlineflag.so.20260107;libabsl_raw_hash_set.so.20260107;libabsl_synchronization.so.20260107;libabsl_hash.so.20260107;libabsl_strings.so.20260107;libabsl_raw_logging_internal.so.20260107;libstdc++.so.6;libgcc_s.so.1;libc.so.6,,True
/usr/lib/x86_64-linux-gnu/libabsl_random_distributions.so.20260107.0.0,dpkg package metadata,dpkg:libabsl20260107:amd64,9e7f6c32d735488fd0c550b2e8c89d2041e0e720f494103b1183ba3e2f120331,libstdc++.so.6;libgcc_s.so.1;libc.so.6,,True
/usr/lib/x86_64-linux-gnu/libabsl_leak_check.so.20260107.0.0,dpkg package metadata,dpkg:libabsl20260107:amd64,1906b7db0f20a5ad3489061ab6f8d9c8f86941d098c83ce816206eab8a4d8fa4,,,True
/usr/lib/x86_64-linux-gnu/libfontconfig.so.1.16.1,dpkg package metadata,dpkg:libfontconfig1:amd64,cabcdfea3d61540e8aa7f93a29642da1d1e35c8f5fd13549f4b8ee2ee0ab28f0,libfreetype.so.6;libexpat.so.1;libc.so.6,,True
/usr/lib/x86_64-linux-gnu/libmspub-0.1.so.1.0.4,dpkg package metadata,dpkg:libmspub-0.1-1:amd64,4d898df890d8c92c01d1d4865501cb3df86df84e338af9b46bf42ebd87cbd51d,librevenge-0.0.so.0;libz.so.1;libicui18n.so.78;libicuuc.so.78;libstdc++.so.6;libm.so.6;libc.so.6;libgcc_s.so.1,,True
/usr/lib/x86_64-linux-gnu/libxcb-shm.so.0.0.0,dpkg package metadata,dpkg:libxcb-shm0:amd64,58fcb847e2009affbd7eeb1f6d39949f29ccc153f230e0b0d23de00d2b5c1353,libxcb.so.1;libc.so.6,,True
/usr/lib/x86_64-linux-gnu/libabsl_symbolize.so.20260107.0.0,dpkg package metadata,dpkg:libabsl20260107:amd64,32f40e0415a93f3596a5516d394f1c099b57bc3898b9cbc96c26b324e5adfbe8,libabsl_debugging_internal.so.20260107;libabsl_demangle_internal.so.20260107;libabsl_malloc_internal.so.20260107;libabsl_base.so.20260107;libabsl_raw_logging_internal.so.20260107;libstdc++.so.6;libgcc_s.so.1;libc.so.6,,True
/usr/lib/x86_64-linux-gnu/libnettle.so.8.11,dpkg package metadata,dpkg:libnettle8t64:amd64,68c2f760d329a85ce1aa5cfc5e48ffece235258159005726798ad14e6f96a789,libc.so.6,,True
/usr/lib/x86_64-linux-gnu/libgstbase-1.0.so.0.2802.0,dpkg package metadata,dpkg:libgstreamer1.0-0:amd64,3bb13f5bfa57ae9fec126158b4bffcb5fb83bfe36fee7db8f3cb90e91fe88f5f,libgstreamer-1.0.so.0;libglib-2.0.so.0;libgobject-2.0.so.0;libc.so.6,,True
/usr/lib/x86_64-linux-gnu/libabsl_statusor.so.20260107.0.0,dpkg package metadata,dpkg:libabsl20260107:amd64,f408f51594c48075394328a64ad8e7f94cf360c556349b471536ced7faad2e1e,libabsl_status.so.20260107;libabsl_strings.so.20260107;libabsl_raw_logging_internal.so.20260107;libabsl_spinlock_wait.so.20260107;libstdc++.so.6;libgcc_s.so.1;libc.so.6,,True
/usr/lib/x86_64-linux-gnu/libabsl_random_internal_randen_slow.so.20260107.0.0,dpkg package metadata,dpkg:libabsl20260107:amd64,8281587aa38758ddc754272b552477783020d77227caae1e94325c8b01905532,libabsl_random_internal_platform.so.20260107,,True
/usr/lib/x86_64-linux-gnu/librdf.so.0.0.0,dpkg package metadata,dpkg:librdf0t64:amd64,7f4c17d6e33441d78b6834b61b6224c10707c269655d723a653f545bdf873fc9,librasqal.so.3;libraptor2.so.0;libltdl.so.7;libc.so.6,,True
/usr/lib/x86_64-linux-gnu/libvisio-0.1.so.1.0.10,dpkg package metadata,dpkg:libvisio-0.1-1:amd64,cceee248fae771f19fedfd5306115f52236abc1fef310aa1f0e9f310adabee1a,librevenge-0.0.so.0;libxml2.so.16;libicuuc.so.78;libstdc++.so.6;libm.so.6;libc.so.6;libgcc_s.so.1,,True
/usr/lib/x86_64-linux-gnu/gconv/CP771.so,dpkg package metadata,dpkg:libc-gconv-modules-extra:amd64,128bc7bab8a2a8a48e205f3b33948066e86d1613d0f2ca7e0a77ac0ddf784936,libc.so.6,,True
/usr/lib/x86_64-linux-gnu/gconv/ISO8859-11.so,dpkg package metadata,dpkg:libc-gconv-modules-extra:amd64,a4c667019be2e1181b5411026bf561329814a9df2553cf1d3200e0c70a2ce5fa,libc.so.6,,True
/usr/lib/x86_64-linux-gnu/gconv/IBM880.so,dpkg package metadata,dpkg:libc-gconv-modules-extra:amd64,06f8d1ed653af9e19937547344252f2fdb2a35b1baca19097091bcebe7f28d1f,libc.so.6,,True
/usr/lib/x86_64-linux-gnu/gconv/ISO8859-9E.so,dpkg package metadata,dpkg:libc-gconv-modules-extra:amd64,bd3e8b2d11c83b7002724a3c98fff2015db12aeb5d6fa6cd10d9253184c1d805,libc.so.6,,True
/usr/lib/x86_64-linux-gnu/gconv/IBM277.so,dpkg package metadata,dpkg:libc-gconv-modules-extra:amd64,debd30b1ad98397b614c3454a52f895a3dc205836eeb139de829b487e245e6cf,libc.so.6,,True
/usr/lib/x86_64-linux-gnu/gconv/PT154.so,dpkg package metadata,dpkg:libc-gconv-modules-extra:amd64,7b5c9755d7234e3d67dd9cc5b8d5554039daa8a656a97e4598c22f307677c09a,libc.so.6,,True
/usr/lib/x86_64-linux-gnu/gconv/ANSI_X3.110.so,dpkg package metadata,dpkg:libc6:amd64,e9f5f4353babc9652b813192164a6dd2c369007fe0488fb5e95b0c42e2ec57bd,libc.so.6,,True
/usr/lib/x86_64-linux-gnu/gconv/CWI.so,dpkg package metadata,dpkg:libc-gconv-modules-extra:amd64,5cd946b419011f74a89b48d567560e712085bbd3e174fb0c22b52cf39620c63d,libc.so.6,,True
/usr/lib/x86_64-linux-gnu/gconv/IBM1155.so,dpkg package metadata,dpkg:libc-gconv-modules-extra:amd64,7002c1aefb170b9f9a4228ab09071c4e39c0a4f5eae791b7f482b85e368e9766,libc.so.6,,True
/usr/lib/x86_64-linux-gnu/gconv/KOI-8.so,dpkg package metadata,dpkg:libc-gconv-modules-extra:amd64,922cbd2422016dee0dfbf89a870e7b7d551635a7fe1518aaa0684aaf3efd6441,libc.so.6,,True
/usr/lib/x86_64-linux-gnu/gconv/ISO8859-7.so,dpkg package metadata,dpkg:libc-gconv-modules-extra:amd64,a017640dc60347c813128e154186b668eb23ad9e49795c3e48df217afb2963fd,libc.so.6,,True
/usr/lib/x86_64-linux-gnu/gconv/EBCDIC-FI-SE.so,dpkg package metadata,dpkg:libc-gconv-modules-extra:amd64,66018f93d7339fa4c2528ba1871db3bfcce3717f8d0a5b75047fc412c950c6da,libc.so.6,,True
/usr/lib/x86_64-linux-gnu/gconv/IBM1145.so,dpkg package metadata,dpkg:libc-gconv-modules-extra:amd64,11a0cdd2b1308b971c6566bb56d429dc127f219abeb13c6f9b757128af3e45c6,libc.so.6,,True
/usr/lib/x86_64-linux-gnu/gconv/IBM921.so,dpkg package metadata,dpkg:libc-gconv-modules-extra:amd64,157aca00e7d9df4ac83bce6ab09bc79a79c5a17d51f8baa31d30bdbad3275e8d,libc.so.6,,True
/usr/lib/x86_64-linux-gnu/gconv/EBCDIC-ES-S.so,dpkg package metadata,dpkg:libc-gconv-modules-extra:amd64,408fc1786e9abdb745b894903d7977b7436f6e18a52143b42caffc272c6653a8,libc.so.6,,True
/usr/lib/x86_64-linux-gnu/gconv/IBM1144.so,dpkg package metadata,dpkg:libc-gconv-modules-extra:amd64,7985cf915bfb079ed13648ed2c9eb7c067cb1c67c0c2553efade57850529fd31,libc.so.6,,True
/usr/lib/x86_64-linux-gnu/gconv/IBM902.so,dpkg package metadata,dpkg:libc-gconv-modules-extra:amd64,3a8969c54ab61e5c0197643c68d5d25d738a45f24b387b10c0da991e657395b4,libc.so.6,,True
/usr/lib/x86_64-linux-gnu/gconv/CP932.so,dpkg package metadata,dpkg:libc-gconv-modules-extra:amd64,0e6ef6318e61109863780b9833d86447ac6d41c94735d4a380cb63078c258a69,libc.so.6,,True
/usr/lib/x86_64-linux-gnu/gconv/ISO-2022-JP.so,dpkg package metadata,dpkg:libc-gconv-modules-extra:amd64,a522704f4edcdad33d5fb69a1105f5825f62805e397bfdd45b7b546c8dd81d68,libJIS.so;libGB.so;libKSC.so;libc.so.6,,True
/usr/lib/x86_64-linux-gnu/gconv/ARMSCII-8.so,dpkg package metadata,dpkg:libc-gconv-modules-extra:amd64,d2b0ce7d3c8107ebc1adb867cff8e865765283d3d94a3d67f0b59d1ffa4b96eb,libc.so.6,,True
/usr/lib/x86_64-linux-gnu/gconv/IBM5347.so,dpkg package metadata,dpkg:libc-gconv-modules-extra:amd64,d87e4eda727c8b89c48953163ef5244ea03e0fd3c219bbaeb9cb18a34fd0bb56,libc.so.6,,True
/usr/lib/x86_64-linux-gnu/gconv/VISCII.so,dpkg package metadata,dpkg:libc-gconv-modules-extra:amd64,daa2c67e8bf4936ac94a66cdf09837ec759c9a45773f84cea603772828c3bb88,libc.so.6,,True
/usr/lib/x86_64-linux-gnu/gconv/ISO_5428.so,dpkg package metadata,dpkg:libc-gconv-modules-extra:amd64,1e7c4fa005a0e188929be50f188307ee30e8183e4944407ded29aad7c168a63b,libc.so.6,,True
/usr/lib/x86_64-linux-gnu/gconv/IBM901.so,dpkg package metadata,dpkg:libc-gconv-modules-extra:amd64,9a2c7b53060567301c72651dbfedc02c972f74ec7db23ff04e04c0b6c473baa4,libc.so.6,,True
/usr/lib/x86_64-linux-gnu/gconv/GB18030.so,dpkg package metadata,dpkg:libc-gconv-modules-extra:amd64,bdbfa1b4163534c4b6149b817967e2a63b0798ec5eca8a0b382cbabd12074d67,libc.so.6,,True
/usr/lib/x86_64-linux-gnu/gconv/IBM16804.so,dpkg package metadata,dpkg:libc-gconv-modules-extra:amd64,2a09d007aa72fb396c211fed5cd5fb48590c81ef687d9572537fa39f271ced36,libc.so.6,,True
/usr/lib/x86_64-linux-gnu/gconv/IBM866NAV.so,dpkg package metadata,dpkg:libc-gconv-modules-extra:amd64,c020c7117c6cee300c7198c57ee4c62358da34d1dff39a3236ffe86a98d63630,libc.so.6,,True
/usr/lib/x86_64-linux-gnu/gconv/CP775.so,dpkg package metadata,dpkg:libc-gconv-modules-extra:amd64,c9c4a45f7297da2b429f5197d858722edb0860896f1a175ef0997c149e6d4529,libc.so.6,,True
/usr/lib/x86_64-linux-gnu/gconv/CP770.so,dpkg package metadata,dpkg:libc-gconv-modules-extra:amd64,e970ec855e96d5e9f9cb7489ad484eb7331da1187ba36bb5329185c9c40d710a,libc.so.6,,True
/usr/lib/x86_64-linux-gnu/gconv/ISO8859-8.so,dpkg package metadata,dpkg:libc-gconv-modules-extra:amd64,cdfbcd8199464de0418852d52df839cd1d1346fe600e9df7f845b9d0c7754942,libc.so.6,,True
/usr/lib/x86_64-linux-gnu/gconv/IBM290.so,dpkg package metadata,dpkg:libc-gconv-modules-extra:amd64,6f43cc4eedc754f2a0eefea84bdd45c306e702c3188d2fc197e0404c71a7345d,libc.so.6,,True
/usr/lib/x86_64-linux-gnu/gconv/GREEK-CCITT.so,dpkg package metadata,dpkg:libc-gconv-modules-extra:amd64,4856a193c719a0adf5c6cdc58c4cb55a2450f46a4d01f875d34e20312643a9c4,libc.so.6,,True
/usr/lib/x86_64-linux-gnu/gconv/IBM1166.so,dpkg package metadata,dpkg:libc-gconv-modules-extra:amd64,c4ee03005479e1079ba42d827955200348f366cd29e09161690fa3a134e6509b,libc.so.6,,True
/usr/lib/x86_64-linux-gnu/gconv/ISO_6937.so,dpkg package metadata,dpkg:libc-gconv-modules-extra:amd64,74b4059ff038c4a79970b693ff28c2c7f14f50af07ff222f169d562c29a6c97b,libc.so.6,,True
/usr/lib/x86_64-linux-gnu/gconv/IBM1124.so,dpkg package metadata,dpkg:libc-gconv-modules-extra:amd64,9a1a549f10ffbcef9f073f58a551f9ab03464eca2d35448eabc97384816ddce0,libc.so.6,,True
/usr/lib/x86_64-linux-gnu/gconv/EUC-TW.so,dpkg package metadata,dpkg:libc-gconv-modules-extra:amd64,2eab355f9a3309e6f7cabfdaa09b998f98324504166164ad7e1095974df09aa1,libCNS.so;libc.so.6,,True
/usr/lib/x86_64-linux-gnu/gconv/ISO8859-6.so,dpkg package metadata,dpkg:libc-gconv-modules-extra:amd64,332a2d06d3aa68f2f39e5f1add6ad28b17d3ac45955e6cb39f88498ead01a32c,libc.so.6,,True
/usr/lib/x86_64-linux-gnu/gconv/CP772.so,dpkg package metadata,dpkg:libc-gconv-modules-extra:amd64,6a3e85ed6655994a627d06bc6c515d4e41bedbc60552649feea7211f6b666428,libc.so.6,,True
/usr/lib/x86_64-linux-gnu/gconv/IBM1153.so,dpkg package metadata,dpkg:libc-gconv-modules-extra:amd64,7063a8e04f1d4dd53b91ec3fc21a3ba5387dd9487a63d1629d753696af13425a,libc.so.6,,True
/usr/lib/x86_64-linux-gnu/gconv/IBM4517.so,dpkg package metadata,dpkg:libc-gconv-modules-extra:amd64,477908dc88d114fe9d506b8ea6fa50fdee33f8db31009ffa2bd96b158e083a80,libc.so.6,,True
/usr/lib/x86_64-linux-gnu/gconv/IBM420.so,dpkg package metadata,dpkg:libc-gconv-modules-extra:amd64,61e7d7211d7377a519c7547bc719d6b79ef28634a4b2f02074e79adcf2036d1d,libc.so.6,,True
/usr/lib/x86_64-linux-gnu/gconv/IBM922.so,dpkg package metadata,dpkg:libc-gconv-modules-extra:amd64,b9e3b4a9766699c94c01120487909ba7a9bfff9cfa798156295fd80a1dbb8109,libc.so.6,,True
/usr/lib/x86_64-linux-gnu/gconv/IBM1008.so,dpkg package metadata,dpkg:libc-gconv-modules-extra:amd64,b72e7581002f660d98d9ae02e72ed6e4d83a964bb52cf65e876cabc89f6fbc59,libc.so.6,,True
/usr/lib/x86_64-linux-gnu/gconv/ISO_6937-2.so,dpkg package metadata,dpkg:libc-gconv-modules-extra:amd64,ab5371b06f34822e0de6855ff605c0d7ac97296720ce7ab4581898390b026ebd,libc.so.6,,True
/usr/lib/x86_64-linux-gnu/gconv/ISO8859-14.so,dpkg package metadata,dpkg:libc-gconv-modules-extra:amd64,074f39771932d96e6d8de1b9192e28351620df98e48505022894b3fe4b8c4500,libc.so.6,,True
/usr/lib/x86_64-linux-gnu/gconv/IBM1140.so,dpkg package metadata,dpkg:libc-gconv-modules-extra:amd64,bb1c0811f7ba4668e2b46c8aee70d293b91433c1e00c890aff3fe57982b35faa,libc.so.6,,True
/usr/lib/x86_64-linux-gnu/gconv/IBM1147.so,dpkg package metadata,dpkg:libc-gconv-modules-extra:amd64,67af997c8f03f34b438369d68a6523e54b9c6ca851c8ce46475eb5efea1840ef,libc.so.6,,True
/usr/lib/x86_64-linux-gnu/gconv/EBCDIC-ES-A.so,dpkg package metadata,dpkg:libc-gconv-modules-extra:amd64,3d9ab21356573be963d526dc22c0341e7eac139004e7de17e1abdcb1889840a7,libc.so.6,,True
/usr/lib/x86_64-linux-gnu/gconv/IBM1148.so,dpkg package metadata,dpkg:libc-gconv-modules-extra:amd64,e02faf1fe9a58c0c614dfbbe4ee93fad798be595effd636a3286d291f2dda428,libc.so.6,,True
/usr/lib/x86_64-linux-gnu/gconv/IBM1142.so,dpkg package metadata,dpkg:libc-gconv-modules-extra:amd64,ccad33c3c22e47d395fa725dbca073b900526098b046b36cb3dd0a6043777066,libc.so.6,,True
/usr/lib/x86_64-linux-gnu/gconv/TCVN5712-1.so,dpkg package metadata,dpkg:libc-gconv-modules-extra:amd64,81b0b223d89c4ee15bd9a89ad2e771b5793333ec4264a88c3c9d13fe8ec8c5cb,libc.so.6,,True
/usr/lib/x86_64-linux-gnu/gconv/SAMI-WS2.so,dpkg package metadata,dpkg:libc-gconv-modules-extra:amd64,156e6f4c0c15cacf51575500ebe68ae44cff8a8ccaccb92616678984d7b05e14,libc.so.6,,True
/usr/lib/x86_64-linux-gnu/gconv/IBM280.so,dpkg package metadata,dpkg:libc-gconv-modules-extra:amd64,f5177b04f4dffa6f0ebd6ff3039003305bfdf141dcf8758d10fee60f1a524099,libc.so.6,,True
/usr/lib/x86_64-linux-gnu/gconv/EBCDIC-IT.so,dpkg package metadata,dpkg:libc-gconv-modules-extra:amd64,6f434ea11cd4b353cf234d2af2e0c089cf1601a6a972ee44ed5256f8f0e5581c,libc.so.6,,True
/usr/lib/x86_64-linux-gnu/gconv/CP1255.so,dpkg package metadata,dpkg:libc-gconv-modules-extra:amd64,b6f85b156c0ae72bd6e12a80766dfde1c64caac3de1f30b6703e2a5e2c7b6285,libc.so.6,,True
/usr/lib/x86_64-linux-gnu/gconv/EUC-CN.so,dpkg package metadata,dpkg:libc-gconv-modules-extra:amd64,d3358b221bfda29f19cddba8c81a1f88838d5ed499a5e388ff99b40c1981ebfa,libGB.so;libc.so.6,,True
/usr/lib/x86_64-linux-gnu/gconv/IBM905.so,dpkg package metadata,dpkg:libc-gconv-modules-extra:amd64,8745483395fb4e8a798652635d940495598b14437c6c5b5c5113396b998fdd40,libc.so.6,,True
/usr/lib/x86_64-linux-gnu/gconv/IBM850.so,dpkg package metadata,dpkg:libc-gconv-modules-extra:amd64,f0db396da6c612ee5aa01106e437893087be80bab95f0fceb8253b29e48adebd,libc.so.6,,True
/usr/lib/x86_64-linux-gnu/gconv/CP1254.so,dpkg package metadata,dpkg:libc-gconv-modules-extra:amd64,8c66bd4c4ee292c1031099311c1422e49c42ed7f16690da50e1eba881417ccdb,libc.so.6,,True
/usr/lib/x86_64-linux-gnu/gconv/IBM4971.so,dpkg package metadata,dpkg:libc-gconv-modules-extra:amd64,797b8319bc8c318df264f3b501bcbcec68351624b84cf65bea735b9d31768db5,libc.so.6,,True
/usr/lib/x86_64-linux-gnu/gconv/ISO8859-3.so,dpkg package metadata,dpkg:libc-gconv-modules-extra:amd64,81bc4b88e26938a0bc7a7a3321ed0c620c56d6333917dedb32011b051359638b,libc.so.6,,True
/usr/lib/x86_64-linux-gnu/gconv/UTF-32.so,dpkg package metadata,dpkg:libc6:amd64,0e4f1fdddefa77d16439461ebffb81ba0be90a853bf0c45d34cacda5b341ae04,libc.so.6,,True
/usr/lib/x86_64-linux-gnu/gconv/LATIN-GREEK-1.so,dpkg package metadata,dpkg:libc-gconv-modules-extra:amd64,33997e23f2e2486ec95161e7d1dce0c19cb249d56136169777af379b3af30118,libc.so.6,,True
/usr/lib/x86_64-linux-gnu/gconv/TIS-620.so,dpkg package metadata,dpkg:libc-gconv-modules-extra:amd64,785bea8cdc66f86358ed67af202963615a015ad264de7adad45b0fc7d0e19613,libc.so.6,,True
/usr/lib/x86_64-linux-gnu/gconv/SJIS.so,dpkg package metadata,dpkg:libc-gconv-modules-extra:amd64,db3be4dde0699ee4ea7460953b060e1967952a02b9ed9a5990103b5c7ebe1021,libc.so.6,,True
/usr/lib/x86_64-linux-gnu/gconv/IBM1162.so,dpkg package metadata,dpkg:libc-gconv-modules-extra:amd64,ab235c8fd8aaa2feb699117c9c45cf8635c1bbd7db0bf11a3181d2bd465c8c5d,libc.so.6,,True
/usr/lib/x86_64-linux-gnu/gconv/libJIS.so,dpkg package metadata,dpkg:libc-gconv-modules-extra:amd64,37b1a406aaba5d023fceb68ae20203af9c386d703ad50f217482890ea60fff13,libc.so.6,,True
/usr/lib/x86_64-linux-gnu/gconv/IBM424.so,dpkg package metadata,dpkg:libc-gconv-modules-extra:amd64,354185494429ac9f5d1d8718f9554318430a3cb26786b4f43b44203569c46122,libc.so.6,,True
/usr/lib/x86_64-linux-gnu/gconv/CP10007.so,dpkg package metadata,dpkg:libc-gconv-modules-extra:amd64,80fcd69a93b913cb36085ffa979f939f1d7c12603bd60ca2c9a587174433e0fe,libc.so.6,,True
/usr/lib/x86_64-linux-gnu/gconv/IBM865.so,dpkg package metadata,dpkg:libc-gconv-modules-extra:amd64,0213f04a1e75137414864b8b1c251ae37b2e21e8bc909a8ec02a65f6303d0fa5,libc.so.6,,True
/usr/lib/x86_64-linux-gnu/gconv/T.61.so,dpkg package metadata,dpkg:libc-gconv-modules-extra:amd64,5017f53bea1fe114e57da27fd63a2c5778217559aca84d0cb70133c423fa7cfb,libc.so.6,,True
/usr/lib/x86_64-linux-gnu/gconv/IBM1047.so,dpkg package metadata,dpkg:libc-gconv-modules-extra:amd64,7484ca2bc468bd6f05a34a0f454dd1c56007d916d43905c0c927178a19d3a692,libc.so.6,,True
/usr/lib/x86_64-linux-gnu/gconv/GEORGIAN-PS.so,dpkg package metadata,dpkg:libc-gconv-modules-extra:amd64,76abbb88c8af1262820ab6452ea2102d294d5c5b86bf8ac5f306da9ea5e25189,libc.so.6,,True
/usr/lib/x86_64-linux-gnu/gconv/IBM855.so,dpkg package metadata,dpkg:libc-gconv-modules-extra:amd64,250719fcdf7152bb40ecb7fd99bb3e6d0fa73b423751765abce97695a2de67cc,libc.so.6,,True
/usr/lib/x86_64-linux-gnu/gconv/IBM861.so,dpkg package metadata,dpkg:libc-gconv-modules-extra:amd64,d67144b133ec8c8845c5eca8c9668e35d2c4dbf8ae1e0c2ae3cb250477c4dba3,libc.so.6,,True
/usr/lib/x86_64-linux-gnu/gconv/NATS-SEFI.so,dpkg package metadata,dpkg:libc-gconv-modules-extra:amd64,a61159f5bfcc10bf948c10bf8ce764e71f4fa9b6b114ad24a5f70e3fdaa3c099,libc.so.6,,True
/usr/lib/x86_64-linux-gnu/gconv/IBM4899.so,dpkg package metadata,dpkg:libc-gconv-modules-extra:amd64,a0bb609f3207f9fc17ddc22db5ff01a5b17e280406358dc12dd8181b13c1e02c,libc.so.6,,True
/usr/lib/x86_64-linux-gnu/gconv/libISOIR165.so,dpkg package metadata,dpkg:libc-gconv-modules-extra:amd64,a1f662b95d51515e95569f867f3a369517fb6ba98a74ea320206371c7c3699f5,libc.so.6,,True
/usr/lib/x86_64-linux-gnu/gconv/IBM1146.so,dpkg package metadata,dpkg:libc-gconv-modules-extra:amd64,e9e155fea5024ea7087d3de61271023958b7129788640f432613f159ce5f3e33,libc.so.6,,True
/usr/lib/x86_64-linux-gnu/gconv/ISO-2022-KR.so,dpkg package metadata,dpkg:libc-gconv-modules-extra:amd64,4857a8a404405eade9c4880f9a8107aa825ad86671d3c759b263a558430ca025,libKSC.so;libc.so.6,,True
/usr/lib/x86_64-linux-gnu/gconv/ISO8859-5.so,dpkg package metadata,dpkg:libc-gconv-modules-extra:amd64,132619993854333ffc5cfdc7992e94e103355964157b157c393634f9bc9f658d,libc.so.6,,True
/usr/lib/x86_64-linux-gnu/gconv/IBM284.so,dpkg package metadata,dpkg:libc-gconv-modules-extra:amd64,366b8d9f5c14541821553a2e95cc8119e7e1ba42ef91b227c2bdfa5234613eb3,libc.so.6,,True
/usr/lib/x86_64-linux-gnu/gconv/KOI8-U.so,dpkg package metadata,dpkg:libc-gconv-modules-extra:amd64,69ea41b47f277c805ba88651ef16f94583eee78baef27ffaf42cd9895822d763,libc.so.6,,True
/usr/lib/x86_64-linux-gnu/gconv/CP1251.so,dpkg package metadata,dpkg:libc-gconv-modules-extra:amd64,bdb00cc549ba1daf6611d57f41d12f739b41953c75566038bed330ecab2294ec,libc.so.6,,True
/usr/lib/x86_64-linux-gnu/gconv/SHIFT_JISX0213.so,dpkg package metadata,dpkg:libc-gconv-modules-extra:amd64,02fb471f81f5e99050c8291c5a36fbd72bb136fe6e1085a907cbaa45e6e3e040,libJISX0213.so;libc.so.6,,True
/usr/lib/x86_64-linux-gnu/gconv/EBCDIC-PT.so,dpkg package metadata,dpkg:libc-gconv-modules-extra:amd64,52cc42cc67efafdb8c56b8d24238be1f8de4daeca61a640d311f99316ee6dd79,libc.so.6,,True
/usr/lib/x86_64-linux-gnu/gconv/KOI8-R.so,dpkg package metadata,dpkg:libc-gconv-modules-extra:amd64,ed64c8f8c1b4afc431206b8adf5fb4acad0744ee7ad580d1a8c47fe137086dd5,libc.so.6,,True
/usr/lib/x86_64-linux-gnu/gconv/ISO8859-13.so,dpkg package metadata,dpkg:libc-gconv-modules-extra:amd64,504ffdadeabb469363a79bc616ee7aa7efab21eaca8ba5544a04376987bd4272,libc.so.6,,True
/usr/lib/x86_64-linux-gnu/gconv/ASMO_449.so,dpkg package metadata,dpkg:libc-gconv-modules-extra:amd64,f5d82ff77293c7dde4f862542cf86deb58f030a317d7542fc0f6ce205ad192fd,libc.so.6,,True
/usr/lib/x86_64-linux-gnu/gconv/ISO-IR-197.so,dpkg package metadata,dpkg:libc-gconv-modules-extra:amd64,ad4cdeaf4b59ed021fcedcbff01b68bf365a82533ace4ec132f5add560de0677,libc.so.6,,True
/usr/lib/x86_64-linux-gnu/gconv/IBM904.so,dpkg package metadata,dpkg:libc-gconv-modules-extra:amd64,72556999eb48282bacff7ef835b097d48dd01803ceccca9cf5f01e2354c05a2d,libc.so.6,,True
/usr/lib/x86_64-linux-gnu/gconv/IBM437.so,dpkg package metadata,dpkg:libc-gconv-modules-extra:amd64,9124a0ea6fe25e7f1383a43f9418fa4de0de52013e64754303acacb4cacb8dff,libc.so.6,,True
/usr/lib/x86_64-linux-gnu/gconv/CSN_369103.so,dpkg package metadata,dpkg:libc-gconv-modules-extra:amd64,881de85febe2c6aa96e38fd716d304d9e400d12f8455225f743a7ee9f6be380e,libc.so.6,,True
/usr/lib/x86_64-linux-gnu/gconv/IBM1399.so,dpkg package metadata,dpkg:libc-gconv-modules-extra:amd64,2ff45cab1c7eb562a5342a21911970301a734b8e46467fe662e4051d0987de05,libc.so.6,,True
/usr/lib/x86_64-linux-gnu/gconv/ISO8859-4.so,dpkg package metadata,dpkg:libc-gconv-modules-extra:amd64,dc9c46c8c305eed527540776b1cf57fccc767eb663e093f749394c2f5ee00502,libc.so.6,,True
/usr/lib/x86_64-linux-gnu/gconv/IBM803.so,dpkg package metadata,dpkg:libc-gconv-modules-extra:amd64,ce04646b65a0144d7b345f268c9ba348df7a94a2a7d2d00db2ba7e5b41632f6a,libc.so.6,,True
/usr/lib/x86_64-linux-gnu/gconv/IBM939.so,dpkg package metadata,dpkg:libc-gconv-modules-extra:amd64,78e449cd18dfe445a9da7567f07dbedead0fa50a6e909ef8f7530e847c565015,libc.so.6,,True
/usr/lib/x86_64-linux-gnu/gconv/EBCDIC-AT-DE-A.so,dpkg package metadata,dpkg:libc-gconv-modules-extra:amd64,5cefeda78d3cb01fe06139c17ac63614823b5c99a0e222ed5ec6c580477e13ac,libc.so.6,,True
/usr/lib/x86_64-linux-gnu/gconv/UHC.so,dpkg package metadata,dpkg:libc-gconv-modules-extra:amd64,d8ec607e150c1ed506625171a1f0992ce0e67b7ba428cf62ac698edfd3bff938,libKSC.so;libc.so.6,,True
/usr/lib/x86_64-linux-gnu/gconv/BIG5.so,dpkg package metadata,dpkg:libc-gconv-modules-extra:amd64,ae6ebca7437cc35fbd124947d87a31a5ba37132a3033eb002a513c8ef1314eb4,libc.so.6,,True
/usr/lib/x86_64-linux-gnu/gconv/IBM943.so,dpkg package metadata,dpkg:libc-gconv-modules-extra:amd64,ecc20d23c83fce13fbcb09fc2665cd890a8b5826c530073a99743f1005d927c5,libc.so.6,,True
/usr/lib/x86_64-linux-gnu/gconv/MAC-CENTRALEUROPE.so,dpkg package metadata,dpkg:libc-gconv-modules-extra:amd64,72dd572a6dbe87a1a62d2012686a9d2b4dfae2069744d0af888abd16272ab011,libc.so.6,,True
/usr/lib/x86_64-linux-gnu/gconv/EBCDIC-FI-SE-A.so,dpkg package metadata,dpkg:libc-gconv-modules-extra:amd64,57942d561f92c165aba39ebb04b02982677ea2664a2cb58725903084855cfe28,libc.so.6,,True
/usr/lib/x86_64-linux-gnu/gconv/IBM1097.so,dpkg package metadata,dpkg:libc-gconv-modules-extra:amd64,7d8cba403955ac6c802905b42cb8ce409919dac77acbc4a5b626bb94dc44a8d7,libc.so.6,,True
/usr/lib/x86_64-linux-gnu/gconv/IBM858.so,dpkg package metadata,dpkg:libc-gconv-modules-extra:amd64,5672087cb60a1ec30ce14fa1432876a3313444a2b47560086b065d66e1acfed8,libc.so.6,,True
/usr/lib/x86_64-linux-gnu/gconv/ISO_5427.so,dpkg package metadata,dpkg:libc-gconv-modules-extra:amd64,8877c98bced8a9392e2c61d945648e3812926e302821e674ea34e40203cfe9a6,libc.so.6,,True
/usr/lib/x86_64-linux-gnu/gconv/IBM874.so,dpkg package metadata,dpkg:libc-gconv-modules-extra:amd64,ed52986c01947067aab18cf2db93efcf285645aca8a1d2ccd3be4c62f495038d,libc.so.6,,True
/usr/lib/x86_64-linux-gnu/gconv/IBM037.so,dpkg package metadata,dpkg:libc-gconv-modules-extra:amd64,141d64d437301abb4739c134cb200aef718e541fb40c3999a0693837f08e3e28,libc.so.6,,True
/usr/lib/x86_64-linux-gnu/gconv/EBCDIC-FR.so,dpkg package metadata,dpkg:libc-gconv-modules-extra:amd64,7a47ddf8b474171736598bbdb7c5a1fd88f260a101634b3126bd6afaa7c9fe8b,libc.so.6,,True
/usr/lib/x86_64-linux-gnu/gconv/EUC-KR.so,dpkg package metadata,dpkg:libc-gconv-modules-extra:amd64,50a05b6ef37af678153ee2f4817782e8f4cec4f829668adb930aa76204fb09a3,libKSC.so;libc.so.6,,True
/usr/lib/x86_64-linux-gnu/gconv/ISO_11548-1.so,dpkg package metadata,dpkg:libc-gconv-modules-extra:amd64,b4f4e594b3dcdb3d57d30e734b713075be54b44abb32048a2f6097c63156eb17,libc.so.6,,True
/usr/lib/x86_64-linux-gnu/gconv/IBM1143.so,dpkg package metadata,dpkg:libc-gconv-modules-extra:amd64,47cb0e4ede3fc2a68491ea04999c39d6db3545eb433be60e2d1d2fa63328256c,libc.so.6,,True
/usr/lib/x86_64-linux-gnu/gconv/IBM9448.so,dpkg package metadata,dpkg:libc-gconv-modules-extra:amd64,06c58c2c139abca894cc74fbb675c3e11ef85951a3b767b74dfc026c56ac9090,libc.so.6,,True
/usr/lib/x86_64-linux-gnu/gconv/IBM1157.so,dpkg package metadata,dpkg:libc-gconv-modules-extra:amd64,684179871040700fb242a626d410126de9f90dc059e8de487c920f4b7f96a0b4,libc.so.6,,True
/usr/lib/x86_64-linux-gnu/gconv/DEC-MCS.so,dpkg package metadata,dpkg:libc-gconv-modules-extra:amd64,e8c093647fb5ef0b4a60f6115a984d501eeef5fb7c35f6b911be9b7f96420c78,libc.so.6,,True
/usr/lib/x86_64-linux-gnu/gconv/BRF.so,dpkg package metadata,dpkg:libc-gconv-modules-extra:amd64,0ff55085e23a5fb2d0e4418b0bb0c9d037631cd6bf672b08a51fda80743afee7,libc.so.6,,True
/usr/lib/x86_64-linux-gnu/gconv/ISIRI-3342.so,dpkg package metadata,dpkg:libc-gconv-modules-extra:amd64,5669019178d0b3ed78fdd9766a70c57ad1ab577a374e1947162a042d2210e31f,libc.so.6,,True
/usr/lib/x86_64-linux-gnu/gconv/IBM1026.so,dpkg package metadata,dpkg:libc-gconv-modules-extra:amd64,1b96d266e47068acf364e28564e690b1daf30f8d317c79f4a1c11d6c7cb09097,libc.so.6,,True
/usr/lib/x86_64-linux-gnu/gconv/MIK.so,dpkg package metadata,dpkg:libc-gconv-modules-extra:amd64,6740b33234be1ece120d318ba606de646b0a6be321a38f1d3b617555e5eb4ba3,libc.so.6,,True
/usr/lib/x86_64-linux-gnu/gconv/IBM937.so,dpkg package metadata,dpkg:libc-gconv-modules-extra:amd64,dbca4ae6d5fcf244701779fa375e0707203f20d4c4f6c881d09990d7ff6e2552,libc.so.6,,True
/usr/lib/x86_64-linux-gnu/gconv/IBM1164.so,dpkg package metadata,dpkg:libc-gconv-modules-extra:amd64,9286549fa0b8d426a2b6631d2ea378777b9fe0d99478585b0eb5a0dd4696c06b,libc.so.6,,True
/usr/lib/x86_64-linux-gnu/gconv/EBCDIC-ES.so,dpkg package metadata,dpkg:libc-gconv-modules-extra:amd64,d9fde7f9422a3bfa2345ba31f4839b57fb5a2ab78aeb6593ca875b5cc980f387,libc.so.6,,True
/usr/lib/x86_64-linux-gnu/gconv/HP-GREEK8.so,dpkg package metadata,dpkg:libc-gconv-modules-extra:amd64,d848d1b012f4fed07aa1ff8aad4a5e50b191c43e44a659b31483c676982df296,libc.so.6,,True
/usr/lib/x86_64-linux-gnu/gconv/EBCDIC-IS-FRISS.so,dpkg package metadata,dpkg:libc-gconv-modules-extra:amd64,c987473112200f1e17de074f624c9628dc8fc96a0df490a5038a649ab15b3c47,libc.so.6,,True
/usr/lib/x86_64-linux-gnu/gconv/ISO8859-16.so,dpkg package metadata,dpkg:libc-gconv-modules-extra:amd64,b6029884b734067394d3d83cc1025dc97a7d7460e9263d95e35fde3962ee165b,libc.so.6,,True
/usr/lib/x86_64-linux-gnu/gconv/IBM1156.so,dpkg package metadata,dpkg:libc-gconv-modules-extra:amd64,c617d1b6e1efa37e30131be37b66235561328a85902c67d11a597f569bc8df5e,libc.so.6,,True
/usr/lib/x86_64-linux-gnu/gconv/ISO646.so,dpkg package metadata,dpkg:libc-gconv-modules-extra:amd64,c906ae37294c0cf9d739f3679ff029c3dc9ee6f54ea10560af5a620ba2903972,libc.so.6,,True
/usr/lib/x86_64-linux-gnu/gconv/CP774.so,dpkg package metadata,dpkg:libc-gconv-modules-extra:amd64,7c84d90ea8a0f66eaccafaf1cc3d9a1a23a2e962b10a0575199fb571ee201252,libc.so.6,,True
/usr/lib/x86_64-linux-gnu/gconv/CP773.so,dpkg package metadata,dpkg:libc-gconv-modules-extra:amd64,0094342bb3129ea221652e8bda62dd979651dad40fa892553422c422acc8e20c,libc.so.6,,True
/usr/lib/x86_64-linux-gnu/gconv/EUC-JISX0213.so,dpkg package metadata,dpkg:libc-gconv-modules-extra:amd64,df08a8d9a888efc34d19cf6a7e71aa37d8317f145ce74672d5966ac7b5a9b1e9,libJISX0213.so;libc.so.6,,True
/usr/lib/x86_64-linux-gnu/gconv/ISO_5427-EXT.so,dpkg package metadata,dpkg:libc-gconv-modules-extra:amd64,675699911c871e7339a6390dff85a8556b90ec7736e2b132752586f554457327,libc.so.6,,True
/usr/lib/x86_64-linux-gnu/gconv/IBM1137.so,dpkg package metadata,dpkg:libc-gconv-modules-extra:amd64,d552a90f69adc75553a666233ee248e33f27dd09dab69d6b69c4197de5282212,libc.so.6,,True
/usr/lib/x86_64-linux-gnu/gconv/EUC-JP-MS.so,dpkg package metadata,dpkg:libc-gconv-modules-extra:amd64,b89f0503cd660af1f23dd89ea7fdf0f627a0e1b91faf90171edf15156e0769d3,libJIS.so;libc.so.6,,True
/usr/lib/x86_64-linux-gnu/gconv/IBM297.so,dpkg package metadata,dpkg:libc-gconv-modules-extra:amd64,2bd5fdb2794a583482df351f48cc6538ad5629fe228869bf2f038f49c829d9fd,libc.so.6,,True
/usr/lib/x86_64-linux-gnu/gconv/JOHAB.so,dpkg package metadata,dpkg:libc-gconv-modules-extra:amd64,0da392eebb6b3e39a1bf9291d9e8ba4752f0420f16cbb218eca9073ed835cd9c,libKSC.so;libc.so.6,,True
/usr/lib/x86_64-linux-gnu/gconv/IBM1158.so,dpkg package metadata,dpkg:libc-gconv-modules-extra:amd64,8aa36d95a2ecd74abf39105cd5296d844a4f68d383093db75107e57fc8c50ce2,libc.so.6,,True
/usr/lib/x86_64-linux-gnu/gconv/IBM1390.so,dpkg package metadata,dpkg:libc-gconv-modules-extra:amd64,00f4137aa4f5693ea40b33a674a284927910dc5310f266749591a59ed773aaeb,libc.so.6,,True
/usr/lib/x86_64-linux-gnu/gconv/IBM918.so,dpkg package metadata,dpkg:libc-gconv-modules-extra:amd64,73a07a9782805525ee595ed46d534fad4eed941c08d9a2152128b0b298564102,libc.so.6,,True
/usr/lib/x86_64-linux-gnu/gconv/ECMA-CYRILLIC.so,dpkg package metadata,dpkg:libc-gconv-modules-extra:amd64,23917b34c7fe1c100e7b173d10fde9a3802c45cd6607854c952d13b521a64c93,libc.so.6,,True
/usr/lib/x86_64-linux-gnu/gconv/GBBIG5.so,dpkg package metadata,dpkg:libc-gconv-modules-extra:amd64,262601e607e5423a98b999e488feca7fb5a877491ba10392e6b93854b86b20c1,libc.so.6,,True
/usr/lib/x86_64-linux-gnu/gconv/ISO-2022-JP-3.so,dpkg package metadata,dpkg:libc-gconv-modules-extra:amd64,093b1a2cc4da5c79878458667f293f07146855524612bf91f93db447667fc118,libJIS.so;libJISX0213.so;libc.so.6,,True
/usr/lib/x86_64-linux-gnu/gconv/IBM869.so,dpkg package metadata,dpkg:libc-gconv-modules-extra:amd64,476f1a0160f28c14e29eed64366a9698bed0cf1fe4767d0cfaadd0728e297483,libc.so.6,,True
/usr/lib/x86_64-linux-gnu/gconv/EBCDIC-AT-DE.so,dpkg package metadata,dpkg:libc-gconv-modules-extra:amd64,5fc876ff53a1a8e5c5a5efee8809f909aa425335b5bcdf8e1602dc89f30f479d,libc.so.6,,True
/usr/lib/x86_64-linux-gnu/gconv/CP1250.so,dpkg package metadata,dpkg:libc-gconv-modules-extra:amd64,56e78f471fdaa06385d21571dffaf4d1e784c9fefe2b0f51591c63ce155ca569,libc.so.6,,True
/usr/lib/x86_64-linux-gnu/gconv/BIG5HKSCS.so,dpkg package metadata,dpkg:libc-gconv-modules-extra:amd64,5851ac0d79c321d1e4ee1b641f64a4fcf1056ef996d549e01c0bcc97132e50a4,libc.so.6,,True
/usr/lib/x86_64-linux-gnu/gconv/IBM500.so,dpkg package metadata,dpkg:libc-gconv-modules-extra:amd64,0483fb7cdf67634fd231a410fa3e03b59ad3634caa4c929554148918f7ff1946,libc.so.6,,True
/usr/lib/x86_64-linux-gnu/gconv/TSCII.so,dpkg package metadata,dpkg:libc-gconv-modules-extra:amd64,554eb58ff84a9255d67b09c46968b53775ef117e7980eac1d03b9e1fbf683e6b,libc.so.6,,True
/usr/lib/x86_64-linux-gnu/gconv/HP-ROMAN8.so,dpkg package metadata,dpkg:libc-gconv-modules-extra:amd64,f78e2e220b91d2561a9a7890b4d613d2dcfb7531f4e9fffe93e59cd72533079d,libc.so.6,,True
/usr/lib/x86_64-linux-gnu/gconv/HP-THAI8.so,dpkg package metadata,dpkg:libc-gconv-modules-extra:amd64,a238581cbb75bd2270aa9ff96c21079d04bb1ce94df1d711e3301a9ffbddd370,libc.so.6,,True
/usr/lib/x86_64-linux-gnu/gconv/HP-ROMAN9.so,dpkg package metadata,dpkg:libc-gconv-modules-extra:amd64,cc965dcb366b833b46aa5b2f8a298623b1685d605d02deccb6cb41b8bd208e91,libc.so.6,,True
/usr/lib/x86_64-linux-gnu/gconv/IBM274.so,dpkg package metadata,dpkg:libc-gconv-modules-extra:amd64,d3781f5e3baaf3afb08cc12d98e35695b44f259d3beda0ac35b4699a212c32c0,libc.so.6,,True
/usr/lib/x86_64-linux-gnu/gconv/UTF-16.so,dpkg package metadata,dpkg:libc6:amd64,cf820b283fff3451f98c5c6d624de79dae354a2315e8432fce1dfd42fe541e71,libc.so.6,,True
/usr/lib/x86_64-linux-gnu/gconv/libCNS.so,dpkg package metadata,dpkg:libc-gconv-modules-extra:amd64,3626544fc861298ef6fb5ee01878f6da30b3094d3b061a88e348f8c861dd96bc,libc.so.6,,True
/usr/lib/x86_64-linux-gnu/gconv/libGB.so,dpkg package metadata,dpkg:libc-gconv-modules-extra:amd64,20529937f6be57c603f083206b9a83e658510837e52a4363f5e5a6f93908f853,libc.so.6,,True
/usr/lib/x86_64-linux-gnu/gconv/LATIN-GREEK.so,dpkg package metadata,dpkg:libc-gconv-modules-extra:amd64,cdeddee1b878ecb32d6a9f67393bc5dd44cf3bf69315ef6f6478d9af1d2ec010,libc.so.6,,True
/usr/lib/x86_64-linux-gnu/gconv/GOST_19768-74.so,dpkg package metadata,dpkg:libc-gconv-modules-extra:amd64,49c07d400ede834655a135724a8e26c2e07ac26c4ba692fd26b05910eef0fbd3,libc.so.6,,True
/usr/lib/x86_64-linux-gnu/gconv/UNICODE.so,dpkg package metadata,dpkg:libc6:amd64,0e95f4abbc584863b78718d2b8ab0bb6a8ab0ccd78d3c97f952e4c6b45c193d6,libc.so.6,,True
/usr/lib/x86_64-linux-gnu/gconv/IBM9066.so,dpkg package metadata,dpkg:libc-gconv-modules-extra:amd64,5ac66e56920bc22caa6377f2ea45cc70f51ef372bf5e9a56f448dfd0b74dec2b,libc.so.6,,True
/usr/lib/x86_64-linux-gnu/gconv/CP1256.so,dpkg package metadata,dpkg:libc-gconv-modules-extra:amd64,37d80cf061ce55dabb676f39c571716d7343787e85782963de391837cca52ccd,libc.so.6,,True
/usr/lib/x86_64-linux-gnu/gconv/IBM851.so,dpkg package metadata,dpkg:libc-gconv-modules-extra:amd64,40a89315df0146b1e96f5b15bf40c11991d7e0aadeb82de82fb322193bf23146,libc.so.6,,True
/usr/lib/x86_64-linux-gnu/gconv/IBM1160.so,dpkg package metadata,dpkg:libc-gconv-modules-extra:amd64,970f4bda4443ea458778f7fccad519d122528f7a36455ec925cc6c0604a86485,libc.so.6,,True
/usr/lib/x86_64-linux-gnu/gconv/IBM862.so,dpkg package metadata,dpkg:libc-gconv-modules-extra:amd64,ccfc0a1be3a69598d4fa25f3eeb5dd8b3d7404f4462ba4c15b10a993f4d35e9f,libc.so.6,,True
/usr/lib/x86_64-linux-gnu/gconv/GREEK7-OLD.so,dpkg package metadata,dpkg:libc-gconv-modules-extra:amd64,f33e3fc4d0f16c35eb567ca22da96708a9c88ab44f46cc4b9612437c22aa6a8a,libc.so.6,,True
/usr/lib/x86_64-linux-gnu/gconv/IBM852.so,dpkg package metadata,dpkg:libc-gconv-modules-extra:amd64,a0333806bdc475927b5836ced1c3514cfb60a617f46638096cd724ea4887993c,libc.so.6,,True
/usr/lib/x86_64-linux-gnu/gconv/IBM256.so,dpkg package metadata,dpkg:libc-gconv-modules-extra:amd64,2d9b23ea782bc1535c650b7d8c6e8b220fa67423fd2246455d5b37f64192ff69,libc.so.6,,True
/usr/lib/x86_64-linux-gnu/gconv/CP737.so,dpkg package metadata,dpkg:libc-gconv-modules-extra:amd64,39a35b42d619e30aed1178e471ddb600a028fb60e70faaff390fd7c4461b2577,libc.so.6,,True
/usr/lib/x86_64-linux-gnu/gconv/IBM285.so,dpkg package metadata,dpkg:libc-gconv-modules-extra:amd64,c58d05b090f027581cd6e79c7f5bd0fef7f2fbf1534d0596c6fed691aa001be0,libc.so.6,,True
/usr/lib/x86_64-linux-gnu/gconv/ISO-IR-209.so,dpkg package metadata,dpkg:libc-gconv-modules-extra:amd64,2be810cff6a47a1533270497e2600b6d88902731098dce3b24651c159ce1f8d5,libc.so.6,,True
/usr/lib/x86_64-linux-gnu/gconv/MAC-UK.so,dpkg package metadata,dpkg:libc-gconv-modules-extra:amd64,694f9e934f1deebeca3f3c8f5cce4b04436f497aae1c1c862ae48ef37c3fdffc,libc.so.6,,True
/usr/lib/x86_64-linux-gnu/gconv/ISO_10367-BOX.so,dpkg package metadata,dpkg:libc-gconv-modules-extra:amd64,140e3c822cb18bcc1fa53701cdf26cf5e4520a5373b3e3c4c5c46b25a8e71ab9,libc.so.6,,True
/usr/lib/x86_64-linux-gnu/gconv/IBM1364.so,dpkg package metadata,dpkg:libc-gconv-modules-extra:amd64,c90bbbe11042c0bd7059064d96d4d82d39a582a1531f831eb0b77cc8a3e1b9ab,libc.so.6,,True
/usr/lib/x86_64-linux-gnu/gconv/CP1253.so,dpkg package metadata,dpkg:libc-gconv-modules-extra:amd64,c550d54fb89d782d9b48bb4f5550236aef7e83cdc579723c6af4aae724e0ae9d,libc.so.6,,True
/usr/lib/x86_64-linux-gnu/gconv/IBM1122.so,dpkg package metadata,dpkg:libc-gconv-modules-extra:amd64,591853c762ebdd620a61fb613aa503e1bfbf010ad8125e7d2ee86345a76ea493,libc.so.6,,True
/usr/lib/x86_64-linux-gnu/gconv/IBM1132.so,dpkg package metadata,dpkg:libc-gconv-modules-extra:amd64,49396729d6ccd20e50f82775e325241782fcc88a72faa440a7ef00ee3a13b779,libc.so.6,,True
/usr/lib/x86_64-linux-gnu/gconv/INIS-CYRILLIC.so,dpkg package metadata,dpkg:libc-gconv-modules-extra:amd64,9545d859ab1fbabe45f476365964a980200396e82f5aecac53ed91f9635e4c59,libc.so.6,,True
/usr/lib/x86_64-linux-gnu/gconv/IBM1133.so,dpkg package metadata,dpkg:libc-gconv-modules-extra:amd64,2222c61999caa1b28c3006bec59b40140296b758bbf5301842e8ca83ca587708,libc.so.6,,True
/usr/lib/x86_64-linux-gnu/gconv/NATS-DANO.so,dpkg package metadata,dpkg:libc-gconv-modules-extra:amd64,5d390eb881b663f00a0995d04492cd9db5a066b3c17a1f124dec185a1ac0f949,libc.so.6,,True
/usr/lib/x86_64-linux-gnu/gconv/IBM864.so,dpkg package metadata,dpkg:libc-gconv-modules-extra:amd64,00d691f5955d90e55cd8541b42603593e00d102fef1676e444c1331076fae221,libc.so.6,,True
/usr/lib/x86_64-linux-gnu/gconv/IBM1025.so,dpkg package metadata,dpkg:libc-gconv-modules-extra:amd64,60d4941a32e76ef26f7abbf30f8b6c6780a2f9d796586547390498af797a3c76,libc.so.6,,True
/usr/lib/x86_64-linux-gnu/gconv/IBM891.so,dpkg package metadata,dpkg:libc-gconv-modules-extra:amd64,9a7f25d998b73bdb05547d1c3ef08aa6894f9348124e6302ad6dfbd2aaf91406,libc.so.6,,True
/usr/lib/x86_64-linux-gnu/gconv/IBM9030.so,dpkg package metadata,dpkg:libc-gconv-modules-extra:amd64,980bd340dbae14287027ffd3ee2517d78b0dab6b90b83b12186e53c3c9631d5f,libc.so.6,,True
/usr/lib/x86_64-linux-gnu/gconv/RK1048.so,dpkg package metadata,dpkg:libc-gconv-modules-extra:amd64,805a38d9dd8887aa83f7a852825db8de34a146755101aec8bcacb9a5d9460364,libc.so.6,,True
/usr/lib/x86_64-linux-gnu/gconv/ISO8859-15.so,dpkg package metadata,dpkg:libc6:amd64,fa34ce3b977ffeb4b7b3888a17aefb5603ce5ab3a4f1a0ce5bb1de8b2da9ecf2,libc.so.6,,True
/usr/lib/x86_64-linux-gnu/gconv/IBM903.so,dpkg package metadata,dpkg:libc-gconv-modules-extra:amd64,3d118f083d6562374a886ee3f171a8538c326486dfccf308ebe218819bf7d77a,libc.so.6,,True
/usr/lib/x86_64-linux-gnu/gconv/IBM1149.so,dpkg package metadata,dpkg:libc-gconv-modules-extra:amd64,c491b51d1f360d58344caa72a8f47f3a0a8bf11be551f9fbb09b748e5c153a59,libc.so.6,,True
/usr/lib/x86_64-linux-gnu/gconv/CP1125.so,dpkg package metadata,dpkg:libc-gconv-modules-extra:amd64,a2b3bf5547b8bb0859dfc395dc621bf9140a8399e51a17c8cc7047a5e54f7f3d,libc.so.6,,True
/usr/lib/x86_64-linux-gnu/gconv/IBM423.so,dpkg package metadata,dpkg:libc-gconv-modules-extra:amd64,920c2d8798f462f9c2ddbd31581073d67a1d4fee00f76fe70ab7d2138fde65b7,libc.so.6,,True
/usr/lib/x86_64-linux-gnu/gconv/ISO8859-1.so,dpkg package metadata,dpkg:libc6:amd64,d59daa5038195fe844c904f5fec0dcc1673986e78890b3b5161569fc78a88b90,libc.so.6,,True
/usr/lib/x86_64-linux-gnu/gconv/IBM278.so,dpkg package metadata,dpkg:libc-gconv-modules-extra:amd64,ca9e4d291cfde0fd78896a26a783d1e9d0bbdf96e00ed1003d783933032efb99,libc.so.6,,True
/usr/lib/x86_64-linux-gnu/gconv/IBM1161.so,dpkg package metadata,dpkg:libc-gconv-modules-extra:amd64,9645545eb80b32df58b0cfc997f366a8605b100fa6ea6191662381f260b11f5c,libc.so.6,,True
/usr/lib/x86_64-linux-gnu/gconv/EBCDIC-DK-NO-A.so,dpkg package metadata,dpkg:libc-gconv-modules-extra:amd64,80597eac6bd067c35ca31bdbcd47640aca1dd9edb3a552257629d8219c85a7fd,libc.so.6,,True
/usr/lib/x86_64-linux-gnu/gconv/ISO-2022-CN.so,dpkg package metadata,dpkg:libc-gconv-modules-extra:amd64,07797613b8bb13312553a9ec1e00fcd7565313f501a39762b3453e6ce7298225,libGB.so;libCNS.so;libc.so.6,,True
/usr/lib/x86_64-linux-gnu/gconv/IBM856.so,dpkg package metadata,dpkg:libc-gconv-modules-extra:amd64,0d21a0a88e4fd0ae124f6666d956536ed6aeccd7098f60c727d826a5721d7839,libc.so.6,,True
/usr/lib/x86_64-linux-gnu/gconv/IBM1130.so,dpkg package metadata,dpkg:libc-gconv-modules-extra:amd64,7f5bc5da0b1dce251e562e64875356f7ad3dbb472e61a635195aa17937bee611,libc.so.6,,True
/usr/lib/x86_64-linux-gnu/gconv/IBM857.so,dpkg package metadata,dpkg:libc-gconv-modules-extra:amd64,74c71f037539c9cf35e39f122c76c994f19a2b4a2fda6b39978a09b18b4dea00,libc.so.6,,True
/usr/lib/x86_64-linux-gnu/gconv/IBM863.so,dpkg package metadata,dpkg:libc-gconv-modules-extra:amd64,cb396125e3dab4ebc50fdea11b40171884b763d93ec497ff43040a3239f365f7,libc.so.6,,True
/usr/lib/x86_64-linux-gnu/gconv/MAC-IS.so,dpkg package metadata,dpkg:libc-gconv-modules-extra:amd64,db496f89d099bb88ccbb56cfdf5197b820c9f003805ab3e2d4948ff27486b45b,libc.so.6,,True
/usr/lib/x86_64-linux-gnu/gconv/IBM875.so,dpkg package metadata,dpkg:libc-gconv-modules-extra:amd64,e058083334d827f4c7e3cdb8a3cd562840809b4afddb69c4e0ff5ed77e99f602,libc.so.6,,True
/usr/lib/x86_64-linux-gnu/gconv/ISO_2033.so,dpkg package metadata,dpkg:libc-gconv-modules-extra:amd64,4fba300d2e942e07d9459f21382969fdf6a2443fd7267348d35a1771d27e388d,libc.so.6,,True
/usr/lib/x86_64-linux-gnu/gconv/INIS.so,dpkg package metadata,dpkg:libc-gconv-modules-extra:amd64,498cf9aa6ef0e167047477b17257ac337a8af495b7be256f0dce9c0545ed76c9,libc.so.6,,True
/usr/lib/x86_64-linux-gnu/gconv/HP-TURKISH8.so,dpkg package metadata,dpkg:libc-gconv-modules-extra:amd64,c2c7801e23e1ffe9ad730ab8620c99ebd5e5593bc1eb4940a9e076a63da72325,libc.so.6,,True
/usr/lib/x86_64-linux-gnu/gconv/IBM1388.so,dpkg package metadata,dpkg:libc-gconv-modules-extra:amd64,6355f65bd028c8cb45c555e7a9d80cd755149cd08dc4ea2cc597095694f11558,libc.so.6,,True
/usr/lib/x86_64-linux-gnu/gconv/IBM868.so,dpkg package metadata,dpkg:libc-gconv-modules-extra:amd64,7e2a706c2d8e8da8528a8e28d8b9bc23db781e3989d1389ae459190b4a1f505e,libc.so.6,,True
/usr/lib/x86_64-linux-gnu/gconv/IBM1154.so,dpkg package metadata,dpkg:libc-gconv-modules-extra:amd64,fe123d5619bece3ea7006217e3ea132f5298f314f7df08a97a9bdda747a04b4b,libc.so.6,,True
/usr/lib/x86_64-linux-gnu/gconv/CP1252.so,dpkg package metadata,dpkg:libc6:amd64,71eb1be06bc123cfebbbaf4b8884424ee30fa811b34bcc2b9a9fdea4948ccead,libc.so.6,,True
/usr/lib/x86_64-linux-gnu/gconv/EBCDIC-DK-NO.so,dpkg package metadata,dpkg:libc-gconv-modules-extra:amd64,fb771c6bd98b5a8a1777ab3c3e931c1250024ab09f7bafa264893bfecb687a26,libc.so.6,,True
/usr/lib/x86_64-linux-gnu/gconv/IBM935.so,dpkg package metadata,dpkg:libc-gconv-modules-extra:amd64,3517d5745209b5bd0de79f0da97c1dc4bd1209394ae42600d185bfce735713d1,libc.so.6,,True
/usr/lib/x86_64-linux-gnu/gconv/UTF-7.so,dpkg package metadata,dpkg:libc6:amd64,3848d0f7e942d787a38e2181ff507128a20d1adf421cb8f2e962d444aa9e38a3,libc.so.6,,True
/usr/lib/x86_64-linux-gnu/gconv/IBM860.so,dpkg package metadata,dpkg:libc-gconv-modules-extra:amd64,7d72c7290eec1bf00f5d7f5595b137cc88e8154461c8da1ad40ea4e168158f18,libc.so.6,,True
/usr/lib/x86_64-linux-gnu/gconv/IBM1371.so,dpkg package metadata,dpkg:libc-gconv-modules-extra:amd64,478a57e4fc576dd41f756a1ae41c28df79466d28b4023f518f456c4a9b992001,libc.so.6,,True
/usr/lib/x86_64-linux-gnu/gconv/IBM1008_420.so,dpkg package metadata,dpkg:libc-gconv-modules-extra:amd64,e7c91658363cfaefc3df0729ad193e518c06238ad7d8d8756e40a60c1168387d,libc.so.6,,True
/usr/lib/x86_64-linux-gnu/gconv/IBM1004.so,dpkg package metadata,dpkg:libc-gconv-modules-extra:amd64,b32d6d3adc3fbe6d21750b73ec21a381cf92bf2382c153162b8dfb0bfbbf5240,libc.so.6,,True
/usr/lib/x86_64-linux-gnu/gconv/CP1257.so,dpkg package metadata,dpkg:libc-gconv-modules-extra:amd64,25a7924a8eb132947bb38aae301dc0e9987f048b8a5d8193d6056a214440b9a0,libc.so.6,,True
/usr/lib/x86_64-linux-gnu/gconv/GREEK7.so,dpkg package metadata,dpkg:libc-gconv-modules-extra:amd64,53773f37214efb3eff300998194e7e272a4ab217bdf45744546170e636552b85,libc.so.6,,True
/usr/lib/x86_64-linux-gnu/gconv/ISO-2022-CN-EXT.so,dpkg package metadata,dpkg:libc-gconv-modules-extra:amd64,0b6292544a76c0adf532433a86f1efcc836e52f6dec12cce422912fd80a11b0e,libGB.so;libCNS.so;libISOIR165.so;libc.so.6,,True
/usr/lib/x86_64-linux-gnu/gconv/ISO8859-2.so,dpkg package metadata,dpkg:libc-gconv-modules-extra:amd64,f7aee91b25b7873796bfde558ade43d4f434b4b7ac336ba240108e344d49da52,libc.so.6,,True
/usr/lib/x86_64-linux-gnu/gconv/libKSC.so,dpkg package metadata,dpkg:libc-gconv-modules-extra:amd64,e08b53c4f1865f328abd9dec96ff69945a422c29bf2fd6a0cf4b5f8ff7fa3ea7,libc.so.6,,True
/usr/lib/x86_64-linux-gnu/gconv/CP1258.so,dpkg package metadata,dpkg:libc-gconv-modules-extra:amd64,4e0e31aa73dc4ab01963db8ae65039bf89203f47a1339d5223adda826d316f4f,libc.so.6,,True
/usr/lib/x86_64-linux-gnu/gconv/IBM275.so,dpkg package metadata,dpkg:libc-gconv-modules-extra:amd64,3569e84eaa5861a5d636011da2df464d7c707ed6570da1bcc4edddc70c7764b5,libc.so.6,,True
/usr/lib/x86_64-linux-gnu/gconv/IBM866.so,dpkg package metadata,dpkg:libc-gconv-modules-extra:amd64,508f6fd38b10616a39579102380f6c18f5349cfd3c82ef671aeab9a98e8a0413,libc.so.6,,True
/usr/lib/x86_64-linux-gnu/gconv/IBM1163.so,dpkg package metadata,dpkg:libc-gconv-modules-extra:amd64,7034cea4b2d4003de77ab20e95940aa45f5563f17d27e9cfc3897615eb26215c,libc.so.6,,True
/usr/lib/x86_64-linux-gnu/gconv/IBM933.so,dpkg package metadata,dpkg:libc-gconv-modules-extra:amd64,cd0ed95453de5445784f7f7004e96c62c0fd8b2bc8a8b96288caabe36eba6ca7,libc.so.6,,True
/usr/lib/x86_64-linux-gnu/gconv/IBM932.so,dpkg package metadata,dpkg:libc-gconv-modules-extra:amd64,faea78f8ab56b215d1f582d52a9cd25a9c9698d33b30fe4d99bb7d2f2cdbe34c,libc.so.6,,True
/usr/lib/x86_64-linux-gnu/gconv/MACINTOSH.so,dpkg package metadata,dpkg:libc-gconv-modules-extra:amd64,19bd0dd49eb1d615c186e693e183497511ee9d4bcfced26d30631bc6cc10d27c,libc.so.6,,True
/usr/lib/x86_64-linux-gnu/gconv/libJISX0213.so,dpkg package metadata,dpkg:libc-gconv-modules-extra:amd64,ee70884da14dd4b72f32544c96d669327cc8f6cc1eb60e89606e64e082d4f0a5,libc.so.6,,True
/usr/lib/x86_64-linux-gnu/gconv/GBK.so,dpkg package metadata,dpkg:libc-gconv-modules-extra:amd64,87d9205d8dca100fea16a41633fcf0c7ff2122808b6f0aee49ead41546cbe032,libc.so.6,,True
/usr/lib/x86_64-linux-gnu/gconv/IBM1112.so,dpkg package metadata,dpkg:libc-gconv-modules-extra:amd64,694817ba981334cf4a50aba17d0586cfce0ca306097b9914704f12e7cbbb77e1,libc.so.6,,True
/usr/lib/x86_64-linux-gnu/gconv/KOI8-RU.so,dpkg package metadata,dpkg:libc-gconv-modules-extra:amd64,d2b485421b721225d6c930949bf18142f5eca3d8f19977cb4c7bad9dc99a22e2,libc.so.6,,True
/usr/lib/x86_64-linux-gnu/gconv/IBM273.so,dpkg package metadata,dpkg:libc-gconv-modules-extra:amd64,e30c6783eec1522009f5fe626c6c7e23ca15442e6fbc4e8243f4e01752d506e9,libc.so.6,,True
/usr/lib/x86_64-linux-gnu/gconv/EBCDIC-US.so,dpkg package metadata,dpkg:libc-gconv-modules-extra:amd64,3e8a042e1613410a859edc6e28589ee8fd081341320e7f713de8d555a2d9012d,libc.so.6,,True
/usr/lib/x86_64-linux-gnu/gconv/IEC_P27-1.so,dpkg package metadata,dpkg:libc-gconv-modules-extra:amd64,ca75aa357d5bb693dbb2b65e75473702dce1e72fc6a2f2060f4b5a7fde384c5a,libc.so.6,,True
/usr/lib/x86_64-linux-gnu/gconv/IBM871.so,dpkg package metadata,dpkg:libc-gconv-modules-extra:amd64,b8a5f809afa42b415a6e50204c985f77e0e6e7997511f7261603e1e4d7f2a9f3,libc.so.6,,True
/usr/lib/x86_64-linux-gnu/gconv/IBM1129.so,dpkg package metadata,dpkg:libc-gconv-modules-extra:amd64,b326c6ff852702990d3cba48b8cb384e1e7f9acc13f2590606a2b161121121a9,libc.so.6,,True
/usr/lib/x86_64-linux-gnu/gconv/ISO8859-9.so,dpkg package metadata,dpkg:libc-gconv-modules-extra:amd64,a69b9c8c2fc21baf0fc1c3768a48aa298c35afaba41fa4dae2b36a197d2daccf,libc.so.6,,True
/usr/lib/x86_64-linux-gnu/gconv/MAC-SAMI.so,dpkg package metadata,dpkg:libc-gconv-modules-extra:amd64,4c0fd3d0023bb0582506a7b1de419d6c93f92352822b43427f440b3ad468a90b,libc.so.6,,True
/usr/lib/x86_64-linux-gnu/gconv/IBM281.so,dpkg package metadata,dpkg:libc-gconv-modules-extra:amd64,62bbfb24469bae45f746f592ada50768bc36170874054e0754ccbdbd61d6ef55,libc.so.6,,True
/usr/lib/x86_64-linux-gnu/gconv/IBM1123.so,dpkg package metadata,dpkg:libc-gconv-modules-extra:amd64,b0a4f0ec2ec62d2fa3c38a277f69e35a20ac21ea0cd9b980bfbc47d3897df61d,libc.so.6,,True
/usr/lib/x86_64-linux-gnu/gconv/IBM1046.so,dpkg package metadata,dpkg:libc-gconv-modules-extra:amd64,800502cad7ff45acb55040e81927d2ef10172df0c88633e3ba6b5872aed57073,libc.so.6,,True
/usr/lib/x86_64-linux-gnu/gconv/EUC-JP.so,dpkg package metadata,dpkg:libc-gconv-modules-extra:amd64,878f06f9d297c8e988536234688ef3b4e9d782cdffcd9ea2f03538efb69ab1ef,libJIS.so;libc.so.6,,True
/usr/lib/x86_64-linux-gnu/gconv/IBM1167.so,dpkg package metadata,dpkg:libc-gconv-modules-extra:amd64,46884cb513a01f5e3bd718440117f34a566778f262219ffa94df364e9bb41a60,libc.so.6,,True
/usr/lib/x86_64-linux-gnu/gconv/IBM12712.so,dpkg package metadata,dpkg:libc-gconv-modules-extra:amd64,90ce088f0ff1f1c7a282ec7d203cf77c14a91ab3f24d19b9aee3e93a065c0786,libc.so.6,,True
/usr/lib/x86_64-linux-gnu/gconv/INIS-8.so,dpkg package metadata,dpkg:libc-gconv-modules-extra:amd64,ff926fe540d12ed5f296fd3c538da94de285f511e846b1346b5cd46e42c7f7bd,libc.so.6,,True
/usr/lib/x86_64-linux-gnu/gconv/EBCDIC-CA-FR.so,dpkg package metadata,dpkg:libc-gconv-modules-extra:amd64,c0687ba371879b9e4f8e8386b54af1c491c13545e25827d653107ab8fcb53ce1,libc.so.6,,True
/usr/lib/x86_64-linux-gnu/gconv/ISO8859-10.so,dpkg package metadata,dpkg:libc-gconv-modules-extra:amd64,65dccbde91882c7a191a855379163652ec02f6b0a5bdbfa24a6d918673c53861,libc.so.6,,True
/usr/lib/x86_64-linux-gnu/gconv/EBCDIC-UK.so,dpkg package metadata,dpkg:libc-gconv-modules-extra:amd64,321aeb0adfd6b82f74b4e24a9fade37857225a404d897186c71272bcc3c1207d,libc.so.6,,True
/usr/lib/x86_64-linux-gnu/gconv/KOI8-T.so,dpkg package metadata,dpkg:libc-gconv-modules-extra:amd64,1818a9ae4eec3c461a46e99c196b2a0e9d4f8f05560a8c321068e16e5cf8c877,libc.so.6,,True
/usr/lib/x86_64-linux-gnu/gconv/IBM038.so,dpkg package metadata,dpkg:libc-gconv-modules-extra:amd64,4533e097c68f1da201713c38d83d8e487c509e7b5fbda6e227ea902c3e224f02,libc.so.6,,True
/usr/lib/x86_64-linux-gnu/gconv/GEORGIAN-ACADEMY.so,dpkg package metadata,dpkg:libc-gconv-modules-extra:amd64,dbbb5702c0499c6f955bcdc9ab48a341433fb12b2daf7aa2b424af97f427efa6,libc.so.6,,True
/usr/lib/x86_64-linux-gnu/gconv/GBGBK.so,dpkg package metadata,dpkg:libc-gconv-modules-extra:amd64,319a20e2b511aa1128c72c16eb643f608adf6184bbb23123cb0578cd5f87bdef,libc.so.6,,True
/usr/lib/x86_64-linux-gnu/gconv/IBM870.so,dpkg package metadata,dpkg:libc-gconv-modules-extra:amd64,18575a64488a8c96d1dbce55392e8a2d449f6ee7aba7964ac4d19336ead8e924,libc.so.6,,True
/usr/lib/x86_64-linux-gnu/gconv/IBM1141.so,dpkg package metadata,dpkg:libc-gconv-modules-extra:amd64,df15427dd67a02ba5d730ec9dc678f845d44ba3b6d7e48b3fce6387c981a6190,libc.so.6,,True
/usr/lib/x86_64-linux-gnu/gconv/IBM930.so,dpkg package metadata,dpkg:libc-gconv-modules-extra:amd64,4f9ad34eadb0bdc1d76e3e743308b1fe2dc7de2b632be3f591b443eb158ee435,libc.so.6,,True
/usr/lib/x86_64-linux-gnu/gconv/IBM4909.so,dpkg package metadata,dpkg:libc-gconv-modules-extra:amd64,f6a15009420beba5f9234e5e396d40cf4e5568545cebc8fe6dbd15b45a48ead5,libc.so.6,,True
/usr/lib/x86_64-linux-gnu/engines-3/afalg.so,dpkg package metadata,dpkg:libssl3t64:amd64,3e618bd6eb241107fe8631ce6fb3cf8818e16c9aa4feb63a63a744b659db9279,libcrypto.so.3;libc.so.6,,True
/usr/lib/x86_64-linux-gnu/engines-3/padlock.so,dpkg package metadata,dpkg:libssl3t64:amd64,b9940e8d66f1287424b188b021dd07f8c40214b70499c99a2eec0daf81c418e2,libcrypto.so.3;libc.so.6,,True
/usr/lib/x86_64-linux-gnu/engines-3/loader_attic.so,dpkg package metadata,dpkg:libssl3t64:amd64,1fc8ac52f96c5014c76264d87d9933ae45e5a8b754d9e793289661978eb85337,libcrypto.so.3;libc.so.6,,True
/usr/lib/x86_64-linux-gnu/perl-base/auto/Socket/Socket.so,dpkg package metadata,dpkg:perl-base,6964c23b65748c980a12ce5bec1964d0849ec1116bd65764e3eb4e3af4048b2d,libc.so.6,,True
/usr/lib/x86_64-linux-gnu/perl-base/auto/Fcntl/Fcntl.so,dpkg package metadata,dpkg:perl-base,cd0ed54bf7a2a6af25be161154f9a099e74a5d5dbdd36b343f3895b3d9768666,,,True
/usr/lib/x86_64-linux-gnu/perl-base/auto/re/re.so,dpkg package metadata,dpkg:perl-base,edc861ff58a40cec2c35975cb79b7b2739bd0333c04a380dfa2430cb3480778b,libc.so.6;ld-linux-x86-64.so.2,,True
/usr/lib/x86_64-linux-gnu/perl-base/auto/POSIX/POSIX.so,dpkg package metadata,dpkg:perl-base,0159f9a492ff2621f0318fe73c7bb374d54c85c4bdbb4f567bc0c2729214cfe4,libm.so.6;libc.so.6;ld-linux-x86-64.so.2,,True
/usr/lib/x86_64-linux-gnu/perl-base/auto/Cwd/Cwd.so,dpkg package metadata,dpkg:perl-base,50d60ce319bce34007e4ac34e0e06be662fb149ec352fb8ecd62e0b86aa0f7a8,libc.so.6,,True
/usr/lib/x86_64-linux-gnu/perl-base/auto/List/Util/Util.so,dpkg package metadata,dpkg:perl-base,17f7329d682f8ed29e2496d93740700bfd849b34d342839cec119cac12666f99,libc.so.6,,True
/usr/lib/x86_64-linux-gnu/perl-base/auto/Hash/Util/Util.so,dpkg package metadata,dpkg:perl-base,4f73b159ebb1f686c053336e2bdd4d053cea0d781c39175bd0b8abd8fb8b9325,libc.so.6,,True
/usr/lib/x86_64-linux-gnu/perl-base/auto/attributes/attributes.so,dpkg package metadata,dpkg:perl-base,eacd31c0002c29d65da747d3809640c84c84de00f388b4c2e03e7f41fb9dbe7d,libc.so.6,,True
/usr/lib/x86_64-linux-gnu/perl-base/auto/IO/IO.so,dpkg package metadata,dpkg:perl-base,92094ccd971c21d8ad21e989e8f2c1f45fdbaf7b37f24c5b11908b30f5249ed2,libc.so.6,,True
/usr/lib/x86_64-linux-gnu/perl-base/auto/File/Glob/Glob.so,dpkg package metadata,dpkg:perl-base,2b51604302eec7b329d0be154ca170d04803fc6e84d96a9584a7bdfb6c048252,libc.so.6;ld-linux-x86-64.so.2,,True
/usr/lib/x86_64-linux-gnu/ossl-modules/legacy.so,dpkg package metadata,dpkg:openssl-provider-legacy,9aa45ffc0462a98e8f0a754ed752035d7c8fef87fcda8145fb35683264236790,libcrypto.so.3;libc.so.6,,True
/usr/lib/x86_64-linux-gnu/security/pam_localuser.so,dpkg package metadata,dpkg:libpam-modules:amd64,646b5a246d24f465f67ea81e10e5235aa95833136aa5a3ab31def755d0629717,libpam.so.0;libc.so.6,,True
/usr/lib/x86_64-linux-gnu/security/pam_selinux.so,dpkg package metadata,dpkg:libpam-modules:amd64,c53498ad4f33562bfbdab1337c69d81ee491186d5b9fb1030dd152c53a10eaf7,libpam.so.0;libselinux.so.1;libaudit.so.1;libc.so.6,,True
/usr/lib/x86_64-linux-gnu/security/pam_stress.so,dpkg package metadata,dpkg:libpam-modules:amd64,87587ca62e29c961efa34d2a8688b59a60070f281590158db01027bfa793efb0,libpam.so.0;libc.so.6,,True
/usr/lib/x86_64-linux-gnu/security/pam_extrausers.so,dpkg package metadata,dpkg:libpam-modules:amd64,5a5f73f108c3deccd3ff5637c1993a7d8ce651ee6fa07b340684515d7f928743,libpam.so.0;libcrypt.so.1;libselinux.so.1;libc.so.6,,True
/usr/lib/x86_64-linux-gnu/security/pam_userdb.so,dpkg package metadata,dpkg:libpam-modules:amd64,b2aadeb614004aa060534b1a5950dc924c1d4404153e37b7ec9a2f008821a6b9,libpam.so.0;libdb-5.3.so;libcrypt.so.1;libc.so.6,,True
/usr/lib/x86_64-linux-gnu/security/pam_sepermit.so,dpkg package metadata,dpkg:libpam-modules:amd64,76f4d896a979752453ed00ca0fe8a77971f1296a8a9090ae64ad0f3194058194,libpam.so.0;libselinux.so.1;libc.so.6,,True
/usr/lib/x86_64-linux-gnu/security/pam_namespace.so,dpkg package metadata,dpkg:libpam-modules:amd64,89539b1c4602f5518ad6b56ce2ba0ac62721cec9ca864963ddf3f8f38bf9f323,libpam.so.0;libselinux.so.1;libc.so.6,,True
/usr/lib/x86_64-linux-gnu/security/pam_motd.so,dpkg package metadata,dpkg:libpam-modules:amd64,d7a2635b30202fb02b1ffd2296ebca4abbbf10e485880ff689e073c66f3870ec,libpam.so.0;libc.so.6,,True
/usr/lib/x86_64-linux-gnu/security/pam_loginuid.so,dpkg package metadata,dpkg:libpam-modules:amd64,dce97faccc269b385570246f10fe400ef437f0bd2f6286956edbc190a7edc9ec,libpam.so.0;libaudit.so.1;libc.so.6,,True
/usr/lib/x86_64-linux-gnu/security/pam_env.so,dpkg package metadata,dpkg:libpam-modules:amd64,91ee3ff674872c130f646e9b85ed9024bf4ca10c17d6d891ef19beb1f05ac42a,libpam.so.0;libc.so.6,,True
/usr/lib/x86_64-linux-gnu/security/pam_listfile.so,dpkg package metadata,dpkg:libpam-modules:amd64,11622a5d71ac180afced3eeba0aa58f10567684f989a456fe714545e0d0565e2,libpam.so.0;libc.so.6,,True
/usr/lib/x86_64-linux-gnu/security/pam_xauth.so,dpkg package metadata,dpkg:libpam-modules:amd64,979613415e12cee15cc24d764fbc2ea994cd3d64e3ea1735398040c48e5733ec,libpam.so.0;libselinux.so.1;libc.so.6,,True
/usr/lib/x86_64-linux-gnu/security/pam_deny.so,dpkg package metadata,dpkg:libpam-modules:amd64,aa4d330fb96df75f45664ced229acac1500d0f039e472adce2eb048c2745ea32,,,True
/usr/lib/x86_64-linux-gnu/security/pam_nologin.so,dpkg package metadata,dpkg:libpam-modules:amd64,4449302d2983fae42c528215fd6aed903f624b1dde27be9a9a8be5e3a8f16b0e,libpam.so.0;libc.so.6,,True
/usr/lib/x86_64-linux-gnu/security/pam_timestamp.so,dpkg package metadata,dpkg:libpam-modules:amd64,4808523e98d85f4ccac539afe05d0ea2d1308298b3b386206a957c5351842fb6,libpam.so.0;libsystemd.so.0;libc.so.6,,True
/usr/lib/x86_64-linux-gnu/security/pam_faildelay.so,dpkg package metadata,dpkg:libpam-modules:amd64,66ca23214d7cc9883741b91e15dbf52efa56d0c2260cffd266fa52cbbb4e4db4,libpam.so.0;libc.so.6,,True
/usr/lib/x86_64-linux-gnu/security/pam_unix.so,dpkg package metadata,dpkg:libpam-modules:amd64,3f46fede241e5c64c0f217d1e068ac4c22a0da3a77ced08be956f167b52ff03b,libpam.so.0;libcrypt.so.1;libselinux.so.1;libc.so.6,,True
/usr/lib/x86_64-linux-gnu/security/pam_succeed_if.so,dpkg package metadata,dpkg:libpam-modules:amd64,200eccad0e3df67484fd277967db6ba87d0e50233a7821694f3f5c39e089e75a,libpam.so.0;libc.so.6,,True
/usr/lib/x86_64-linux-gnu/security/pam_debug.so,dpkg package metadata,dpkg:libpam-modules:amd64,886a7bb6056d608d83434506d0db29d46cf7422a7ee1e0380dee9dff204e55a6,libpam.so.0;libc.so.6,,True
/usr/lib/x86_64-linux-gnu/security/pam_rootok.so,dpkg package metadata,dpkg:libpam-modules:amd64,8de3719da5b44b708928793af4b969b65fe5833dc22cd712b5570c0598929134,libpam.so.0;libselinux.so.1;libaudit.so.1;libc.so.6,,True
/usr/lib/x86_64-linux-gnu/security/pam_shells.so,dpkg package metadata,dpkg:libpam-modules:amd64,2f616b1f901d2d04b76292907929cf628c4e907d4361df07be3e4bd1c92401a7,libpam.so.0;libc.so.6,,True
/usr/lib/x86_64-linux-gnu/security/pam_securetty.so,dpkg package metadata,dpkg:libpam-modules:amd64,7e148d667e5cd92f29c1b1f98e8c7b586a7872cc8fa07c2e67ae50395bc0b298,libpam.so.0;libc.so.6,,True
/usr/lib/x86_64-linux-gnu/security/pam_ftp.so,dpkg package metadata,dpkg:libpam-modules:amd64,728d91cfe2add789781af33e7e269408bb5440542cb7265b03360032d76a3d19,libpam.so.0;libc.so.6,,True
/usr/lib/x86_64-linux-gnu/security/pam_faillock.so,dpkg package metadata,dpkg:libpam-modules:amd64,f6dbe73415a6b70e3d8e54e7c421e543e4b299df39a0b93040afa805eb28141e,libpam.so.0;libaudit.so.1;libc.so.6,,True
/usr/lib/x86_64-linux-gnu/security/pam_wheel.so,dpkg package metadata,dpkg:libpam-modules:amd64,3205813eac6a6b1727fa244c18f497feef307eec7b287b8db0d3b93ef2f2084c,libpam.so.0;libc.so.6,,True
/usr/lib/x86_64-linux-gnu/security/pam_limits.so,dpkg package metadata,dpkg:libpam-modules:amd64,374c4449dbe2b7be08878f9ecdbf3de0e379efd9df9b6bddca532a0984e3c4f0,libpam.so.0;libsystemd.so.0;libc.so.6,,True
/usr/lib/x86_64-linux-gnu/security/pam_mkhomedir.so,dpkg package metadata,dpkg:libpam-modules:amd64,b0032569edff1c6f37d018915c66ce977461a7a3e42ece2311360b4fb50fed07,libpam.so.0;libc.so.6,,True
/usr/lib/x86_64-linux-gnu/security/pam_usertype.so,dpkg package metadata,dpkg:libpam-modules:amd64,8f9bd052d1825190705eadaa90495721d9bac4312655addd79c55d32a8961f1e,libpam.so.0;libc.so.6,,True
/usr/lib/x86_64-linux-gnu/security/pam_keyinit.so,dpkg package metadata,dpkg:libpam-modules:amd64,114b9b4f8c8c47b31d3508810e7ab3e280c020776a9d65e85dbdf66bf7e1c805,libpam.so.0;libc.so.6;ld-linux-x86-64.so.2,,True
/usr/lib/x86_64-linux-gnu/security/pam_rhosts.so,dpkg package metadata,dpkg:libpam-modules:amd64,8099ab919f1e5fc88cae99191d57755ce6e38bfa7ed28b4d997248178c627d67,libpam.so.0;libc.so.6,,True
/usr/lib/x86_64-linux-gnu/security/pam_group.so,dpkg package metadata,dpkg:libpam-modules:amd64,5b9e764d48147a521d76b56d86b365ea3612a3bfb7085c39b96d6db0168b8172,libpam.so.0;libc.so.6,,True
/usr/lib/x86_64-linux-gnu/security/pam_mail.so,dpkg package metadata,dpkg:libpam-modules:amd64,cab4b92bca3156e054b85aed990a6ab65bcabf32825673e72bc361028beb9524,libpam.so.0;libc.so.6,,True
/usr/lib/x86_64-linux-gnu/security/pam_time.so,dpkg package metadata,dpkg:libpam-modules:amd64,8b8ee10dbad6b88191dc2f741269251157c9a8fbc1b8a5c26b6c695920e27204,libpam.so.0;libc.so.6,,True
/usr/lib/x86_64-linux-gnu/security/pam_setquota.so,dpkg package metadata,dpkg:libpam-modules:amd64,c3a7389ef919db66de35cb20674a9ebf9b2de3c5d1ed28b4049d71002a8736c4,libpam.so.0;libc.so.6,,True
/usr/lib/x86_64-linux-gnu/security/pam_tty_audit.so,dpkg package metadata,dpkg:libpam-modules:amd64,96d482dd076ab85f30163a440a44e2c31daee71886a76674ab882f592f3e96d9,libpam.so.0;libc.so.6,,True
/usr/lib/x86_64-linux-gnu/security/pam_warn.so,dpkg package metadata,dpkg:libpam-modules:amd64,87aa649824602918505b0dddc91e056b656318ce377da759311934165e42e43d,libpam.so.0;libc.so.6,,True
/usr/lib/x86_64-linux-gnu/security/pam_umask.so,dpkg package metadata,dpkg:libpam-modules:amd64,12c12e5faf1febbc13b823edca3b3a7e634345b18227b5e6f51b77540dda937c,libpam.so.0;libc.so.6,,True
/usr/lib/x86_64-linux-gnu/security/pam_pwhistory.so,dpkg package metadata,dpkg:libpam-modules:amd64,005f57bbd4ee2f1bf98cff26a8eb429beddb7821bcb036978497e69e6128c821,libpam.so.0;libcrypt.so.1;libselinux.so.1;libc.so.6,,True
/usr/lib/x86_64-linux-gnu/security/pam_filter.so,dpkg package metadata,dpkg:libpam-modules:amd64,3b16b6fcd172d9af68e6199bac6b101d5c90de96174ce54a6c7a367ed5bfe149,libpam.so.0;libc.so.6,,True
/usr/lib/x86_64-linux-gnu/security/pam_issue.so,dpkg package metadata,dpkg:libpam-modules:amd64,de2627a10590bec14eacf7085f9dfa9bc7b770c36214d001003070b3c0911cbc,libpam.so.0;libsystemd.so.0;libc.so.6,,True
/usr/lib/x86_64-linux-gnu/security/pam_echo.so,dpkg package metadata,dpkg:libpam-modules:amd64,c468a62eeefe8d5e1f706760f60e18ec07096abbb106a9bcb986b809676d51c4,libpam.so.0;libc.so.6,,True
/usr/lib/x86_64-linux-gnu/security/pam_exec.so,dpkg package metadata,dpkg:libpam-modules:amd64,73345e49f60c7401cee540926024f81c49817b5007e169791b32550119c09855,libpam.so.0;libc.so.6,,True
/usr/lib/x86_64-linux-gnu/security/pam_canonicalize_user.so,dpkg package metadata,dpkg:libpam-modules:amd64,bf45bb99b16ea5ab2144af2ef7ff2a5b0c1358933befb2b0f62e778f1665964a,libpam.so.0;libc.so.6,,True
/usr/lib/x86_64-linux-gnu/security/pam_permit.so,dpkg package metadata,dpkg:libpam-modules:amd64,b647ed825a8ca62189cd500e78e015223c6df82f5ad3235a6ac3bbe21e2fb019,libpam.so.0;libc.so.6,,True
/usr/lib/x86_64-linux-gnu/security/pam_access.so,dpkg package metadata,dpkg:libpam-modules:amd64,76e5dee0cf4027aff22ac74b32efd0c4198f5bd1e302fc7a69789e3fbc046c83,libpam.so.0;libc.so.6,,True
/usr/lib/x86_64-linux-gnu/gbm/dri_gbm.so,dpkg package metadata,dpkg:libgbm1:amd64,629494d5ee4ed44f9921f060f42bddd32d19be796b7bcc9608645f3dea767f6c,libgallium-26.0.8-1ubuntu0.3.so;libdrm.so.2;libexpat.so.1;libm.so.6;libgcc_s.so.1;libc.so.6,,True
/usr/lib/x86_64-linux-gnu/dri/libdril_dri.so,dpkg package metadata,dpkg:libgl1-mesa-dri:amd64,b7f18706c7fc3fdb862975530bfef11b8f877bd874f71414bd6f62044f7a99b3,libgbm.so.1;libm.so.6;libc.so.6,,True
/usr/lib/x86_64-linux-gnu/gstreamer1.0/gstreamer-1.0/gst-ptp-helper,dpkg package metadata,dpkg:libgstreamer1.0-0:amd64,9665059a21d1de60b24e069fae65f1858ea89def437a157bd131a6c8963c8a75,libcap.so.2;libgcc_s.so.1;libc.so.6;ld-linux-x86-64.so.2,,True
/usr/lib/x86_64-linux-gnu/gstreamer1.0/gstreamer-1.0/gst-plugin-scanner,dpkg package metadata,dpkg:libgstreamer1.0-0:amd64,336b5fb77c7fdca6310ca264173a383a8de69a0c97f869df14375a04986e1cc2,libgstreamer-1.0.so.0;libglib-2.0.so.0;libc.so.6,,True
/usr/lib/x86_64-linux-gnu/gstreamer-1.0/libgstcoreelements.so,dpkg package metadata,dpkg:libgstreamer1.0-0:amd64,efe9a4310dffbd0cb6d3ec5f70e153c2149f3a65adb3ffdec94879741a8f87b1,libgstreamer-1.0.so.0;libgstbase-1.0.so.0;libglib-2.0.so.0;libgobject-2.0.so.0;libc.so.6,,True
/usr/lib/x86_64-linux-gnu/gstreamer-1.0/libgstcoretracers.so,dpkg package metadata,dpkg:libgstreamer1.0-0:amd64,c6bf3f2143579837703ad5d6d6789d421fae1c4580c98d26b05a78da36d0a9b2,libgstreamer-1.0.so.0;libglib-2.0.so.0;libgobject-2.0.so.0;libc.so.6,,True
/usr/lib/x86_64-linux-gnu/sasl2/libsasldb.so.2.0.25,dpkg package metadata,dpkg:libsasl2-modules-db:amd64,7d2ab1537b882a0f739d42189ac671b40557c2a4cdaa4131352bf0ef0f9e2183,libdb-5.3.so;libc.so.6,,True
/usr/lib/x86_64-linux-gnu/krb5/plugins/preauth/spake.so,dpkg package metadata,dpkg:libkrb5-3:amd64,040535c82eefb7f5e9587266e9c1a404e3187d76861245689eeabb2a0d0c6992,libkrb5.so.3;libk5crypto.so.3;libkrb5support.so.0;libcrypto.so.3;libc.so.6,,True
/usr/lib/x86_64-linux-gnu/perl5/5.40/auto/Text/CharWidth/CharWidth.so,dpkg package metadata,dpkg:libtext-charwidth-perl:amd64,a29df43c89836db8fcb2d648b9cbae82becfda5b75198a1e3aa0d140098b2c1a,libc.so.6;ld-linux-x86-64.so.2,,True
/usr/lib/x86_64-linux-gnu/glib-2.0/gio-querymodules,dpkg package metadata,dpkg:libglib2.0-0t64:amd64,e11b4d364d2047e2834560d3e31f41e70a3b5050099e6dacb202ece9f2c1c5c0,libgio-2.0.so.0;libgmodule-2.0.so.0;libglib-2.0.so.0;libgobject-2.0.so.0;libc.so.6,,True
/usr/lib/x86_64-linux-gnu/glib-2.0/gio-launch-desktop,dpkg package metadata,dpkg:libglib2.0-0t64:amd64,98e484ea9dfe0452b5c7bacc2d64afa210b0fc7b2ea7db966084efd97a1090a4,libc.so.6,,True
/usr/lib/x86_64-linux-gnu/glib-2.0/glib-compile-schemas,dpkg package metadata,dpkg:libglib2.0-0t64:amd64,ce906b295a4a55f13e20dcff04e8416c1ad1360c2edee47bf99982606db81e09,libgio-2.0.so.0;libgmodule-2.0.so.0;libglib-2.0.so.0;libgobject-2.0.so.0;libc.so.6,,True
/usr/lib/libreoffice/program/libcached1.so,dpkg package metadata,dpkg:libreoffice-core,50302619ff86c789459bc3e2c3a8661452c899ffd992ed5f55b0dda756c0fd3a,libuno_cppu.so.3;libuno_cppuhelpergcc3.so.3;libuno_sal.so.3;libmergedlo.so;libstdc++.so.6;libm.so.6;libgcc_s.so.1;libc.so.6,,True
/usr/lib/libreoffice/program/xpdfimport,dpkg package metadata,dpkg:libreoffice-core,545b2c3d917883e6808ad29df0c30631906c439028f2ca2d373496c7656ef5f6,libpoppler.so.156;libz.so.1;libstdc++.so.6;libm.so.6;libgcc_s.so.1;libc.so.6,,True
/usr/lib/libreoffice/program/libreglo.so,dpkg package metadata,dpkg:uno-libs-private,9e323ebb463488217e3a030486b5be595db6b78aafab898dc9d8d8b717198d51,libuno_sal.so.3;libstorelo.so;libstdc++.so.6;libm.so.6;libgcc_s.so.1;libc.so.6,,True
/usr/lib/libreoffice/program/libsduilo.so,dpkg package metadata,dpkg:libreoffice-draw,94ff06cc4cdef44c41501783a66703b31e28419c52ecb567bc57a2b9521b041e,libuno_cppu.so.3;libuno_cppuhelpergcc3.so.3;libi18nlangtag.so;libuno_sal.so.3;libuno_salhelpergcc3.so.3;libsdlo.so;libmergedlo.so;libstdc++.so.6;libm.so.6;libgcc_s.so.1;libc.so.6,,True
/usr/lib/libreoffice/program/liblocaledata_es.so,dpkg package metadata,dpkg:libreoffice-core,2ae4f20e61c9c30601c72d75058bec578e37d31371e3549a7aaee7caa89764c7,liblocaledata_en.so;libuno_sal.so.3;libstdc++.so.6;libm.so.6;libgcc_s.so.1;libc.so.6,,True
/usr/lib/libreoffice/program/libinvocadaptlo.so,dpkg package metadata,dpkg:ure,d9526f95a4d56ec2b0e12f429d190e86edbe788d579d6f667faba1aec4fdb8b0,libuno_cppu.so.3;libuno_cppuhelpergcc3.so.3;libuno_sal.so.3;libstdc++.so.6;libm.so.6;libgcc_s.so.1;libc.so.6,,True
/usr/lib/libreoffice/program/libsw_writerfilterlo.so,dpkg package metadata,dpkg:libreoffice-writer,a3a90aee932dc67c9da02ef5d60676d84cb1adbd0f2a3d11ecac12544a6247d2,libicui18n.so.78;libicuuc.so.78;libxml2.so.16;libuno_cppu.so.3;libuno_cppuhelpergcc3.so.3;libi18nlangtag.so;libuno_sal.so.3;libuno_salhelpergcc3.so.3;libswlo.so;libmergedlo.so;libstdc++.so.6;libm.so.6;libgcc_s.so.1;libc.so.6,,True
/usr/lib/libreoffice/program/libslideshowlo.so,dpkg package metadata,dpkg:libreoffice-impress,1d3fea9087e3d9d20361c7c6fdf748a28f97cd7c0f49452a7d6379e7b4db24c2,libuno_cppu.so.3;libuno_cppuhelpergcc3.so.3;libuno_sal.so.3;libuno_salhelpergcc3.so.3;libmergedlo.so;libstdc++.so.6;libm.so.6;libgcc_s.so.1;libc.so.6,,True
/usr/lib/libreoffice/program/libproxyfaclo.so,dpkg package metadata,dpkg:ure,f11fd9ca71b75959e6fe97b96a041b902c1a7e63a4183e06ecbf9f80075bbee6,libuno_cppu.so.3;libuno_cppuhelpergcc3.so.3;libuno_sal.so.3;libstdc++.so.6;libm.so.6;libgcc_s.so.1;libc.so.6,,True
/usr/lib/libreoffice/program/libcairocanvaslo.so,dpkg package metadata,dpkg:libreoffice-core,97545e7fbe404d4c8a8205b379c13592123f8b786e03975f776e5b4c225c9a7e,libcairo.so.2;libuno_sal.so.3;libuno_cppu.so.3;libuno_cppuhelpergcc3.so.3;libi18nlangtag.so;libmergedlo.so;libstdc++.so.6;libm.so.6;libgcc_s.so.1;libc.so.6,,True
/usr/lib/libreoffice/program/libswdlo.so,dpkg package metadata,dpkg:libreoffice-writer,d859a4fdc018518e1fd0e41e9569c01fb49555803196cfb8589889caaac307c8,libuno_cppu.so.3;libuno_cppuhelpergcc3.so.3;libuno_sal.so.3;libmergedlo.so;libstdc++.so.6;libm.so.6;libgcc_s.so.1;libc.so.6,,True
/usr/lib/libreoffice/program/libwriterlo.so,dpkg package metadata,dpkg:libreoffice-writer,1d0f6d468011ea3b08291ba3fece4f59a3405d74d1253b2c40c1c6d11747ec35,libuno_cppu.so.3;libuno_cppuhelpergcc3.so.3;libuno_sal.so.3;libuno_salhelpergcc3.so.3;libfilelo.so;libmergedlo.so;libstdc++.so.6;libm.so.6;libgcc_s.so.1;libc.so.6,,True
/usr/lib/libreoffice/program/libmswordlo.so,dpkg package metadata,dpkg:libreoffice-writer,6e90b0b5f50d779a02872ff912314db0ffd96549b8aad9405db32f6423455577,libicui18n.so.78;libicuuc.so.78;libuno_cppu.so.3;libuno_cppuhelpergcc3.so.3;libi18nlangtag.so;libuno_sal.so.3;libswlo.so;libmergedlo.so;libstdc++.so.6;libm.so.6;libgcc_s.so.1;libc.so.6,,True
/usr/lib/libreoffice/program/libiolo.so,dpkg package metadata,dpkg:ure,17460ec6161df0e0beae87c20a3c12fc9a6c5cd8e8fb040ca4949dd2cfa76b69,libuno_cppu.so.3;libuno_cppuhelpergcc3.so.3;libuno_sal.so.3;libstdc++.so.6;libm.so.6;libgcc_s.so.1;libc.so.6,,True
/usr/lib/libreoffice/program/libucppkg1.so,dpkg package metadata,dpkg:libreoffice-core,2334f7a50ac67f9fbe2ac33e61e44a37aae67a1482d82fecfa730ca71ff64b9c,libuno_cppu.so.3;libuno_cppuhelpergcc3.so.3;libuno_sal.so.3;libuno_salhelpergcc3.so.3;libmergedlo.so;libstdc++.so.6;libm.so.6;libgcc_s.so.1;libc.so.6,,True
/usr/lib/libreoffice/program/libaffine_uno_uno.so,dpkg package metadata,dpkg:ure,5fa6811ac9343ca7ba6e1a7160e4755045d1b483bc3077c07bae5654b5408f38,libuno_purpenvhelpergcc3.so.3;libuno_sal.so.3;libstdc++.so.6;libm.so.6;libgcc_s.so.1;libc.so.6,,True
/usr/lib/libreoffice/program/libbiblo.so,dpkg package metadata,dpkg:libreoffice-core,ee9fba4987bfb0b4e71814d951d278e0483289ceaea30f698b9065102b4f329c,libuno_cppuhelpergcc3.so.3;libuno_cppu.so.3;libuno_sal.so.3;libuno_salhelpergcc3.so.3;libi18nlangtag.so;libmergedlo.so;libstdc++.so.6;libm.so.6;libgcc_s.so.1;libc.so.6,,True
/usr/lib/libreoffice/program/libanimcorelo.so,dpkg package metadata,dpkg:libreoffice-draw,8a524d9aae530f6ad53d9898f23fc8404f23ab53f2a70a4323ccdc2896203631,libuno_cppu.so.3;libuno_cppuhelpergcc3.so.3;libuno_sal.so.3;libmergedlo.so;libstdc++.so.6;libm.so.6;libgcc_s.so.1;libc.so.6,,True
/usr/lib/libreoffice/program/libjavaloaderlo.so,dpkg package metadata,dpkg:ure,09a5e80f59a8b867ab2c00cf6b277bebfc6e91ff6225803ab45f44652058fba5,libuno_cppu.so.3;libuno_cppuhelpergcc3.so.3;libjvmaccesslo.so;libuno_sal.so.3;libuno_salhelpergcc3.so.3;libstdc++.so.6;libm.so.6;libgcc_s.so.1;libc.so.6,,True
/usr/lib/libreoffice/program/unopkg.bin,dpkg package metadata,dpkg:libreoffice-core,f97e090c52390d63bb6b8960e3c7e65e9fe22f986797593dd3559efcc98a366e,libuno_sal.so.3;libunopkgapp.so;libmergedlo.so;libc.so.6,,True
/usr/lib/libreoffice/program/libjvmaccesslo.so,dpkg package metadata,dpkg:ure,9ec0219f3573e12a08ad379a01f1ded62c5379498fbd8f6cd9e994d5d872293d,libuno_cppu.so.3;libuno_cppuhelpergcc3.so.3;libuno_sal.so.3;libuno_salhelpergcc3.so.3;libstdc++.so.6;libm.so.6;libgcc_s.so.1;libc.so.6,,True
/usr/lib/libreoffice/program/libldapbe2lo.so,dpkg package metadata,dpkg:libreoffice-core,beb730380d7d57041811c9ecafcc13bb92f6101bd56ef3912183313d14cd2c69,libldap.so.2;libuno_cppuhelpergcc3.so.3;libuno_cppu.so.3;libuno_salhelpergcc3.so.3;libuno_sal.so.3;libmergedlo.so;libstdc++.so.6;libm.so.6;libgcc_s.so.1;libc.so.6,,True
/usr/lib/libreoffice/program/libuno_cppuhelpergcc3.so.3,dpkg package metadata,dpkg:libuno-cppuhelpergcc3-3t64,fff4fcfeaa91282787a5caf3e161ac4b5b2c836a578dd0abab545c750c0d3ad1,libuno_cppu.so.3;libreglo.so;libuno_sal.so.3;libuno_salhelpergcc3.so.3;libunoidllo.so;libxmlreaderlo.so;libstdc++.so.6;libm.so.6;libgcc_s.so.1;libc.so.6,,True
/usr/lib/libreoffice/program/libsdbtlo.so,dpkg package metadata,dpkg:libreoffice-core,ba2e15c1afb2bd1e826c8cf13002dbaa9efd2c86b912e02a754eeba55fd91c18,libuno_cppu.so.3;libuno_cppuhelpergcc3.so.3;libdbalo.so;libuno_sal.so.3;libuno_salhelpergcc3.so.3;libmergedlo.so;libstdc++.so.6;libm.so.6;libgcc_s.so.1;libc.so.6,,True
/usr/lib/libreoffice/program/libbinaryurplo.so,dpkg package metadata,dpkg:ure,80ce11800c10836e1ae726d86bec8b26a0a147d7b111806db4f35136867b7957,libuno_cppu.so.3;libuno_cppuhelpergcc3.so.3;libuno_sal.so.3;libuno_salhelpergcc3.so.3;libstdc++.so.6;libm.so.6;libgcc_s.so.1;libc.so.6,,True
/usr/lib/libreoffice/program/libnamingservicelo.so,dpkg package metadata,dpkg:ure,d854942b429cc5d854fbdb4da085c6a2d658350536a0e5083c64e7730416f7e4,libuno_cppu.so.3;libuno_cppuhelpergcc3.so.3;libuno_sal.so.3;libstdc++.so.6;libm.so.6;libgcc_s.so.1;libc.so.6,,True
/usr/lib/libreoffice/program/libstorelo.so,dpkg package metadata,dpkg:uno-libs-private,8e0a3c74f44fe512604454928adf5940c52399b26a0dd5daf857444d25e808c1,libuno_sal.so.3;libuno_salhelpergcc3.so.3;libstdc++.so.6;libm.so.6;libgcc_s.so.1;libc.so.6,,True
/usr/lib/libreoffice/program/opencltest,dpkg package metadata,dpkg:libreoffice-core,c81ba9415a1bff5c233e1032ec45dd1e6b9f851fd996b91167ada7f210bc6081,libclewlo.so;libuno_sal.so.3;libstdc++.so.6;libm.so.6;libgcc_s.so.1;libc.so.6,,True
/usr/lib/libreoffice/program/libclewlo.so,dpkg package metadata,dpkg:libreoffice-core,863fb4b7fc8b24be54870b60b643317d3687c83d870e346520d62832f9a46f0f,libc.so.6,,True
/usr/lib/libreoffice/program/libunoidllo.so,dpkg package metadata,dpkg:uno-libs-private,f3fc18b266035812d0d9e0274195a6d8f261f2d34adb4b6b46196b07c1c5051c,libreglo.so;libuno_sal.so.3;libuno_salhelpergcc3.so.3;libstdc++.so.6;libm.so.6;libgcc_s.so.1;libc.so.6,,True
/usr/lib/libreoffice/program/libscriptframe.so,dpkg package metadata,dpkg:libreoffice-core,79d68baa211cd24b9d473daf4e4aa7b04f65a2a6513bf145ac48236ef734be10,libuno_cppu.so.3;libuno_cppuhelpergcc3.so.3;libuno_sal.so.3;libmergedlo.so;libstdc++.so.6;libm.so.6;libgcc_s.so.1;libc.so.6,,True
/usr/lib/libreoffice/program/libuno_sal.so.3,dpkg package metadata,dpkg:libuno-sal3t64,908a0e8941ff450fdd916ecaf66431fa6f1ef40f85a39825efad321faab6d777,libz.so.1;libstdc++.so.6;libm.so.6;libgcc_s.so.1;libc.so.6;ld-linux-x86-64.so.2,,True
/usr/lib/libreoffice/program/libswlo.so,dpkg package metadata,dpkg:libreoffice-writer,6457fc85527e1b06df6ce63027be9fe15d95c2eb9c7a01bd635d37863b371c57,libicui18n.so.78;libicuuc.so.78;libxml2.so.16;libuno_cppu.so.3;libuno_cppuhelpergcc3.so.3;libi18nlangtag.so;libuno_sal.so.3;libuno_salhelpergcc3.so.3;libtextconversiondlgslo.so;libxmlreaderlo.so;libmergedlo.so;libstdc++.so.6;libm.so.6;libgcc_s.so.1;libc.so.6;ld-linux-x86-64.so.2,,True
/usr/lib/libreoffice/program/libsddlo.so,dpkg package metadata,dpkg:libreoffice-draw,cafd4e2317b21e46e79d8223fae86feb2becff5120cc7b72f859c85c00cb1049,libuno_cppu.so.3;libuno_cppuhelpergcc3.so.3;libuno_sal.so.3;libmergedlo.so;libstdc++.so.6;libm.so.6;libgcc_s.so.1;libc.so.6,,True
/usr/lib/libreoffice/program/libpdfiumlo.so,dpkg package metadata,dpkg:libreoffice-core,85d265049052b34ee53036c76eb95cd486f1f06928ae6d193431c87519084806,libjpeg.so.8;liblcms2.so.2;libm.so.6;libz.so.1;libicuuc.so.78;libopenjp2.so.7;libabsl_throw_delegate.so.20260107;libabsl_raw_logging_internal.so.20260107;libabsl_log_severity.so.20260107;libfreetype.so.6;libstdc++.so.6;libgcc_s.so.1;libc.so.6,,True
/usr/lib/libreoffice/program/libpdffilterlo.so,dpkg package metadata,dpkg:libreoffice-core,684f998eb8d9828153d5850c0de0ed1d95213d2bbaaa86abd0587df5e53faee7,libi18nlangtag.so;libuno_cppuhelpergcc3.so.3;libuno_cppu.so.3;libuno_sal.so.3;libuno_salhelpergcc3.so.3;libmergedlo.so;libstdc++.so.6;libm.so.6;libgcc_s.so.1;libc.so.6,,True
/usr/lib/libreoffice/program/libxmlsecurity.so,dpkg package metadata,dpkg:libreoffice-core,54b7363f3415e4c2156c54c460f15891cf14f9857566001f07b35720743e6610,libuno_cppu.so.3;libuno_cppuhelpergcc3.so.3;libuno_sal.so.3;libi18nlangtag.so;libmergedlo.so;libstdc++.so.6;libm.so.6;libgcc_s.so.1;libc.so.6,,True
/usr/lib/libreoffice/program/libsvgfilterlo.so,dpkg package metadata,dpkg:libreoffice-draw,af933c0663e22efea1352cfa93249f939bb32132f5fb4cae2ef5bab09605cfca,libi18nlangtag.so;libuno_salhelpergcc3.so.3;libuno_cppuhelpergcc3.so.3;libuno_cppu.so.3;libuno_sal.so.3;libmergedlo.so;libstdc++.so.6;libm.so.6;libgcc_s.so.1;libc.so.6,,True
/usr/lib/libreoffice/program/libOGLTranslo.so,dpkg package metadata,dpkg:libreoffice-impress,7dfc270e917e331b49cc74e5b75b49e387734880f39c780e5117d1b5674014d7,libepoxy.so.0;libuno_cppu.so.3;libuno_cppuhelpergcc3.so.3;libuno_sal.so.3;libmergedlo.so;libstdc++.so.6;libm.so.6;libgcc_s.so.1;libc.so.6,,True
/usr/lib/libreoffice/program/libsal_textenclo.so,dpkg package metadata,dpkg:ure,c75baff1bb56267135fb023d8a95e701cc5b6f6097bd5153d812a322b44ab33a,libuno_sal.so.3;libstdc++.so.6;libm.so.6;libgcc_s.so.1;libc.so.6,,True
/usr/lib/libreoffice/program/libjvmfwklo.so,dpkg package metadata,dpkg:ure,362d54f3a3e418d658a32776a5bbb3a7f8209d35dc082a25dc9d005f57157eaa,libxml2.so.16;libuno_cppu.so.3;libuno_cppuhelpergcc3.so.3;libuno_sal.so.3;libuno_salhelpergcc3.so.3;libstdc++.so.6;libm.so.6;libgcc_s.so.1;libc.so.6,,True
/usr/lib/libreoffice/program/libPresentationMinimizerlo.so,dpkg package metadata,dpkg:libreoffice-impress,768a4b2e28a2062c40f5bd2bc5f5cb8ed1d9906d7163ce8eb171cef40784e093,libuno_cppu.so.3;libuno_cppuhelpergcc3.so.3;libuno_sal.so.3;libmergedlo.so;libstdc++.so.6;libm.so.6;libgcc_s.so.1;libc.so.6,,True
/usr/lib/libreoffice/program/libdbalo.so,dpkg package metadata,dpkg:libreoffice-base-core,c31002625117ba30a8cd7e805c4e1e1d6611aa76fa084f144ca520dced030b36,libuno_cppu.so.3;libuno_cppuhelpergcc3.so.3;libdbahsqllo.so;libi18nlangtag.so;libuno_sal.so.3;libuno_salhelpergcc3.so.3;libmergedlo.so;libstdc++.so.6;libm.so.6;libgcc_s.so.1;libc.so.6,,True
/usr/lib/libreoffice/program/libxmlreaderlo.so,dpkg package metadata,dpkg:uno-libs-private,82c9d1bb3b300aecdbc585ff7ba8b130c9be6ffafc4dfaf8fc5eba5ebbbd107c,libuno_cppu.so.3;libuno_sal.so.3;libstdc++.so.6;libm.so.6;libgcc_s.so.1;libc.so.6,,True
/usr/lib/libreoffice/program/libuno_salhelpergcc3.so.3,dpkg package metadata,dpkg:libuno-salhelpergcc3-3t64,6f908a24b5a48252eda22ef8d96318537a71800b19e850be5019d7f5d7e300c7,libuno_sal.so.3;libstdc++.so.6;libm.so.6;libgcc_s.so.1;libc.so.6,,True
/usr/lib/libreoffice/program/libwpftimpresslo.so,dpkg package metadata,dpkg:libreoffice-impress,feed92f0edd5d8419a8fe8f837bffe6054fca69c1cccedbc54d4ea2cc8429b8f,libetonyek-0.1.so.1;librevenge-0.0.so.0;libmwaw-0.3.so.3;libodfgen-0.1.so.1;libstaroffice-0.0-lo.so.0;libuno_cppu.so.3;libuno_cppuhelpergcc3.so.3;libuno_sal.so.3;libwriterperfectlo.so;libmergedlo.so;libstdc++.so.6;libm.so.6;libgcc_s.so.1;libc.so.6,,True
/usr/lib/libreoffice/program/libstoragefdlo.so,dpkg package metadata,dpkg:libreoffice-core,c83bef1e412412d4229cba06a450f8298982207d11a455f4e8648a91876999eb,libuno_cppuhelpergcc3.so.3;libuno_cppu.so.3;libuno_sal.so.3;libmergedlo.so;libstdc++.so.6;libm.so.6;libgcc_s.so.1;libc.so.6,,True
/usr/lib/libreoffice/program/libmsformslo.so,dpkg package metadata,dpkg:libreoffice-core,11273dc89800977102c327894ef8c8749d42b145f6b3d2298f13fc9079f046f1,libuno_cppu.so.3;libuno_cppuhelpergcc3.so.3;libuno_sal.so.3;libmergedlo.so;libstdc++.so.6;libm.so.6;libgcc_s.so.1;libc.so.6,,True
/usr/lib/libreoffice/program/regview,dpkg package metadata,dpkg:ure,2c40361682f6ba127a8b6ad9b17f7373cfca4397b8cf0db59e6ba1b16509a82f,libreglo.so;libuno_sal.so.3;libstdc++.so.6;libm.so.6;libgcc_s.so.1;libc.so.6,,True
/usr/lib/libreoffice/program/libsdlo.so,dpkg package metadata,dpkg:libreoffice-draw,a4174f8b51113a09198b77c83b970231ca75931eecf796f2e8e71c58e2bf84a3,libxml2.so.16;libdbus-1.so.3;libavahi-common.so.3;libavahi-client.so.3;libglib-2.0.so.0;libuno_cppu.so.3;libuno_cppuhelpergcc3.so.3;libi18nlangtag.so;libuno_sal.so.3;libuno_salhelpergcc3.so.3;libtextconversiondlgslo.so;libxmlsecurity.so;libmergedlo.so;libstdc++.so.6;libm.so.6;libgcc_s.so.1;libc.so.6,,True
/usr/lib/libreoffice/program/libuno_cppu.so.3,dpkg package metadata,dpkg:libuno-cppu3t64,05a27bb3e6c2b1999f5311320505ef293ba201df0f75af20574b22caddf7dc10,libuno_sal.so.3;libuno_salhelpergcc3.so.3;libstdc++.so.6;libm.so.6;libgcc_s.so.1;libc.so.6;ld-linux-x86-64.so.2,,True
/usr/lib/libreoffice/program/libstaroffice-0.0-lo.so.0,dpkg package metadata,dpkg:libreoffice-core,42bce75b7fa6f2828303c97fabce3725787ca253870ca1e24babf2596023a97d,librevenge-0.0.so.0;libstdc++.so.6;libm.so.6;libc.so.6;libgcc_s.so.1,,True
/usr/lib/libreoffice/program/libwpftwriterlo.so,dpkg package metadata,dpkg:libreoffice-writer,402e10f7719082992cb913141e6ce7e19ed0afcbaf2b9332481d9ba044509d96,libepubgen-0.1.so.1;librevenge-0.0.so.0;libabw-0.1.so.1;libe-book-0.1.so.1;libetonyek-0.1.so.1;libmwaw-0.3.so.3;libodfgen-0.1.so.1;libstaroffice-0.0-lo.so.0;libwpd-0.10.so.10;libwpg-0.3.so.3;libwps-0.4.so.4;libuno_cppu.so.3;libuno_cppuhelpergcc3.so.3;libi18nlangtag.so;libuno_sal.so.3;libwriterperfectlo.so;libmergedlo.so;libstdc++.so.6;libm.so.6;libgcc_s.so.1;libc.so.6,,True
/usr/lib/libreoffice/program/libdeploymentgui.so,dpkg package metadata,dpkg:libreoffice-core,28f4ddff2e49fb2d4184f9c102de0c1c5cf2e867c6c621ddac19b0a3f2808fc5,libuno_cppu.so.3;libuno_cppuhelpergcc3.so.3;libi18nlangtag.so;libuno_sal.so.3;libuno_salhelpergcc3.so.3;libmergedlo.so;libstdc++.so.6;libm.so.6;libgcc_s.so.1;libc.so.6,,True
/usr/lib/libreoffice/program/librust_uno-cpplo.so,dpkg package metadata,dpkg:libreoffice-core,88d3d99bef5a6d6b17bf9365dee6997e9c55856cc56160fcdb72bc31396ab249,libuno_cppu.so.3;libuno_cppuhelpergcc3.so.3;libuno_sal.so.3;libstdc++.so.6;libm.so.6;libgcc_s.so.1;libc.so.6,,True
/usr/lib/libreoffice/program/libdlgprovlo.so,dpkg package metadata,dpkg:libreoffice-core,10e3e6b1fe4d421c2dfe86ff6dac8d9c7deb6f82900e6b50bdc2ad5c9294376e,libuno_cppu.so.3;libuno_cppuhelpergcc3.so.3;libuno_sal.so.3;libi18nlangtag.so;libmergedlo.so;libstdc++.so.6;libm.so.6;libgcc_s.so.1;libc.so.6,,True
/usr/lib/libreoffice/program/libinvocationlo.so,dpkg package metadata,dpkg:ure,8e9252e085e4653b413d1cc79517239550c812938d5ff653593214c0f74276ee,libuno_cppu.so.3;libuno_cppuhelpergcc3.so.3;libuno_sal.so.3;libstdc++.so.6;libm.so.6;libgcc_s.so.1;libc.so.6,,True
/usr/lib/libreoffice/program/uri-encode,dpkg package metadata,dpkg:libreoffice-core,bf24163670dc525d1e4fa2782caf46b7b19a12fdbbce39302e4d5c39ec105754,libc.so.6,,True
/usr/lib/libreoffice/program/libmigrationoo3lo.so,dpkg package metadata,dpkg:libreoffice-core,f1922b86aee93f15c4655bf52b00d05872dfd98317ecded3b9533cc9495bb175,libuno_cppu.so.3;libuno_cppuhelpergcc3.so.3;libuno_sal.so.3;libmergedlo.so;libstdc++.so.6;libm.so.6;libgcc_s.so.1;libc.so.6,,True
/usr/lib/libreoffice/program/libloglo.so,dpkg package metadata,dpkg:libreoffice-core,c3aa230922b5ea345628bcbf9063f5e721c09300d76c9cf6ae2ed47c73618640,libuno_cppuhelpergcc3.so.3;libuno_cppu.so.3;libuno_sal.so.3;libmergedlo.so;libstdc++.so.6;libm.so.6;libgcc_s.so.1;libc.so.6,,True
/usr/lib/libreoffice/program/libstocserviceslo.so,dpkg package metadata,dpkg:ure,b4b8f744d9ba91b232f6d13c48f8ae371d673ac34b8a54cbb39f0a4def373f32,libuno_cppu.so.3;libuno_cppuhelpergcc3.so.3;libuno_sal.so.3;libstdc++.so.6;libm.so.6;libgcc_s.so.1;libc.so.6,,True
/usr/lib/libreoffice/program/libswuilo.so,dpkg package metadata,dpkg:libreoffice-writer,7fe3e80a6b9c688dc160366aa7f9938a1861bdc7903adb129ea44f49bc069611,libuno_cppu.so.3;libuno_cppuhelpergcc3.so.3;libi18nlangtag.so;libuno_sal.so.3;libuno_salhelpergcc3.so.3;libswlo.so;libmergedlo.so;libstdc++.so.6;libm.so.6;libgcc_s.so.1;libc.so.6,,True
/usr/lib/libreoffice/program/libskialo.so,dpkg package metadata,dpkg:libreoffice-core,578937f7c038961128e451ac6fe9f7754ffaac7e1cf307033c99025f133cbf2f,libexpat.so.1;libfreetype.so.6;libfontconfig.so.1;libz.so.1;libjpeg.so.8;libpng16.so.16;libm.so.6;libX11-xcb.so.1;libX11.so.6;libuno_sal.so.3;libstdc++.so.6;libgcc_s.so.1;libc.so.6;ld-linux-x86-64.so.2,,True
/usr/lib/libreoffice/program/libucpchelp1.so,dpkg package metadata,dpkg:libreoffice-core,4958e27a1196f4be1bff61b242fb19fdb10cec68c05c2836900dbefb6694cb7f,libexpat.so.1;libxml2.so.16;libxslt.so.1;libuno_cppu.so.3;libuno_cppuhelpergcc3.so.3;libuno_sal.so.3;libi18nlangtag.so;libmergedlo.so;libstdc++.so.6;libm.so.6;libgcc_s.so.1;libc.so.6,,True
/usr/lib/libreoffice/program/libmigrationoo2lo.so,dpkg package metadata,dpkg:libreoffice-core,a97862a3cb29c68cc99734f352ee336817aa0134472d73056af410833321e3e4,libuno_cppu.so.3;libuno_cppuhelpergcc3.so.3;libi18nlangtag.so;libjvmfwklo.so;libuno_sal.so.3;libmergedlo.so;libstdc++.so.6;libm.so.6;libgcc_s.so.1;libc.so.6,,True
/usr/lib/libreoffice/program/libucpcmis1lo.so,dpkg package metadata,dpkg:libreoffice-core,d86acc82731220267335dd9b56951cc1a807f81271794f930406a0e50b92be97,libcurl.so.4;libxml2.so.16;libuno_cppu.so.3;libuno_cppuhelpergcc3.so.3;libuno_sal.so.3;libuno_salhelpergcc3.so.3;libmergedlo.so;libstdc++.so.6;libm.so.6;libgcc_s.so.1;libc.so.6;ld-linux-x86-64.so.2,,True
/usr/lib/libreoffice/program/soffice.bin,dpkg package metadata,dpkg:libreoffice-core,c30a95444e317e7297b325cbef55ea3651cf3a00fb501c8ea0087f9fb77e20ce,librust_uno-cpplo.so;libuno_sal.so.3;libmergedlo.so;libc.so.6,,True
/usr/lib/libreoffice/program/libpdfimportlo.so,dpkg package metadata,dpkg:libreoffice-core,6dfd34184435c1dd6d2f5738241ce0383db2c64bb50481e4ca4b4ad71176dcd6,libz.so.1;libuno_cppu.so.3;libuno_cppuhelpergcc3.so.3;libuno_sal.so.3;libuno_salhelpergcc3.so.3;libmergedlo.so;libstdc++.so.6;libm.so.6;libgcc_s.so.1;libc.so.6,,True
/usr/lib/libreoffice/program/libi18nlangtag.so,dpkg package metadata,dpkg:ure,dfdcd6e3fe6756582b9dfa5ffb113a130b222fd86bbf50d77a2ebc5b7debd181,libicuuc.so.78;liblangtag.so.1;libuno_sal.so.3;libstdc++.so.6;libm.so.6;libgcc_s.so.1;libc.so.6;ld-linux-x86-64.so.2,,True
/usr/lib/libreoffice/program/libpcrlo.so,dpkg package metadata,dpkg:libreoffice-core,5222bf4b3424d5fcae33e58fdbb0e8516682deeb95911fad096c6c55b9eadc87,libi18nlangtag.so;libuno_cppuhelpergcc3.so.3;libuno_cppu.so.3;libuno_sal.so.3;libuno_salhelpergcc3.so.3;libmergedlo.so;libstdc++.so.6;libm.so.6;libgcc_s.so.1;libc.so.6,,True
/usr/lib/libreoffice/program/liblocaledata_en.so,dpkg package metadata,dpkg:libreoffice-core,393e737a697500970353b5b12e381a22d41d73cdfeb51ed099308526434abc46,libuno_sal.so.3;libstdc++.so.6;libm.so.6;libgcc_s.so.1;libc.so.6,,True
/usr/lib/libreoffice/program/libdbahsqllo.so,dpkg package metadata,dpkg:libreoffice-base-core,0dc7ed64bdabb19bb8caf1643ad4ebef4a6f634f2cefbfb3503daf732cdf28c0,libuno_cppu.so.3;libuno_cppuhelpergcc3.so.3;libuno_sal.so.3;libuno_salhelpergcc3.so.3;libmergedlo.so;libstdc++.so.6;libm.so.6;libgcc_s.so.1;libc.so.6,,True
/usr/lib/libreoffice/program/libprotocolhandlerlo.so,dpkg package metadata,dpkg:libreoffice-core,572da59301e936fd14079e620878a173d3f73c7dbfb900e79266c2238e886980,libuno_cppu.so.3;libuno_cppuhelpergcc3.so.3;libuno_sal.so.3;libmergedlo.so;libstdc++.so.6;libm.so.6;libgcc_s.so.1;libc.so.6,,True
/usr/lib/libreoffice/program/libt602filterlo.so,dpkg package metadata,dpkg:libreoffice-writer,57bdde78480aabaa3a748b2f5c0f01366e7295c9f47aa64c18caf47a7fd196a4,libuno_cppuhelpergcc3.so.3;libuno_cppu.so.3;libuno_sal.so.3;libi18nlangtag.so;libmergedlo.so;libstdc++.so.6;libm.so.6;libgcc_s.so.1;libc.so.6,,True
/usr/lib/libreoffice/program/libcuilo.so,dpkg package metadata,dpkg:libreoffice-core,a617f85e78b402fc75ff546c408c759606068c466f24c4be65ca11d92257d84d,libxml2.so.16;liborcus-0.21.so.0;liborcus-parser-0.21.so.0;libuno_cppu.so.3;libuno_cppuhelpergcc3.so.3;libi18nlangtag.so;libjvmfwklo.so;libuno_sal.so.3;libuno_salhelpergcc3.so.3;libmergedlo.so;libclewlo.so;libstdc++.so.6;libm.so.6;libgcc_s.so.1;libc.so.6,,True
/usr/lib/libreoffice/program/libbootstraplo.so,dpkg package metadata,dpkg:ure,5fa72248782f44537b50352714535d8f3a8c38829fba88978015906576329d26,libuno_cppu.so.3;libuno_cppuhelpergcc3.so.3;libreglo.so;libuno_sal.so.3;libuno_salhelpergcc3.so.3;libstdc++.so.6;libm.so.6;libgcc_s.so.1;libc.so.6,,True
/usr/lib/libreoffice/program/libuno_purpenvhelpergcc3.so.3,dpkg package metadata,dpkg:libuno-purpenvhelpergcc3-3t64,da9e998efaa0001b9eaa98dfdac197d8fbfd70a3852141bf37523b6b372edb56,libuno_cppu.so.3;libuno_sal.so.3;libstdc++.so.6;libm.so.6;libgcc_s.so.1;libc.so.6,,True
/usr/lib/libreoffice/program/libtextconversiondlgslo.so,dpkg package metadata,dpkg:libreoffice-core,2a0a983428830ebc5dde93bfa3a0720c4cca8eb9581ffa9204ab1f6ce59eaebe,libuno_cppuhelpergcc3.so.3;libuno_cppu.so.3;libuno_sal.so.3;libi18nlangtag.so;libmergedlo.so;libstdc++.so.6;libm.so.6;libgcc_s.so.1;libc.so.6,,True
/usr/lib/libreoffice/program/liblwpftlo.so,dpkg package metadata,dpkg:libreoffice-writer,d24425378d50e3f655f62abd7904848f5306b6f372f8d849700ed1119fff16ec,libicui18n.so.78;libicuuc.so.78;libuno_cppu.so.3;libuno_cppuhelpergcc3.so.3;libuno_sal.so.3;libuno_salhelpergcc3.so.3;libi18nlangtag.so;libmergedlo.so;libstdc++.so.6;libm.so.6;libgcc_s.so.1;libc.so.6,,True
/usr/lib/libreoffice/program/libunsafe_uno_uno.so,dpkg package metadata,dpkg:ure,24ce3beed24706927f7e6dd43857712efab950bc4735782a7e034841c1f5e0df,libuno_purpenvhelpergcc3.so.3;libuno_sal.so.3;libstdc++.so.6;libm.so.6;libgcc_s.so.1;libc.so.6,,True
/usr/lib/libreoffice/program/libfilelo.so,dpkg package metadata,dpkg:libreoffice-core,f61b717add51f854e7f6cd7752369475611b9385a3dbb57f068e79e431cb48de,libuno_cppu.so.3;libuno_cppuhelpergcc3.so.3;libuno_sal.so.3;libuno_salhelpergcc3.so.3;libmergedlo.so;libstdc++.so.6;libm.so.6;libgcc_s.so.1;libc.so.6,,True
/usr/lib/libreoffice/program/libintrospectionlo.so,dpkg package metadata,dpkg:ure,00eaf6c2a80c68d8be31ef630ea34ead1cdcdc0dbbf239c2db7d88d2ce34eeba,libuno_cppu.so.3;libuno_cppuhelpergcc3.so.3;libuno_sal.so.3;libuno_salhelpergcc3.so.3;libstdc++.so.6;libm.so.6;libgcc_s.so.1;libc.so.6,,True
/usr/lib/libreoffice/program/libavmediagst.so,dpkg package metadata,dpkg:libreoffice-core,7c1425f4e4353fc1a89bad1e84a45e026ce2fc9878096cbf5572a2aea784af44,libgstpbutils-1.0.so.0;libgstvideo-1.0.so.0;libgstreamer-1.0.so.0;libgobject-2.0.so.0;libglib-2.0.so.0;libuno_cppu.so.3;libuno_cppuhelpergcc3.so.3;libuno_sal.so.3;libuno_salhelpergcc3.so.3;libmergedlo.so;libstdc++.so.6;libm.so.6;libgcc_s.so.1;libc.so.6,,True
/usr/lib/libreoffice/program/uno.bin,dpkg package metadata,dpkg:ure,f3a50c3fd3f7b06c92f7d6b9f4574e0c5de360ff6dfabee46da313c6e06ff2f6,libuno_cppu.so.3;libuno_cppuhelpergcc3.so.3;libuno_sal.so.3;libuno_salhelpergcc3.so.3;libstdc++.so.6;libm.so.6;libgcc_s.so.1;libc.so.6,,True
/usr/lib/libreoffice/program/libvbaswobjlo.so,dpkg package metadata,dpkg:libreoffice-writer,f056d30f611074c54ab6dace22d947df4f680c6a48e2c932ec7bdb8078f8e104,libuno_cppu.so.3;libuno_cppuhelpergcc3.so.3;libi18nlangtag.so;libuno_sal.so.3;libswlo.so;libmergedlo.so;libstdc++.so.6;libm.so.6;libgcc_s.so.1;libc.so.6,,True
/usr/lib/libreoffice/program/libreflectionlo.so,dpkg package metadata,dpkg:ure,4cf2c6ea3390cf7a4d184dc69f1a938c986e47a077ff6d69bbea1957475ecd7a,libuno_cppu.so.3;libuno_cppuhelpergcc3.so.3;libuno_sal.so.3;libstdc++.so.6;libm.so.6;libgcc_s.so.1;libc.so.6,,True
/usr/lib/libreoffice/program/libjavavmlo.so,dpkg package metadata,dpkg:ure,a7893c88ddaee31c037c45d21b49f56c1ebdb189de10e2f8116366e16267e380,libuno_cppu.so.3;libuno_cppuhelpergcc3.so.3;libi18nlangtag.so;libjvmaccesslo.so;libjvmfwklo.so;libuno_sal.so.3;libuno_salhelpergcc3.so.3;libstdc++.so.6;libm.so.6;libgcc_s.so.1;libc.so.6,,True
/usr/lib/libreoffice/program/libcmdmaillo.so,dpkg package metadata,dpkg:libreoffice-core,2b420841d066ce3a1a81c60f3f299dceea4e3ae60384bc06e002272d651a78a5,libuno_cppu.so.3;libuno_cppuhelpergcc3.so.3;libuno_sal.so.3;libmergedlo.so;libstdc++.so.6;libm.so.6;libgcc_s.so.1;libc.so.6,,True
/usr/lib/libreoffice/program/oosplash,dpkg package metadata,dpkg:libreoffice-core,48743eec387cecfc5e3f29a01294e7b7967b69af6a3532c21d85ccc48718bcf9,libXinerama.so.1;libX11.so.6;libpng16.so.16;libuno_sal.so.3;libc.so.6,,True
/usr/lib/libreoffice/program/libgraphicfilterlo.so,dpkg package metadata,dpkg:libreoffice-draw,e423750da2a25e84d7a86ae5fa1d1d4d777283cd3234e4c01f6c90ee1a1e9df2,libi18nlangtag.so;libuno_cppuhelpergcc3.so.3;libuno_cppu.so.3;libuno_sal.so.3;libmergedlo.so;libstdc++.so.6;libm.so.6;libgcc_s.so.1;libc.so.6,,True
/usr/lib/libreoffice/program/libhwplo.so,dpkg package metadata,dpkg:libreoffice-writer,4a7bea92995ddccdb8ae7e5ce6cc95f7c3086cc88c31cea9a3eb4c95e1549ebe,libz.so.1;libuno_cppu.so.3;libuno_cppuhelpergcc3.so.3;libuno_sal.so.3;libmergedlo.so;libstdc++.so.6;libm.so.6;libgcc_s.so.1;libc.so.6,,True
/usr/lib/libreoffice/program/libunopkgapp.so,dpkg package metadata,dpkg:libreoffice-core,28f53ef7b87c201fdc8cd7bce933accfc99635ee303ad3ac450bbb3ace5bd704,libuno_cppu.so.3;libuno_cppuhelpergcc3.so.3;libuno_sal.so.3;libi18nlangtag.so;libmergedlo.so;libstdc++.so.6;libm.so.6;libgcc_s.so.1;libc.so.6,,True
/usr/lib/libreoffice/program/liblocaledata_euro.so,dpkg package metadata,dpkg:libreoffice-core,2d672d0c0fe0dab06ea66d75294a06ec1fa62fc692195522e2556a39b19410f1,liblocaledata_en.so;libuno_sal.so.3;libstdc++.so.6;libm.so.6;libgcc_s.so.1;libc.so.6,,True
/usr/lib/libreoffice/program/libvclplug_genlo.so,dpkg package metadata,dpkg:libreoffice-core,7615e4db92c264d50aec4c23317f787767b1137df23ecd0909d8286866d889dc,libcairo.so.2;libepoxy.so.0;libXrender.so.1;libX11.so.6;libfontconfig.so.1;libXext.so.6;libSM.so.6;libICE.so.6;libXrandr.so.2;libXinerama.so.1;libmergedlo.so;libuno_cppuhelpergcc3.so.3;libi18nlangtag.so;libjvmaccesslo.so;libuno_cppu.so.3;libuno_sal.so.3;libskialo.so;libstdc++.so.6;libm.so.6;libgcc_s.so.1;libc.so.6,,True
/usr/lib/libreoffice/program/libLanguageToollo.so,dpkg package metadata,dpkg:libreoffice-core,a3e6aa58c5884b9535b6ffd87da419efe9c71cdc585ede937d7b196be8637eaa,libcurl.so.4;libuno_cppu.so.3;libuno_cppuhelpergcc3.so.3;libi18nlangtag.so;libuno_sal.so.3;libmergedlo.so;libstdc++.so.6;libm.so.6;libgcc_s.so.1;libc.so.6,,True
/usr/lib/libreoffice/program/libmergedlo.so,dpkg package metadata,dpkg:libreoffice-core,5340486002d4347707d819495b48cea5871dd7cad7af1acaac2e8afbd3fca456,libxml2.so.16;libepoxy.so.0;libicuuc.so.78;libicui18n.so.78;libgpgmepp.so.7;libz.so.1;libnss3.so;libsmime3.so;libplc4.so;libnspr4.so;libdconf.so.1;libgio-2.0.so.0;libgobject-2.0.so.0;libglib-2.0.so.0;libdbus-1.so.3;libcurl.so.4;libcairo.so.2;libxslt.so.1;libexslt.so.0;libexpat.so.1;libclucene-core.so.1;libclucene-contribs-lib.so.1;libexttextcat-2.0.so.0;libhunspell-1.7.so.0;libhyphen.so.0;libmythes-1.2.so.0;libargon2.so.1;libzstd.so.1;libboost_locale.so.1.90.0;librdf.so.0;libraptor2.so.0;libgraphite2.so.3;libharfbuzz-icu.so.0;libharfbuzz.so.0;liblcms2.so.2;libm.so.6;libeot.so.0;libjpeg.so.8;libpng16.so.16;libtiff.so.6;libwebp.so.7;libX11.so.6;libXext.so.6;libcups.so.2;libfontconfig.so.1;libfreetype.so.6;libxmlsec1-nss.so.1;libxmlsec1.so.1;libuno_cppu.so.3;libuno_cppuhelpergcc3.so.3;libi18nlangtag.so;libjvmaccesslo.so;libjvmfwklo.so;libuno_sal.so.3;libuno_salhelpergcc3.so.3;libxmlreaderlo.so;libclewlo.so;libskialo.so;libpdfiumlo.so;libstdc++.so.6;libgcc_s.so.1;libc.so.6;ld-linux-x86-64.so.2,,True
/usr/lib/libreoffice/program/libscnlo.so,dpkg package metadata,dpkg:libreoffice-core,6442e4035795886da1b0328694f79233fa0e4961f069694d5d1090bf1181d5a2,libuno_cppu.so.3;libuno_cppuhelpergcc3.so.3;libi18nlangtag.so;libuno_sal.so.3;libmergedlo.so;libstdc++.so.6;libm.so.6;libgcc_s.so.1;libc.so.6,,True
/usr/lib/libreoffice/program/libwpftdrawlo.so,dpkg package metadata,dpkg:libreoffice-draw,e6bf24b64d910f5cc6d7c6fa8c865f355f3d97d763bc203a80bcf2df59594f35,libcdr-0.1.so.1;librevenge-0.0.so.0;libfreehand-0.1.so.1;libmspub-0.1.so.1;libmwaw-0.3.so.3;libodfgen-0.1.so.1;libpng16.so.16;libpagemaker-0.0.so.0;libstaroffice-0.0-lo.so.0;libvisio-0.1.so.1;libwpg-0.3.so.3;libz.so.1;libicuuc.so.78;libuno_cppu.so.3;libuno_cppuhelpergcc3.so.3;libuno_sal.so.3;libwriterperfectlo.so;libmergedlo.so;libstdc++.so.6;libm.so.6;libgcc_s.so.1;libc.so.6,,True
/usr/lib/libreoffice/program/libucpdav1.so,dpkg package metadata,dpkg:libreoffice-core,b52f241a69c34440eb33b20d066319ae04aec14abc3e323af5862893028fb4aa,libcurl.so.4;libuno_cppu.so.3;libuno_cppuhelpergcc3.so.3;libuno_sal.so.3;libuno_salhelpergcc3.so.3;libmergedlo.so;libstdc++.so.6;libm.so.6;libgcc_s.so.1;libc.so.6,,True
/usr/lib/libreoffice/program/libuuresolverlo.so,dpkg package metadata,dpkg:ure,1114b064ae76b2f9420873ff7a5c3670d8e9938e8b0539cb9ee60b2664909eae,libuno_cppu.so.3;libuno_cppuhelpergcc3.so.3;libuno_sal.so.3;libstdc++.so.6;libm.so.6;libgcc_s.so.1;libc.so.6,,True
/usr/lib/libreoffice/program/libgcc3_uno.so,dpkg package metadata,dpkg:ure,b4b908cf0a422d0f135de519f0f0ee4bb28d06a0109d5e2dbeb5ccf39471a316,libuno_cppu.so.3;libuno_sal.so.3;libstdc++.so.6;libm.so.6;libgcc_s.so.1;libc.so.6,,True
/usr/lib/libreoffice/program/liblog_uno_uno.so,dpkg package metadata,dpkg:ure,ac577945e8fa4d7cb2aef57ffd5a39934a55b85cf4d93fe765fc0de7cd48fe73,libuno_cppu.so.3;libuno_purpenvhelpergcc3.so.3;libuno_sal.so.3;libstdc++.so.6;libm.so.6;libgcc_s.so.1;libc.so.6,,True
/usr/lib/libreoffice/program/liblocaledata_others.so,dpkg package metadata,dpkg:libreoffice-core,7391b1d8717e526d040b5d75321c7bd6afe837e4bb92fb14ee603cb7141e6e6d,liblocaledata_en.so;libuno_sal.so.3;libstdc++.so.6;libm.so.6;libgcc_s.so.1;libc.so.6,,True
/usr/lib/libreoffice/program/libwriterperfectlo.so,dpkg package metadata,dpkg:libreoffice-core,fa21718b7045051bc314652a0461728fd6671d848375eeaf80f9f15ef92bad0e,librevenge-0.0.so.0;libuno_cppu.so.3;libuno_cppuhelpergcc3.so.3;libuno_sal.so.3;libmergedlo.so;libstdc++.so.6;libm.so.6;libgcc_s.so.1;libc.so.6,,True
/usr/lib/libreoffice/program/libembindtestlo.so,dpkg package metadata,dpkg:libreoffice-core,8845cdd153065197f49c89ce1935a4d79a5934f3aad698aa7b9d580eafe419ec,libuno_cppu.so.3;libuno_cppuhelpergcc3.so.3;libuno_sal.so.3;libuno_salhelpergcc3.so.3;libmergedlo.so;libstdc++.so.6;libm.so.6;libgcc_s.so.1;libc.so.6,,True
/usr/lib/libreoffice/program/libmozbootstraplo.so,dpkg package metadata,dpkg:libreoffice-core,349f2da785559ac231725b31a10b4f834e3a80b2a1ce0f4ceb925901c9cc95ec,libuno_cppu.so.3;libuno_cppuhelpergcc3.so.3;libuno_sal.so.3;libmergedlo.so;libstdc++.so.6;libm.so.6;libgcc_s.so.1;libc.so.6,,True
/usr/lib/gnupg/keyboxd,dpkg package metadata,dpkg:gpg,8e8339f9c7da197e8fe99142582deededa1dd80c1753370a14523a736cc4c01c,libksba.so.8;libgpg-error.so.0;libgcrypt.so.20;libassuan.so.9;libnpth.so.0;libsqlite3.so.0;libc.so.6,,True
/usr/lib/gnupg/gpg-preset-passphrase,dpkg package metadata,dpkg:gpg-agent,64490f23eac08a774ce8d2e000233dd4f04a3ba5fba882739e9e64d28e6ac0e1,libassuan.so.9;libgcrypt.so.20;libgpg-error.so.0;libc.so.6,,True
/usr/lib/gnupg/gpg-check-pattern,dpkg package metadata,dpkg:gpg-agent,7ad0e666aa06a4aae4a6a15667040eafb4861bdf7ba3104bf985278011dcbee6,libgcrypt.so.20;libgpg-error.so.0;libc.so.6,,True
/usr/lib/gnupg/dirmngr_ldap,dpkg package metadata,dpkg:dirmngr,d840e5da887e1b50ee25820970838abaa4b5d61635228d2ceba57daca07f4b7e,libgpg-error.so.0;libgcrypt.so.20;libldap.so.2;liblber.so.2;libc.so.6,,True
/usr/lib/gnupg/gpg-protect-tool,dpkg package metadata,dpkg:gpg-agent,bbd552a903e8887825e8f3d762be388dd97746751c9567beaf20616b6359901e,libgcrypt.so.20;libassuan.so.9;libgpg-error.so.0;libc.so.6,,True
/usr/local/lib/libpython3.12.so.1.0,CPython copied/custom runtime,,60badb35175743f87894f8f44ace744ab56fde25e71c5d551741f66f645bfa47,libm.so.6;libc.so.6;ld-linux-x86-64.so.2,,
/usr/local/lib/libpython3.so,CPython copied/custom runtime,,99d0e432699afcd8ecee569ab4ba3270928586eb8a846f291cbf91c4c2a732e1,libpython3.12.so.1.0;libc.so.6,,
/usr/local/lib/python3.12/config-3.12-x86_64-linux-gnu/python.o,CPython copied/custom runtime,,d7cad855d58487e7320430b0c9d9cc1e8ff2c3b6903d2b0e648cb26877e911c1,,,
/usr/local/lib/python3.12/site-packages/_cffi_backend.cpython-312-x86_64-linux-gnu.so,Python distribution RECORD,python:cffi==2.1.1,9bc1d08072255a5ec2db10fc75df1dd9e73097a75cd9150cfe875ebd6712f17c,libpthread.so.0;libc.so.6;ld-linux-x86-64.so.2,True,
/usr/local/lib/python3.12/site-packages/PIL/_avif.cpython-312-x86_64-linux-gnu.so,Python distribution RECORD,python:pillow==12.3.0,b6666bff7517b2384aaa76267f507ae6086c6f8baaf38def1eb1e553b4d0e347,libavif.so.16;libc.so.6,True,
/usr/local/lib/python3.12/site-packages/PIL/_imagingmath.cpython-312-x86_64-linux-gnu.so,Python distribution RECORD,python:pillow==12.3.0,39c79a19c23dfd49c9f62f464105cad93a96cf3de137e698c6decd7b9651e4cf,libm.so.6;libc.so.6,True,
/usr/local/lib/python3.12/site-packages/PIL/_imaging.cpython-312-x86_64-linux-gnu.so,Python distribution RECORD,python:pillow==12.3.0,1a6a210a5476da4566e6deda4e877bff5508b887b3bbad2b79acfa1ae458fe2e,libtiff.so.6;libjpeg.so.8;libopenjp2.so.7;libz.so.1;libxcb.so.1;libc.so.6,True,
/usr/local/lib/python3.12/site-packages/PIL/_imagingft.cpython-312-x86_64-linux-gnu.so,Python distribution RECORD,python:pillow==12.3.0,9b4daea1fcdbc5e46f1c74f9a97dad8587e7361a705a6be22a3f88df3a660898,libfreetype.so.6;libraqm.so.0;libc.so.6,True,
/usr/local/lib/python3.12/site-packages/PIL/_imagingmorph.cpython-312-x86_64-linux-gnu.so,Python distribution RECORD,python:pillow==12.3.0,17f5510f4c4140bbec792275b3f386c4c819ae96096e8e934e431aec5710979e,libc.so.6,True,
/usr/local/lib/python3.12/site-packages/PIL/_imagingcms.cpython-312-x86_64-linux-gnu.so,Python distribution RECORD,python:pillow==12.3.0,c6155ac80de00ce813d67ff471fe9e0c1f392c3c8f88c508f47ac55036e56e05,liblcms2.so.2;libc.so.6,True,
/usr/local/lib/python3.12/site-packages/PIL/_imagingtk.cpython-312-x86_64-linux-gnu.so,Python distribution RECORD,python:pillow==12.3.0,9da5cf5c5b809f6481eabdb84045e2df09b486786d0557866b4fe0b3e90324ba,libc.so.6,True,
/usr/local/lib/python3.12/site-packages/PIL/_webp.cpython-312-x86_64-linux-gnu.so,Python distribution RECORD,python:pillow==12.3.0,a5bb5f404466ec22807b98173581e4494068a53da266cf809c6ba8cb3c80bb1a,libwebp.so.7;libwebpmux.so.3;libwebpdemux.so.2;libc.so.6,True,
/usr/local/lib/python3.12/site-packages/google/_upb/_message.abi3.so,Python distribution RECORD,python:protobuf==7.36.2,4ac1622d643ff188f4f355cc89a439f6881c397d766911e1246f9f4a215d051d,libstdc++.so.6;libm.so.6;libc.so.6,True,
/usr/local/lib/python3.12/site-packages/charset_normalizer/cd.cpython-312-x86_64-linux-gnu.so,Python distribution RECORD,python:charset-normalizer==3.5.1,b16e644c978a0f7661a6c7b8640556f645bc5840c752b2d8e80c67fdb1f1857d,libpthread.so.0;libc.so.6,True,
/usr/local/lib/python3.12/site-packages/charset_normalizer/md.cpython-312-x86_64-linux-gnu.so,Python distribution RECORD,python:charset-normalizer==3.5.1,8efd70bb6f5b91f780b0aaf9eaaaed9e2098321c015853c569ef52bb6534df1b,libpthread.so.0;libc.so.6,True,
/usr/local/lib/python3.12/site-packages/lxml/objectify.cpython-312-x86_64-linux-gnu.so,Python distribution RECORD,python:lxml==6.1.3,4274287d8d239f803fa50f5c85876106e0f03b14a6c8a6abf87562759e32cfe1,libxml2.so.16;libc.so.6,True,
/usr/local/lib/python3.12/site-packages/lxml/sax.cpython-312-x86_64-linux-gnu.so,Python distribution RECORD,python:lxml==6.1.3,2bed986ea263fe238853433257abef8a5f1eea3f84e547c9ea021784820a3329,libc.so.6,True,
/usr/local/lib/python3.12/site-packages/lxml/builder.cpython-312-x86_64-linux-gnu.so,Python distribution RECORD,python:lxml==6.1.3,611d417ddd69ddf791f6eb290d6b78a494a40ef34e60c00c2c8a59369451cf0a,libc.so.6,True,
/usr/local/lib/python3.12/site-packages/lxml/etree.cpython-312-x86_64-linux-gnu.so,Python distribution RECORD,python:lxml==6.1.3,fe4ba66e47c4e2341968fcf3f2129eee2bb152833546dbc4fa749f108b9f924a,libxslt.so.1;libexslt.so.0;libxml2.so.16;libc.so.6,True,
/usr/local/lib/python3.12/site-packages/lxml/_elementpath.cpython-312-x86_64-linux-gnu.so,Python distribution RECORD,python:lxml==6.1.3,9b1960f3b5c36e288c9ec44cddfcb1c33bba40b70fb926b8c886fdf031595c8c,libc.so.6,True,
/usr/local/lib/python3.12/site-packages/lxml/html/_difflib.cpython-312-x86_64-linux-gnu.so,Python distribution RECORD,python:lxml==6.1.3,c57a7d068a00092c8d09a1199178818dba5916b51288aa5cd100ad6c28469900,libc.so.6,True,
/usr/local/lib/python3.12/site-packages/lxml/html/diff.cpython-312-x86_64-linux-gnu.so,Python distribution RECORD,python:lxml==6.1.3,f39ead7dc7d827f6aeb52ff301ac8102facc38e1ce888a08ef91f04b4c8a925c,libc.so.6,True,
/usr/local/lib/python3.12/site-packages/wrapt/_wrappers.cpython-312-x86_64-linux-gnu.so,Python distribution RECORD,python:wrapt==1.17.3,bf80e31f1b9aa9874f319f93890cdfdc4addc64c7651dfaa60115f86ca962cb8,libpthread.so.0;libc.so.6,True,
/usr/local/lib/python3.12/site-packages/watchfiles/_rust_notify.cpython-312-x86_64-linux-gnu.so,Python distribution RECORD,python:watchfiles==1.2.0,2ab9489939c76aec37f5842fb26ceafab912efe22ff2ee359f8676cf880a8f74,libgcc_s.so.1;librt.so.1;libpthread.so.0;libdl.so.2;libc.so.6;ld-linux-x86-64.so.2,True,
/usr/local/lib/python3.12/site-packages/pypdfium2_raw/libpdfium.so,Python distribution RECORD,python:pypdfium2==5.13.0,224f8ece41f7e35891f11c10073b7b7062d7a18e9ef870586162a85c46130f7d,libpthread.so.0;libm.so.6;libgcc_s.so.1;libc.so.6;ld-linux-x86-64.so.2,True,
/usr/local/lib/python3.12/site-packages/psycopg_binary.libs/libcrypt-13f4f5d0.so.1,Python distribution RECORD,python:psycopg-binary==3.3.4,a74d1e8438d224e0fff14da0001f5e50129b0d666a103bf981b976770158d106,libc.so.6,True,
/usr/local/lib/python3.12/site-packages/psycopg_binary.libs/liblber-9320a7df.so.2.0.200,Python distribution RECORD,python:psycopg-binary==3.3.4,39df9a3a7d6fb2f3dec38d4892bae83ceb5f4c45fea50ce838f68f23cb0b7eaf,libresolv.so.2;libc.so.6,True,
/usr/local/lib/python3.12/site-packages/psycopg_binary.libs/libcom_err-2abe824b.so.2.1,Python distribution RECORD,python:psycopg-binary==3.3.4,5426dcb54dd01c9eedda05e2179f0e47114e8b48a534ffe9e94916e79471b257,libpthread.so.0;libc.so.6;ld-linux-x86-64.so.2,True,
/usr/local/lib/python3.12/site-packages/psycopg_binary.libs/libkeyutils-dfe70bd6.so.1.5,Python distribution RECORD,python:psycopg-binary==3.3.4,c29e41b03cf4b2dffbfb4960946e2b42f82c0ca5d53d231d3f0fc597ba274488,libdl.so.2;libc.so.6,True,
/usr/local/lib/python3.12/site-packages/psycopg_binary.libs/libselinux-0922c95c.so.1,Python distribution RECORD,python:psycopg-binary==3.3.4,d4fa8e7fb3add960a68325a59c9694244aea3213fd739a50815cb067c4965654,libpcre-9513aab5.so.1.2.0;libdl.so.2;libc.so.6;ld-linux-x86-64.so.2,True,
/usr/local/lib/python3.12/site-packages/psycopg_binary.libs/libgssapi_krb5-497db0c6.so.2.2,Python distribution RECORD,python:psycopg-binary==3.3.4,2a74b0330ee973281b26f8ebe4acef0ebf9ee99c6b68497cf9151fff6c4c34e1,libkrb5-fcafa220.so.3.3;libk5crypto-b1f99d5c.so.3.1;libcom_err-2abe824b.so.2.1;libkrb5support-d0bcff84.so.0.1;libdl.so.2;libkeyutils-dfe70bd6.so.1.5;libresolv.so.2;libc.so.6,True,
/usr/local/lib/python3.12/site-packages/psycopg_binary.libs/libkrb5-fcafa220.so.3.3,Python distribution RECORD,python:psycopg-binary==3.3.4,b2aab528ff4cab2144e5ce01b246ac09f574a072a53ff63ea81d6bb29b26b8f1,libk5crypto-b1f99d5c.so.3.1;libcom_err-2abe824b.so.2.1;libkrb5support-d0bcff84.so.0.1;libkeyutils-dfe70bd6.so.1.5;libresolv.so.2;libc.so.6,True,
/usr/local/lib/python3.12/site-packages/psycopg_binary.libs/libsasl2-84219a89.so.3.0.0,Python distribution RECORD,python:psycopg-binary==3.3.4,ae3f8967d5fa191dac7c6ae5f9130f659cf2f5cb66b2f7e5c5a1a5a47369fe5a,libdl.so.2;libresolv.so.2;libcrypt-13f4f5d0.so.1;libgssapi_krb5-497db0c6.so.2.2;libkrb5-fcafa220.so.3.3;libk5crypto-b1f99d5c.so.3.1;libcom_err-2abe824b.so.2.1;libkrb5support-d0bcff84.so.0.1;libc.so.6,True,
/usr/local/lib/python3.12/site-packages/psycopg_binary.libs/libk5crypto-b1f99d5c.so.3.1,Python distribution RECORD,python:psycopg-binary==3.3.4,9844e5009e70a6ad2fb22b587306810fe2a7b1b9f6b9922daa1c78ba3466de27,libkrb5support-d0bcff84.so.0.1;libkeyutils-dfe70bd6.so.1.5;libresolv.so.2;libc.so.6,True,
/usr/local/lib/python3.12/site-packages/psycopg_binary.libs/libssl-4a840876.so.3,Python distribution RECORD,python:psycopg-binary==3.3.4,461301beff504e1f2eb844dcb70de2d986de76cc89e7b6e15b3a68b97187e1ac,libcrypto-e7530dde.so.3;libz.so.1;libdl.so.2;libpthread.so.0;libc.so.6,True,
/usr/local/lib/python3.12/site-packages/psycopg_binary.libs/libldap-fa0f4823.so.2.0.200,Python distribution RECORD,python:psycopg-binary==3.3.4,09cd64a08d8ebb3cb3e3f2313f6d6e5ba737e7603c6bb8c3266cd4f4f69689cb,liblber-9320a7df.so.2.0.200;libresolv.so.2;libsasl2-84219a89.so.3.0.0;libssl-4a840876.so.3;libcrypto-e7530dde.so.3;libpthread.so.0;libc.so.6,True,
/usr/local/lib/python3.12/site-packages/psycopg_binary.libs/libkrb5support-d0bcff84.so.0.1,Python distribution RECORD,python:psycopg-binary==3.3.4,6a71f57d748fef79b4e736d5348875545d0a224fa8928b5d62a3cf2647fc109f,libkeyutils-dfe70bd6.so.1.5;libresolv.so.2;libselinux-0922c95c.so.1;libdl.so.2;libc.so.6,True,
/usr/local/lib/python3.12/site-packages/psycopg_binary.libs/libpcre-9513aab5.so.1.2.0,Python distribution RECORD,python:psycopg-binary==3.3.4,02eda850e04931656d8af81f5171bff74d8bec1553d3d85c3d32d7fc5efe8864,libpthread.so.0;libc.so.6,True,
/usr/local/lib/python3.12/site-packages/psycopg_binary.libs/libpq-2be5f14a.so.5.18,Python distribution RECORD,python:psycopg-binary==3.3.4,3918e961944c87346958a1fd8f6618f386af647c080bdda53cea03cb74327e88,libssl-4a840876.so.3;libcrypto-e7530dde.so.3;libgssapi_krb5-497db0c6.so.2.2;libm.so.6;libldap-fa0f4823.so.2.0.200;libpthread.so.0;libc.so.6,True,
/usr/local/lib/python3.12/site-packages/psycopg_binary.libs/libcrypto-e7530dde.so.3,Python distribution RECORD,python:psycopg-binary==3.3.4,3761d43a07bc3a119cfce159a0ae50b5fd526bd9db8bf9e87626487d12fc89cd,libz.so.1;libdl.so.2;libpthread.so.0;libc.so.6,True,
/usr/local/lib/python3.12/site-packages/playwright/driver/node,Python distribution RECORD,python:playwright==1.63.0,7fde7b8afa198da66257f42ee2001d874c7355631e6d1579a5fb5ef1f246df4c,libdl.so.2;libstdc++.so.6;libm.so.6;libgcc_s.so.1;libpthread.so.0;libc.so.6;ld-linux-x86-64.so.2,True,
/usr/local/lib/python3.12/site-packages/cryptography/hazmat/bindings/_rust.abi3.so,Python distribution RECORD,python:cryptography==50.0.1,3d6423664bffe926fd91d1913d1c5ddda5c31ee7ff1cae06fc8b71c47c9501a1,libgcc_s.so.1;libc.so.6;ld-linux-x86-64.so.2,True,
/usr/local/lib/python3.12/site-packages/httptools/parser/parser.cpython-312-x86_64-linux-gnu.so,Python distribution RECORD,python:httptools==0.8.0,59861e7c89a396db7a6d8a70063f74caaf2ef7b94fe977afe38f153b29aba88f,libpthread.so.0;libc.so.6,True,
/usr/local/lib/python3.12/site-packages/httptools/parser/url_parser.cpython-312-x86_64-linux-gnu.so,Python distribution RECORD,python:httptools==0.8.0,378057f062297d508bac06c0f972175d1a731f15af6dd99ecf0e77e6d66c3b2c,libpthread.so.0;libc.so.6,True,
/usr/local/lib/python3.12/site-packages/uvloop/loop.cpython-312-x86_64-linux-gnu.so,Python distribution RECORD,python:uvloop==0.22.1,8d67497ee731a56033f091471d500e3b0a277a641af09ca7da06794ed3e6f76f,librt.so.1;libpthread.so.0;libc.so.6,True,
/usr/local/lib/python3.12/site-packages/websockets/speedups.cpython-312-x86_64-linux-gnu.so,Python distribution RECORD,python:websockets==17.1,dd8f00b231337f61fe1da38d1b4a2c0e6e8b9072a5c632e789d5de739ef66314,libpthread.so.0;libc.so.6,True,
/usr/local/lib/python3.12/site-packages/pymupdf/_mupdf.so,Python distribution RECORD,python:pymupdf==1.28.0,ef32a5fda57e0c930d4a721e405871cdb79ca92fab17d28ef59d8adf5eea9b52,libpthread.so.0;libdl.so.2;libutil.so.1;libm.so.6;libmupdfcpp.so.29.0;libstdc++.so.6;libgcc_s.so.1;libc.so.6,True,
/usr/local/lib/python3.12/site-packages/pymupdf/_extra.so,Python distribution RECORD,python:pymupdf==1.28.0,20096470e2903c1ed199eb5fc097cdcbac19c5dd97e442d788f8edbec227d4c0,libmupdf.so.29.0;libmupdfcpp.so.29.0;libpthread.so.0;libdl.so.2;libutil.so.1;libm.so.6;libstdc++.so.6;libgcc_s.so.1;libc.so.6,True,
/usr/local/lib/python3.12/site-packages/pymupdf/libmupdfcpp.so.29.0,Python distribution RECORD,python:pymupdf==1.28.0,2acbe7f8d3eab68a733758199f97d922fc52ba15e0d125c9c70249a5431aa858,libmupdf.so.29.0;libstdc++.so.6;libm.so.6;libgcc_s.so.1;libc.so.6;ld-linux-x86-64.so.2,True,
/usr/local/lib/python3.12/site-packages/pymupdf/libmupdf.so.29.0,Python distribution RECORD,python:pymupdf==1.28.0,3887cc07dc04387836255133929df8f9592ec48a41c2eb0e3912cbc03b78bd48,libpthread.so.0;libstdc++.so.6;libm.so.6;libgcc_s.so.1;libc.so.6;ld-linux-x86-64.so.2,True,
/usr/local/lib/python3.12/site-packages/pymupdf/mupdf-devel/lib/libmupdf-threads.a,Python distribution RECORD,python:pymupdf==1.28.0,4610d9cc2ff676bd8e5b164a4d7ad86005c1f2fbca746acab35a5cf37bad57a8,,True,
/usr/local/lib/python3.12/site-packages/pydantic_core/_pydantic_core.cpython-312-x86_64-linux-gnu.so,Python distribution RECORD,python:pydantic_core==2.46.4,7b3b21e8e6fc722fa6913a893d1f82968542135b0119f83c7cede35fc71c4a2f,libgcc_s.so.1;librt.so.1;libpthread.so.0;libdl.so.2;libc.so.6;ld-linux-x86-64.so.2,True,
/usr/local/lib/python3.12/site-packages/psycopg_binary/pq.cpython-312-x86_64-linux-gnu.so,Python distribution RECORD,python:psycopg-binary==3.3.4,21c93d0002a339c065961c853f168d8cbd68ab7146fe02e6fdd2819ab01337f3,libpq-2be5f14a.so.5.18;libpthread.so.0;libc.so.6,True,
/usr/local/lib/python3.12/site-packages/psycopg_binary/_psycopg.cpython-312-x86_64-linux-gnu.so,Python distribution RECORD,python:psycopg-binary==3.3.4,cd784a19160d1dc7d7d355a702cd33db4d5978ed6553a708d687960eecf83d3a,libpq-2be5f14a.so.5.18;libpthread.so.0;libc.so.6,True,
/usr/local/lib/python3.12/site-packages/yaml/_yaml.cpython-312-x86_64-linux-gnu.so,Python distribution RECORD,python:PyYAML==6.0.3,957a099a4521c1f7669306fb6f79ca63fa4b9a0b4c463f7cac833a65a5c5c0cb,libpthread.so.0;libc.so.6,True,
/usr/local/lib/python3.12/site-packages/greenlet/_greenlet.cpython-312-x86_64-linux-gnu.so,Python distribution RECORD,python:greenlet==3.5.5,962f25455d5489cfba56b5f9ae9938ffa2ef4be1f86e7e496eed8d0aece4a2cc,libstdc++.so.6;libm.so.6;libgcc_s.so.1;libpthread.so.0;libc.so.6;ld-linux-x86-64.so.2,True,
/usr/local/lib/python3.12/site-packages/greenlet/tests/_test_extension_cpp.cpython-312-x86_64-linux-gnu.so,Python distribution RECORD,python:greenlet==3.5.5,5574792528bf90908081403d515deb6cc6a84df292cc674aafb6774587054e18,libstdc++.so.6;libm.so.6;libgcc_s.so.1;libpthread.so.0;libc.so.6,True,
/usr/local/lib/python3.12/site-packages/greenlet/tests/_test_extension.cpython-312-x86_64-linux-gnu.so,Python distribution RECORD,python:greenlet==3.5.5,d866ac9629ca31687d31a95637df13ad2eb8400db52da6c729341d4be10d74f9,libpthread.so.0;libc.so.6,True,
/usr/local/lib/python3.12/lib-dynload/_statistics.cpython-312-x86_64-linux-gnu.so,CPython copied/custom runtime,,368ebed02bef81785c0975db085122cae8b61a70b601605c10258ae4c2e1bd48,libm.so.6,,
/usr/local/lib/python3.12/lib-dynload/grp.cpython-312-x86_64-linux-gnu.so,CPython copied/custom runtime,,ed38ef85625a6df22c4dbe577cf234280aaf3a66a168ae36939fe58fa87ff14e,libc.so.6,,
/usr/local/lib/python3.12/lib-dynload/_gdbm.cpython-312-x86_64-linux-gnu.so,CPython copied/custom runtime,,c844995c9e11c0414752aa5921b836b76a1c91c7fad818ccced0aed562e1b519,libgdbm.so.6;libc.so.6,,
/usr/local/lib/python3.12/lib-dynload/_random.cpython-312-x86_64-linux-gnu.so,CPython copied/custom runtime,,218ab54eca95be57ee345a2271f3d1f01414df8c6f9fc61ecb496e1ec27efefb,libc.so.6,,
/usr/local/lib/python3.12/lib-dynload/_json.cpython-312-x86_64-linux-gnu.so,CPython copied/custom runtime,,4448a535456a9dab93645194b6706b38c85ab2dc292bfab6935f4431616dab5c,libc.so.6,,
/usr/local/lib/python3.12/lib-dynload/_sqlite3.cpython-312-x86_64-linux-gnu.so,CPython copied/custom runtime,,91b141970b89aabda66c1518c86deb0d71bd332f32bedd01067bb4e757ce95d0,libsqlite3.so.0;libc.so.6,,
/usr/local/lib/python3.12/lib-dynload/_codecs_iso2022.cpython-312-x86_64-linux-gnu.so,CPython copied/custom runtime,,cfa0e2472581c653fb65398fe62c6d52eb71ae2ad789e05bd42e7a9874dc048a,libc.so.6,,
/usr/local/lib/python3.12/lib-dynload/_queue.cpython-312-x86_64-linux-gnu.so,CPython copied/custom runtime,,6869b1d6b2730d2e591227ba5dcd98ee61b2bf50e88d3e3c304fb70b2cb8eece,libc.so.6,,
/usr/local/lib/python3.12/lib-dynload/_codecs_kr.cpython-312-x86_64-linux-gnu.so,CPython copied/custom runtime,,4ba9682f6a61070fb8dd1d1814f72cd6fa2e5486ef570fc407b6b9813b5a0e94,libc.so.6,,
/usr/local/lib/python3.12/lib-dynload/termios.cpython-312-x86_64-linux-gnu.so,CPython copied/custom runtime,,0b47d29722dfb03877aa4b3a1058b60ec2ccd7bb0d33a71e23b73212654a7a8f,libc.so.6,,
/usr/local/lib/python3.12/lib-dynload/_struct.cpython-312-x86_64-linux-gnu.so,CPython copied/custom runtime,,e2ef86b27bb6027713e5655d85f89121de61678bc7700a3070966082f0ef2509,libc.so.6,,
/usr/local/lib/python3.12/lib-dynload/_blake2.cpython-312-x86_64-linux-gnu.so,CPython copied/custom runtime,,9272d0db5c3d0f6a0e7ce74fdf2e780f1697eb16a9c3bd95b7f96cfa828b267d,libc.so.6,,
/usr/local/lib/python3.12/lib-dynload/_asyncio.cpython-312-x86_64-linux-gnu.so,CPython copied/custom runtime,,ee351f2fd27993d42b1f7cff2bbab9aba7b77129d342b806603d6e8c2aaca936,libc.so.6,,
/usr/local/lib/python3.12/lib-dynload/math.cpython-312-x86_64-linux-gnu.so,CPython copied/custom runtime,,38a702e96da7e7a9ebc8ec07ae41c39fef6207c9c518296d24b1cfa4dc57da26,libm.so.6;libc.so.6,,
/usr/local/lib/python3.12/lib-dynload/_codecs_tw.cpython-312-x86_64-linux-gnu.so,CPython copied/custom runtime,,3340c578c42105d93f009de0208a3e709ad2fc48538158eac36031a23b238fc2,libc.so.6,,
/usr/local/lib/python3.12/lib-dynload/_testcapi.cpython-312-x86_64-linux-gnu.so,CPython copied/custom runtime,,4432394a6bfb3a1a0dc8e0d62ec77c864d43c34e4bf3c44e103cc3629b74bf85,libc.so.6,,
/usr/local/lib/python3.12/lib-dynload/_codecs_cn.cpython-312-x86_64-linux-gnu.so,CPython copied/custom runtime,,be5dc886bba401b1836152e8913d1143ff01e357b623464486ec02663fd00074,libc.so.6,,
/usr/local/lib/python3.12/lib-dynload/_crypt.cpython-312-x86_64-linux-gnu.so,CPython copied/custom runtime,,8f79239a4f6f236bc389869ebe6a8d57f67f3c44d153063328e618710b16dbf8,libcrypt.so.1;libc.so.6,,
/usr/local/lib/python3.12/lib-dynload/_bisect.cpython-312-x86_64-linux-gnu.so,CPython copied/custom runtime,,99e5c4ecc7cbf7769410f69e3c2b31860b7b2b327521b7473029a3adf5a1b4dc,libc.so.6,,
/usr/local/lib/python3.12/lib-dynload/_ctypes.cpython-312-x86_64-linux-gnu.so,CPython copied/custom runtime,,c4e932d98dd779c09aee18533e04b5c6e5b6214878f3bc0ba867e5559fa5d5d1,libffi.so.8;libc.so.6,,
/usr/local/lib/python3.12/lib-dynload/_testclinic.cpython-312-x86_64-linux-gnu.so,CPython copied/custom runtime,,42cb0b388ddba92a3ebde8ce5b82a1f5a1d90a0c0d029e7a7c0fee45ef821f90,libc.so.6,,
/usr/local/lib/python3.12/lib-dynload/_hashlib.cpython-312-x86_64-linux-gnu.so,CPython copied/custom runtime,,fb0751d9c1d28f82f27bff1901df75dc598b5d456316fe4f491e89d65d464d87,libcrypto.so.3;libc.so.6,,
/usr/local/lib/python3.12/lib-dynload/_posixsubprocess.cpython-312-x86_64-linux-gnu.so,CPython copied/custom runtime,,405368efb426b8b427daa857837acf4fea9c2bffce1e62adbe532d0fd0e882e4,libc.so.6,,
/usr/local/lib/python3.12/lib-dynload/_opcode.cpython-312-x86_64-linux-gnu.so,CPython copied/custom runtime,,bdbc4dd1dd0ac096b30e0715251561a3aa17574465e4efad5529cbd6cd42d139,libc.so.6,,
/usr/local/lib/python3.12/lib-dynload/unicodedata.cpython-312-x86_64-linux-gnu.so,CPython copied/custom runtime,,ae14a5bdbb29057a8c7e41cb599f8752be22d83b062c0d9aebbc95c4c59d838c,libc.so.6,,
/usr/local/lib/python3.12/lib-dynload/_md5.cpython-312-x86_64-linux-gnu.so,CPython copied/custom runtime,,01c3e882403179083938f5507b263a0c3d487c9361e70780c4fdf28c20e01594,libc.so.6,,
/usr/local/lib/python3.12/lib-dynload/_socket.cpython-312-x86_64-linux-gnu.so,CPython copied/custom runtime,,3eac65ca6bd75987f0aea2ad7fe43b6354a544f57117f1c2f716cf862f7d26ea,libc.so.6,,
/usr/local/lib/python3.12/lib-dynload/pyexpat.cpython-312-x86_64-linux-gnu.so,CPython copied/custom runtime,,3baa65595f33ee4dd44b066ee0962c600d4e22912d80a3cf49c07576ee976ac7,libexpat.so.1;libc.so.6,,
/usr/local/lib/python3.12/lib-dynload/ossaudiodev.cpython-312-x86_64-linux-gnu.so,CPython copied/custom runtime,,05265dc0f26690ff5a2c1e2b2e6eedd3519a299dea3ac824c44dc212d0426b41,libc.so.6,,
/usr/local/lib/python3.12/lib-dynload/_codecs_jp.cpython-312-x86_64-linux-gnu.so,CPython copied/custom runtime,,b45e699a15b48b932c8a0a0e521469df62f00e7ce7ea674b8cdd69db1dd25097,libc.so.6,,
/usr/local/lib/python3.12/lib-dynload/_xxtestfuzz.cpython-312-x86_64-linux-gnu.so,CPython copied/custom runtime,,8f05243a7114426f327da4c7c49ed1e0f04348cbfc6da1f4c89103d082a14aaf,libc.so.6,,
/usr/local/lib/python3.12/lib-dynload/audioop.cpython-312-x86_64-linux-gnu.so,CPython copied/custom runtime,,8f03ece464c724fbb03f457217548889d556174fdb56b45bc0668391fd1faa36,libm.so.6;libc.so.6,,
/usr/local/lib/python3.12/lib-dynload/xxlimited_35.cpython-312-x86_64-linux-gnu.so,CPython copied/custom runtime,,93bafe85f5df8d0f5f66db8de70e288e850e014637bc14d7e3e7716963310a6f,libc.so.6,,
/usr/local/lib/python3.12/lib-dynload/_sha2.cpython-312-x86_64-linux-gnu.so,CPython copied/custom runtime,,57716b79b378b7076cd08078ee307945dd677f21e4c456b60e40c86a7d0a8758,libc.so.6,,
/usr/local/lib/python3.12/lib-dynload/_multiprocessing.cpython-312-x86_64-linux-gnu.so,CPython copied/custom runtime,,0b26e34c4dc50a60a225733b94c4448d7736656ce27dacd7ed6a2d6ab69adcd6,libc.so.6,,
/usr/local/lib/python3.12/lib-dynload/cmath.cpython-312-x86_64-linux-gnu.so,CPython copied/custom runtime,,30b10dae8221013d6f5e2007902e1b0a42d5f8a9b48af71b0843352aae98dc23,libm.so.6;libc.so.6,,
/usr/local/lib/python3.12/lib-dynload/select.cpython-312-x86_64-linux-gnu.so,CPython copied/custom runtime,,4d28423a7bb3a98e4157c122573f671a787530926891a189b7abab64cbae34cc,libc.so.6,,
/usr/local/lib/python3.12/lib-dynload/spwd.cpython-312-x86_64-linux-gnu.so,CPython copied/custom runtime,,a3e6968524bf3500050e17ee37ba3a1169c46e047df3054d0e611efb80c7e148,libc.so.6,,
/usr/local/lib/python3.12/lib-dynload/zlib.cpython-312-x86_64-linux-gnu.so,CPython copied/custom runtime,,93e46df50e17712a32a4ec2d548f5122df0ac2b634175e2d065669544ee625e8,libz.so.1;libc.so.6,,
/usr/local/lib/python3.12/lib-dynload/_pickle.cpython-312-x86_64-linux-gnu.so,CPython copied/custom runtime,,1bceae0a7de3d1cc51527b69992435244fdb9fdac1bb605cddcceb5f6663189e,libc.so.6,,
/usr/local/lib/python3.12/lib-dynload/_csv.cpython-312-x86_64-linux-gnu.so,CPython copied/custom runtime,,acee243df244c5cca8636a524c2fb2fbfa11890548d69e7002917b0cb12f738d,libc.so.6,,
/usr/local/lib/python3.12/lib-dynload/_heapq.cpython-312-x86_64-linux-gnu.so,CPython copied/custom runtime,,9762bfe76408430240d653bb65f01fdd6f55c990bccbf792faee75e7acf8113b,,,
/usr/local/lib/python3.12/lib-dynload/mmap.cpython-312-x86_64-linux-gnu.so,CPython copied/custom runtime,,5e8b615d30d63ddeb63cfdd35ee78ad33f284b2a7d5b94edc59af245aa12d28b,libc.so.6,,
/usr/local/lib/python3.12/lib-dynload/_tkinter.cpython-312-x86_64-linux-gnu.so,CPython copied/custom runtime,,4505ea29e626d11865106c975d7bed84d472bc6a4c0f2aedd670c6a3ecf233a8,libtk8.6.so;libtcl8.6.so;libc.so.6,,
/usr/local/lib/python3.12/lib-dynload/_xxsubinterpreters.cpython-312-x86_64-linux-gnu.so,CPython copied/custom runtime,,a865e83db2e2666f419e59901910f49e5a43be22840627c96ecab18496dd95ac,libc.so.6,,
/usr/local/lib/python3.12/lib-dynload/_testinternalcapi.cpython-312-x86_64-linux-gnu.so,CPython copied/custom runtime,,6ba4444edc210d9f720210cf5726e08b08b20925528e20086631f54118e467b9,libc.so.6,,
/usr/local/lib/python3.12/lib-dynload/fcntl.cpython-312-x86_64-linux-gnu.so,CPython copied/custom runtime,,9dd396ef78b4d584b0dc3d060e6ba55c0cdbb5ffbb83b4b13b0d3f927f28de70,libc.so.6,,
/usr/local/lib/python3.12/lib-dynload/_posixshmem.cpython-312-x86_64-linux-gnu.so,CPython copied/custom runtime,,004e7f3e3eb1750414549e9b0c948e9b0ff67d910bdfdf98ef967e0bf49657cb,libc.so.6,,
/usr/local/lib/python3.12/lib-dynload/readline.cpython-312-x86_64-linux-gnu.so,CPython copied/custom runtime,,f4ecb4b0c35c76323fad2db7ca4d636f29d3ef4a2dca0652f5ed6e0e56983637,libreadline.so.8;libc.so.6,,
/usr/local/lib/python3.12/lib-dynload/_sha3.cpython-312-x86_64-linux-gnu.so,CPython copied/custom runtime,,0ca4f4b8842c9da6c1922783e2a024dae6999bb4f87543f3eadafad210885b94,libc.so.6,,
/usr/local/lib/python3.12/lib-dynload/_contextvars.cpython-312-x86_64-linux-gnu.so,CPython copied/custom runtime,,8a5146382a14d3f892e3d9b74a90e1bdad246960afef500c823f95cbd53f926f,,,
/usr/local/lib/python3.12/lib-dynload/_decimal.cpython-312-x86_64-linux-gnu.so,CPython copied/custom runtime,,d23d13deefe2f89bd05da28f791874de47536d06ec205a41fa0bb14048b81379,libm.so.6;libc.so.6,,
/usr/local/lib/python3.12/lib-dynload/_testsinglephase.cpython-312-x86_64-linux-gnu.so,CPython copied/custom runtime,,6b69d0936576c17977097d383dbeec2dd911cc3edff2a058a383cbefe8d7b681,libc.so.6,,
/usr/local/lib/python3.12/lib-dynload/_elementtree.cpython-312-x86_64-linux-gnu.so,CPython copied/custom runtime,,c2f7119fce28f635c108237749b2d37038eab2b3af5b8b0cb1bbb78ca54e5ffc,libc.so.6,,
/usr/local/lib/python3.12/lib-dynload/_testbuffer.cpython-312-x86_64-linux-gnu.so,CPython copied/custom runtime,,6804e33b47a2e6d6b939d9ebb9b7b73189471a628a31abf554e2075c46171fff,libc.so.6,,
/usr/local/lib/python3.12/lib-dynload/binascii.cpython-312-x86_64-linux-gnu.so,CPython copied/custom runtime,,ad892282b5c5cae08eaf24cba81000184d5090823fa62c290ec98a2a66d94f3e,libz.so.1;libc.so.6,,
/usr/local/lib/python3.12/lib-dynload/array.cpython-312-x86_64-linux-gnu.so,CPython copied/custom runtime,,005b3be02a0b7a4deb23c34a007477433ef633058c22b69e39c356fa1e2178cb,libc.so.6,,
/usr/local/lib/python3.12/lib-dynload/_bz2.cpython-312-x86_64-linux-gnu.so,CPython copied/custom runtime,,af6446403db2e8fd0643feb3b4a9fd4dbf3f797b14ee52b8aabf3ac4aeb31d26,libbz2.so.1.0;libc.so.6,,
/usr/local/lib/python3.12/lib-dynload/_lsprof.cpython-312-x86_64-linux-gnu.so,CPython copied/custom runtime,,4f4ee6c08b9cb485814660fb798d8f35659b49b4f7bcf96250e0c48dc1152aaa,libc.so.6,,
/usr/local/lib/python3.12/lib-dynload/resource.cpython-312-x86_64-linux-gnu.so,CPython copied/custom runtime,,b83e224982441d56346787eb6b9b24a4594023bd8781d08717a200a4aa25a75b,libc.so.6,,
/usr/local/lib/python3.12/lib-dynload/_testmultiphase.cpython-312-x86_64-linux-gnu.so,CPython copied/custom runtime,,4c6aad962cd4817cfa443b90f9105fd5c6f92ed714f3bbab74d8d7b11b199017,libc.so.6,,
/usr/local/lib/python3.12/lib-dynload/syslog.cpython-312-x86_64-linux-gnu.so,CPython copied/custom runtime,,08fb49bacdf52b3abfc6d084fc09f64885a1145c270e239999bc637c39b08cc7,libc.so.6,,
/usr/local/lib/python3.12/lib-dynload/_zoneinfo.cpython-312-x86_64-linux-gnu.so,CPython copied/custom runtime,,63ca89a86bfe47b2a836986870054bd2b1fa9f32a2fc0f06997377b30c67843c,libc.so.6,,
/usr/local/lib/python3.12/lib-dynload/_codecs_hk.cpython-312-x86_64-linux-gnu.so,CPython copied/custom runtime,,e1a40bb5c59f4751960ee9e041f144be254c55c5ae6eae8f884aa4b22847233b,libc.so.6,,
/usr/local/lib/python3.12/lib-dynload/_multibytecodec.cpython-312-x86_64-linux-gnu.so,CPython copied/custom runtime,,eee48544d67695f0634f9d2428fa1ab78c8118651dd3d60af40b8ab7e249a3ff,libc.so.6,,
/usr/local/lib/python3.12/lib-dynload/_dbm.cpython-312-x86_64-linux-gnu.so,CPython copied/custom runtime,,643024106d3d7162233c3762e4ed533841159ea5876fc30003087affbe769f31,libdb-5.3.so;libc.so.6,,
/usr/local/lib/python3.12/lib-dynload/_datetime.cpython-312-x86_64-linux-gnu.so,CPython copied/custom runtime,,1d0c3421db754a85c0a168fdc873d98a2ed2ddf3078f57629b05ed0ff1a0208b,libm.so.6;libc.so.6,,
/usr/local/lib/python3.12/lib-dynload/_curses_panel.cpython-312-x86_64-linux-gnu.so,CPython copied/custom runtime,,f83067f72ae30ee005c107de5adec7f8e445f2a31e0b3efd7f0bad8152676fec,libpanelw.so.6;libc.so.6,,
/usr/local/lib/python3.12/lib-dynload/_ctypes_test.cpython-312-x86_64-linux-gnu.so,CPython copied/custom runtime,,1ae35d08d046c30b4fb61dcb1b0b7fb1508f34410a011881db2a086d5b020f87,libm.so.6;libc.so.6,,
/usr/local/lib/python3.12/lib-dynload/_uuid.cpython-312-x86_64-linux-gnu.so,CPython copied/custom runtime,,9e1d26a283c87306546948b1511efafe324bf25f3b340440d25407bea10b7f77,libuuid.so.1;libc.so.6,,
/usr/local/lib/python3.12/lib-dynload/xxsubtype.cpython-312-x86_64-linux-gnu.so,CPython copied/custom runtime,,3f8cae55edbee60d8090d936ec665032c2db3a21ae566bcc2f5fd95cc4b9ded0,libc.so.6,,
/usr/local/lib/python3.12/lib-dynload/_testimportmultiple.cpython-312-x86_64-linux-gnu.so,CPython copied/custom runtime,,e6993c201762c557c54035717911fb2acb865f33db59e5333f2c80d1ee93fa63,,,
/usr/local/lib/python3.12/lib-dynload/_curses.cpython-312-x86_64-linux-gnu.so,CPython copied/custom runtime,,e5f6f751c50b1c7389d3a3e156a1a87e942ca3169880832161d8b1144ac8a535,libncursesw.so.6;libtinfo.so.6;libc.so.6,,
/usr/local/lib/python3.12/lib-dynload/_ssl.cpython-312-x86_64-linux-gnu.so,CPython copied/custom runtime,,ab4c1fe9db646e81bae573fabc0bfd91cad1be5c07d207218ac021078e8db488,libssl.so.3;libcrypto.so.3;libc.so.6,,
/usr/local/lib/python3.12/lib-dynload/xxlimited.cpython-312-x86_64-linux-gnu.so,CPython copied/custom runtime,,63012c5ff28f6d7eb3beedcbbde4a16327c384fc08d428ea3fdc484161fb21e6,libc.so.6,,
/usr/local/lib/python3.12/lib-dynload/_sha1.cpython-312-x86_64-linux-gnu.so,CPython copied/custom runtime,,6c6eac07ea58c0f7593fa1fc3d46c90c71a1943b216c66656dcbc0690160f0c2,libc.so.6,,
/usr/local/lib/python3.12/lib-dynload/_lzma.cpython-312-x86_64-linux-gnu.so,CPython copied/custom runtime,,b8a74cc9b0ef9553214871f77a0a7f40cedba073a006ee120f575f36db95eb78,liblzma.so.5;libc.so.6,,
/usr/local/lib/python3.12/lib-dynload/_xxinterpchannels.cpython-312-x86_64-linux-gnu.so,CPython copied/custom runtime,,6209bfbc16f0ce82fd01bfcc152a8842ff9d6d6908c0ea3d50840206661c57a9,libc.so.6,,
/usr/local/bin/python3.12,CPython copied/custom runtime,,0e6475dfda68a9b2d93501449fc47593ca169010e8f4881577b97463fd0c1263,libpython3.12.so.1.0;libc.so.6,,
/usr/bin/gnutee,dpkg package metadata,dpkg:gnu-coreutils,9c05ca7bd40ad87a58bfd7bb2b9dea6d46e0cfb84d9dd1a597782fa021f9e323,libc.so.6,,True
/usr/bin/perl5.40.1,dpkg package metadata,dpkg:perl-base,b8946c83070e6aa031495d36a17324d7ae3f29eee658a5ab4cc4fbd47c45520a,libm.so.6;libc.so.6;libcrypt.so.1,,True
/usr/bin/gnuchmod,dpkg package metadata,dpkg:gnu-coreutils,787b5abd2db66069fdd2467bf3b6acb089380aa0b4c05771f3c1b2471a24bf94,libc.so.6,,True
/usr/bin/setterm,dpkg package metadata,dpkg:util-linux,68851f3d4b78200e2e4d818284425919c02f53bf849afd1575e6f39f2495d01a,libtinfo.so.6;libc.so.6,,True
/usr/bin/gnumktemp,dpkg package metadata,dpkg:gnu-coreutils,861b1fc4e81d39a7110b3ea49c8244a0ccc2a821ddc63ebd306791d442c77428,libc.so.6,,True
/usr/bin/chage,dpkg package metadata,dpkg:passwd,c861cf4475e117d077fdf01249c640e9c6e4893eaedf3930530123cb3e00af86,libaudit.so.1;libselinux.so.1;libc.so.6,,True
/usr/bin/localedef,dpkg package metadata,dpkg:libc-bin,16436b840c44291c78643d17ce1fcde1de54890a64d3605cb80f225912b50c5a,libc.so.6,,True
/usr/bin/ionice,dpkg package metadata,dpkg:util-linux,bf462eafa14e65b8ac04792968a0487a59d408e20581c94ed6f12ca68869b33e,libc.so.6,,True
/usr/bin/find,dpkg package metadata,dpkg:findutils,efe4843f166525b02f328f0c456a884d6a597f32d2c78cd615b6be0b64279bcf,libselinux.so.1;libm.so.6;libc.so.6,,True
/usr/bin/flock,dpkg package metadata,dpkg:util-linux,85a6c65e142a5eb6b4a7009e648875e62392880519265b7aa5b08fd18f2c5eaf,libc.so.6,,True
/usr/bin/gnusha384sum,dpkg package metadata,dpkg:gnu-coreutils,6bca13c2e3e43c855fdb26a9c38b516ab38eb1e528a2f58ef08dfbad42ae9fd0,libcrypto.so.3;libc.so.6,,True
/usr/bin/skill,dpkg package metadata,dpkg:procps,552aece3bae57e2d13fe1b5fdebe42ec38931dbd374fafacfc98c614f6d5facb,libproc2.so.0;libc.so.6,,True
/usr/bin/apt-cdrom,dpkg package metadata,dpkg:apt,2efabbaf8b02f0c5f4ea860234827eb67da9983db69a7f85be386e46ce067584,libapt-private.so.0.0;libapt-pkg.so.7.0;libstdc++.so.6;libgcc_s.so.1;libc.so.6,,True
/usr/bin/gnupwd,dpkg package metadata,dpkg:gnu-coreutils,45647104bc57a5a417091380bd4a0993140d650f1386d153fee76d3eb7c42cd5,libc.so.6,,True
/usr/bin/gnutimeout,dpkg package metadata,dpkg:gnu-coreutils,1ba715580334044dbd32873bddd7f8a19687cda1cf5e9f44be7266af6c048766,libc.so.6,,True
/usr/bin/scriptlive,dpkg package metadata,dpkg:bsdutils,4c01666a4d30ee65dbbeda9d1acd3a8df418c3430c877fb3e96c7074d667e919,libc.so.6,,True
/usr/bin/gnudirname,dpkg package metadata,dpkg:gnu-coreutils,76ce3774ce5183ec6df1ad09558558d50680c0dbe3867783896c6e2f45458cea,libc.so.6,,True
/usr/bin/gnutrue,dpkg package metadata,dpkg:gnu-coreutils,913a39cd38f353497086bcf317b12f91f93c23b51869cea763b8340b4f84cfd3,libc.so.6,,True
/usr/bin/mount,dpkg package metadata,dpkg:lms-util-linux-security-tools,77c55f2c0b54abadbf98e372f84dbabdb8b169889db4b627f823a19222861492,libmount.so.1;libc.so.6,,True
/usr/bin/expiry,dpkg package metadata,dpkg:passwd,700daa75dcfe4182feee3aabbd3cdce66c93bd7b171f4098111db9377016c283,libc.so.6,,True
/usr/bin/dpkg-split,dpkg package metadata,dpkg:dpkg,e90f45cf39a4a3f7768a8fe992e43e524def2c6e942cef38ac23f7ba49f1456f,libmd.so.0;libc.so.6,,True
/usr/bin/gnuecho,dpkg package metadata,dpkg:gnu-coreutils,dc625fda6482a6a3b52519150f65aee269f513d364686f7079ef29e54f609392,libc.so.6,,True
/usr/bin/slabtop,dpkg package metadata,dpkg:procps,c07ac3f3e74e59dd882b8c065a84a182f5324e2bd1ac4ea68a8dee5cf962c467,libproc2.so.0;libncursesw.so.6;libtinfo.so.6;libc.so.6,,True
/usr/bin/pgrep,dpkg package metadata,dpkg:procps,b1e03079307c5c602dd59afdb36f249e262ff2724f98e35a8ddc91d2ea2dffec,libproc2.so.0;libc.so.6,,True
/usr/bin/grep,dpkg package metadata,dpkg:grep,4874cbc734792ae29aa38cd7978aedf1e646563af9e8ee0d5dab59ecb6406417,libpcre2-8.so.0;libc.so.6,,True
/usr/bin/apt,dpkg package metadata,dpkg:apt,a79b3ca1293f888d2e57c1dd45332c6450e549aadcaf753553f6839cc5ff1075,libapt-private.so.0.0;libapt-pkg.so.7.0;libstdc++.so.6;libgcc_s.so.1;libc.so.6,,True
/usr/bin/dpkg-trigger,dpkg package metadata,dpkg:dpkg,74055093d93dfeb1f24d3449416888663f61d207ac07c2d60703119cc65e0442,libc.so.6,,True
/usr/bin/ipcmk,dpkg package metadata,dpkg:util-linux,79b0b9fd9ba908e74b47419389714013098cd6106381229e5516013dcb52e596,libc.so.6,,True
/usr/bin/login,dpkg package metadata,dpkg:login,205414f14be53851eff9ebeebccb919b6e08b2bcb800befa82f33206d3b33655,libpam.so.0;libpam_misc.so.0;libaudit.so.1;libc.so.6,,True
/usr/bin/mcookie,dpkg package metadata,dpkg:util-linux,5ef01a46beef2024d46bbddb913b31fd0fd1ddcce642478d71429e6e9808c4cb,libc.so.6,,True
/usr/bin/gnuid,dpkg package metadata,dpkg:gnu-coreutils,85bc7368ba0463e8dff0312965ffd8fc0e43cdb9f25e4210e11842465a4a6e3c,libselinux.so.1;libc.so.6,,True
/usr/bin/gnuexpand,dpkg package metadata,dpkg:gnu-coreutils,23b6877b46e707fe3846c6304053b9e8463c9dd074d4b17b1967ba4ff469e1f3,libc.so.6,,True
/usr/bin/gnuod,dpkg package metadata,dpkg:gnu-coreutils,7ec996afcc5c11dd94fce2e5434afc556821462036a1e5ca509d29c34f57a9c6,libc.so.6,,True
/usr/bin/gnustat,dpkg package metadata,dpkg:gnu-coreutils,8fed3e2a9bb62e1b97355fca8d9df97547e0c4d731032395264b409b1507e43e,libselinux.so.1;libc.so.6,,True
/usr/bin/zdump,dpkg package metadata,dpkg:libc-bin,bd740c90943fdd90a57e468952b0ee4388c54732876ccfa38a9d531a202ab8b9,libc.so.6,,True
/usr/bin/gnutail,dpkg package metadata,dpkg:gnu-coreutils,f3b7f98754289850fb4bb8814db542510d32b1c4265eee177f3c123c50daaa1d,libc.so.6,,True
/usr/bin/lscpu,dpkg package metadata,dpkg:util-linux,d388925b460106dbfb52b35c78d2d14a382231b99debcae8ad79002782f06f58,libsmartcols.so.1;libc.so.6,,True
/usr/bin/vmstat,dpkg package metadata,dpkg:procps,03b5c9c1931487b331ecfd7d055851d266ffdc1e6ec497f2d8a74f87ab9e83ad,libproc2.so.0;libc.so.6,,True
/usr/bin/gnuptx,dpkg package metadata,dpkg:gnu-coreutils,fc6e4c8ec2e4c4153cea162f466aa9404d2f8b84d86fc127bab0b4832c4f8000,libc.so.6,,True
/usr/bin/gnubasenc,dpkg package metadata,dpkg:gnu-coreutils,dbad224c7f2d33cb7bfa2b62b13c0c4617880cedfd9b2eb7ce3600683d25c332,libc.so.6,,True
/usr/bin/more,dpkg package metadata,dpkg:util-linux,5dfb02c7a2f1d5c685ac34321784b9a4ea3cc7bf1f025ac90563d9a77cd1ac94,libtinfo.so.6;libc.so.6,,True
/usr/bin/sed,dpkg package metadata,dpkg:sed,e42dd92d4848435b6357af4c4a22691062e8f74869ca6c9f3900b4760d604a2f,libacl.so.1;libselinux.so.1;libc.so.6,,True
/usr/bin/gnuchgrp,dpkg package metadata,dpkg:gnu-coreutils,4811f303bb60b03342fa22d1b95869214df5ab94d2608bcc4d0e910b7c1bd9a1,libc.so.6,,True
/usr/bin/gnuhostid,dpkg package metadata,dpkg:gnu-coreutils,ce5b4f678adf88deccd79452915ccda3876d7bb7e09c228c0ce5cf178a33c6a2,libc.so.6,,True
/usr/bin/gnutty,dpkg package metadata,dpkg:gnu-coreutils,f87be5da12c879fc4c4bc4cd714d089bc54c472d03ffee72d01e3a959521eab2,libc.so.6,,True
/usr/bin/gnuln,dpkg package metadata,dpkg:gnu-coreutils,59b692e8faae75050e9808f8046244da0dbd7cc16eece4e0648d60c73bb838ae,libc.so.6,,True
/usr/bin/gnutr,dpkg package metadata,dpkg:gnu-coreutils,48fac4d39d23d1a3fb4856d01cf113fa744b51a2b7ee74152df5fa7265133005,libc.so.6,,True
/usr/bin/setarch,dpkg package metadata,dpkg:util-linux,935e2e6abab730a0a2a2c273a6b9cb886ebb2f6cb05c5bf674195edba6b08a91,libc.so.6,,True
/usr/bin/gnuwho,dpkg package metadata,dpkg:gnu-coreutils,919bdd31cc580da90266ac23c80b0f8ee64ef8ac8ab57fa8b7e06c509309ce23,libsystemd.so.0;libc.so.6,,True
/usr/bin/tset,dpkg package metadata,dpkg:ncurses-bin,6940b7f4981a25cf051352d74475840dc2dd9eb3ccd47b526baa5a6b5f343f82,libtinfo.so.6;libc.so.6,,True
/usr/bin/gnucut,dpkg package metadata,dpkg:gnu-coreutils,b83b430534b5b309dac25f983bcc239186d82388df6f88e7ddc869c8f424d09a,libc.so.6,,True
/usr/bin/gnuseq,dpkg package metadata,dpkg:gnu-coreutils,fe6e8a9286eec00a2369185272e4959142a7df416c354a26355c15935c7428fa,libc.so.6,,True
/usr/bin/dpkg-realpath,dpkg package metadata,dpkg:dpkg,130daee9420a39bab006a402919bcf5b866d6d63179abb1617e122154fece695,libc.so.6,,True
/usr/bin/sdiff,dpkg package metadata,dpkg:diffutils,b22726089d283fdab6da7b5332e27dedf1bc789c3273d8029821e08bd70ff35a,libc.so.6,,True
/usr/bin/gnusha1sum,dpkg package metadata,dpkg:gnu-coreutils,8a4eee1ff0db879242dc7c1ca08521e62052917473385ff06e209d41471b2b3f,libcrypto.so.3;libc.so.6,,True
/usr/bin/gpasswd,dpkg package metadata,dpkg:passwd,42c6072572d789162dc788938a70974c79dc85b49bceca13f045553c13c05dc5,libaudit.so.1;libselinux.so.1;libcrypt.so.1;libbsd.so.0;libc.so.6,,True
/usr/bin/clear,dpkg package metadata,dpkg:ncurses-bin,818cdf8c9aaf42e78f81d406926dc5ca9b35e4cfa73bcff1cd83c1db65d5c0b8,libtinfo.so.6;libc.so.6,,True
/usr/bin/gnucsplit,dpkg package metadata,dpkg:gnu-coreutils,74f785cf77756865402f524ff39ad958fa31e0367a416007f337b96ea6765e23,libc.so.6,,True
/usr/bin/gnudir,dpkg package metadata,dpkg:gnu-coreutils,2998033ca9d161727de8bb7c0eef38fa2886e77e6294fe0676b2e32609a6790f,libselinux.so.1;libc.so.6,,True
/usr/bin/gnustty,dpkg package metadata,dpkg:gnu-coreutils,3547dadf8027ade01c5c12459e47282507e4c95adef02ba8503890aff1432e86,libc.so.6,,True
/usr/bin/gnuarch,dpkg package metadata,dpkg:gnu-coreutils,b349797b89752c4673b2c87e215a1ad6fd7d6a2db8c09419acad78de530d4ded,libc.so.6,,True
/usr/bin/gnupinky,dpkg package metadata,dpkg:gnu-coreutils,5e75fea6c95b09f02025c848e93dd51fdae39681c90076b5ce71e7f41190bf56,libsystemd.so.0;libc.so.6,,True
/usr/bin/gnujoin,dpkg package metadata,dpkg:gnu-coreutils,d375ce9865bc7cc7f80041dc00c3ffa8b2761aaeb5e230e78e5ef1930e395369,libc.so.6,,True
/usr/bin/gnufalse,dpkg package metadata,dpkg:gnu-coreutils,315bc82ce0dca58d5a3b8aa752f2324a54fb6b76c2402b05cbba0aeba914b268,libc.so.6,,True
/usr/bin/gnubasename,dpkg package metadata,dpkg:gnu-coreutils,762197e70b4fcac931b8fcec32d69acbfe1db20aeee55fbdd064244889588de1,libc.so.6,,True
/usr/bin/hardlink,dpkg package metadata,dpkg:util-linux,4e3106f28fa0f59c6470e30fb8207c5710105d05cfb85a84c735f9b75077568d,libc.so.6,,True
/usr/bin/diff3,dpkg package metadata,dpkg:diffutils,a3991b250cef23dd5cdd71629508cfe8b582b90fe0428d2df96b1f810bdff5eb,libc.so.6,,True
/usr/bin/gnunumfmt,dpkg package metadata,dpkg:gnu-coreutils,eb1e2420be9cddf4c14c6f22c41599a93c46bc0c4ac753435278efa7e3e3adbe,libc.so.6,,True
/usr/bin/gnutouch,dpkg package metadata,dpkg:gnu-coreutils,b91c4ccde93c15de874f2690b2469c68e8ff8571713279579eb64813c7da7382,libc.so.6,,True
/usr/bin/locale,dpkg package metadata,dpkg:libc-bin,e47deddd35aa14cfc9ae5bae0e43c96ef0a515288aeccfbf95e85bf5b6f890da,libc.so.6,,True
/usr/bin/gnurmdir,dpkg package metadata,dpkg:gnu-coreutils,5714d5db9e1395dba37ab7107773a2f0eab3f244d2e72bc006f56b0e4658d3d0,libc.so.6,,True
/usr/bin/renice,dpkg package metadata,dpkg:bsdutils,cc5d33d02ae84df1452399d4a5e9d2f2d838b70381b386f0fcb85b9abc359006,libc.so.6,,True
/usr/bin/uptime,dpkg package metadata,dpkg:procps,88db060e5fd9ba93b9f3c6053beb77faa76c5e900e059ab4c4c51bc9dc5345b3,libproc2.so.0;libc.so.6,,True
/usr/bin/choom,dpkg package metadata,dpkg:util-linux,2741bd140419f3185e37735a11dc64e41b4bdfa0c3ec6f379df374d968df564d,libc.so.6,,True
/usr/bin/apt-config,dpkg package metadata,dpkg:apt,6556e1a3841a302bc696c183703cea41292903001ee992270a12d65448af5220,libapt-private.so.0.0;libapt-pkg.so.7.0;libstdc++.so.6;libgcc_s.so.1;libc.so.6,,True
/usr/bin/findmnt,dpkg package metadata,dpkg:util-linux,104f0c23a239d1582a052caa52e0bb81bf67ad1da974274dbdb470d23704015d,libmount.so.1;libblkid.so.1;libsmartcols.so.1;libudev.so.1;libc.so.6,,True
/usr/bin/gnuunexpand,dpkg package metadata,dpkg:gnu-coreutils,ac99ec1b077150f2c6cdc93dcfd0ba9b8753f877b2debd032f12bd88b10247ae,libc.so.6,,True
/usr/bin/getconf,dpkg package metadata,dpkg:libc-bin,bb1199c6055ebbb7c705137ff2610e8bcaf7a24c9a8086d9dd92ebdf94de5986,libc.so.6,,True
/usr/bin/gnuhead,dpkg package metadata,dpkg:gnu-coreutils,4beb0eabb7f009cfb2b18a433f0a5cc149cfd02d0f8784ba6d1784e9a947bcbd,libc.so.6,,True
/usr/bin/infocmp,dpkg package metadata,dpkg:ncurses-bin,88805c40d6692df036a8abc9ea44d04fda11d74a09e03c37ce50e74a959bc55d,libtic.so.6;libtinfo.so.6;libc.so.6,,True
/usr/bin/gnustdbuf,dpkg package metadata,dpkg:gnu-coreutils,9ebc477fcc2686b78a71a67b747e9d3dad9315bcf300575f5e8f87bffd779beb,libc.so.6,,True
/usr/bin/gnubase64,dpkg package metadata,dpkg:gnu-coreutils,a1d5fad0ef5934c61db43e7c1c1c8e94184381cb3525e9c49d3cb3151992edd4,libc.so.6,,True
/usr/bin/taskset,dpkg package metadata,dpkg:util-linux,42acb8e233943873f3bf9eeb1e15bd3281498b5603a5b10d0f9bc37067a12d57,libc.so.6,,True
/usr/bin/dpkg,dpkg package metadata,dpkg:dpkg,972003a11f3ae0f5b2556dce1d2c2721fb5119818b9bbef1124293024fdb6517,libmd.so.0;libselinux.so.1;libc.so.6,,True
/usr/bin/gnu[,dpkg package metadata,dpkg:gnu-coreutils,e918133090c05b0100190c12a09514d66c42f5c781002d2add0e8041670b7421,libc.so.6,,True
/usr/bin/uclampset,dpkg package metadata,dpkg:util-linux,7531e494c787111e12e86de5d58bd3fa33a0518460d2fcafc870ef69a529ed82,libc.so.6,,True
/usr/bin/cmp,dpkg package metadata,dpkg:diffutils,82b923f0f12706950d696fb63fe3d8d8a4d2e559ec2a8a44f6c97ed2c56de44e,libc.so.6,,True
/usr/bin/gnuls,dpkg package metadata,dpkg:gnu-coreutils,edf4125f29559842a6594959d42c8de89c5d75fc62e3a3b5f8c438177600b550,libselinux.so.1;libc.so.6,,True
/usr/bin/gnupaste,dpkg package metadata,dpkg:gnu-coreutils,1823f07f7e1090e83ef7f8f25d8820b69aa0f7a5ac7f7e65fc7f27809373acc4,libc.so.6,,True
/usr/bin/gnusync,dpkg package metadata,dpkg:gnu-coreutils,e5615b2e7a38ab206116293f21e0dc39ab933077bc4b660eef1039dd1fd056f1,libc.so.6,,True
/usr/bin/ipcs,dpkg package metadata,dpkg:util-linux,32cc2a1a7a31e32f2ede16e2d1b9d052b1cdc173f0a0106153a47d3877ea4a1f,libc.so.6,,True
/usr/bin/gnudd,dpkg package metadata,dpkg:gnu-coreutils,6d4fa9db4d475a96e81e9daa770be0ab15b8d1fccfc503e86fcf3f9b432620bf,libc.so.6,,True
/usr/bin/watch,dpkg package metadata,dpkg:procps,b2744906fe50391dd1bf6256c9ba80f2b4f74ab22b3d229c6c7cfee1f0d7f667,libncursesw.so.6;libtinfo.so.6;libc.so.6,,True
/usr/bin/apt-get,dpkg package metadata,dpkg:apt,92ac3ad596716b94d82ece0355f29698a1ec580367b4ed26d8b5502e74c6fa7b,libapt-private.so.0.0;libapt-pkg.so.7.0;libstdc++.so.6;libgcc_s.so.1;libc.so.6,,True
/usr/bin/free,dpkg package metadata,dpkg:procps,48516ff47f720a3f9f47642ea48e41fc4abe95bf3375a74052a0ae121b8124e9,libproc2.so.0;libc.so.6,,True
/usr/bin/tabs,dpkg package metadata,dpkg:ncurses-bin,b6c29ccf08205dceff32bc7dcc1bff541bea0dbb79b08fca3e765b9f5fff0f93,libtinfo.so.6;libc.so.6,,True
/usr/bin/gnurm,dpkg package metadata,dpkg:gnu-coreutils,0362781f855d9de6396b71af947662758970ed09946c4a0a78ff740b20f5e6a6,libc.so.6,,True
/usr/bin/lsattr,dpkg package metadata,dpkg:e2fsprogs,a302ce5655825f7eec323b106d91b582cc1c231936acb927dbfd360f815b5b99,libe2p.so.2;libcom_err.so.2;libc.so.6,,True
/usr/bin/kill,dpkg package metadata,dpkg:procps,a69ef60bd986f87f10b84e6b1648d5d52b50ce6dab4213687a7286a835b442f3,libc.so.6,,True
/usr/bin/dpkg-query,dpkg package metadata,dpkg:dpkg,82a19acac53907f83faca7d6494289fe2d074514cf1b09933114635415c2e876,libmd.so.0;libc.so.6,,True
/usr/bin/namei,dpkg package metadata,dpkg:util-linux,df995953bbd2b83c87cabaeed451350048ef06f41d0e3f4fbca99d445d83b691,libselinux.so.1;libc.so.6,,True
/usr/bin/gnudu,dpkg package metadata,dpkg:gnu-coreutils,05f2433ffb48d1a298fbe51580529dd5e3b331106e5862b0fbf7f14af2bf25f8,libc.so.6,,True
/usr/bin/gnumv,dpkg package metadata,dpkg:gnu-coreutils,540c8712b7ad853aa2e7c3613a391917040b5baed35cffc5e4980bfcb59282d3,libselinux.so.1;libacl.so.1;libattr.so.1;libc.so.6,,True
/usr/bin/gnugroups,dpkg package metadata,dpkg:gnu-coreutils,67db1674967b3f3835471e94f236a5e66df88ca3e82db17ddb3a4f68c03520f3,libc.so.6,,True
/usr/bin/tic,dpkg package metadata,dpkg:ncurses-bin,ed8b28c47e04f1bdcc56922daa9cc53e52050486d3086f3012d1f834f2ed837c,libtic.so.6;libtinfo.so.6;libc.so.6,,True
/usr/bin/dmesg,dpkg package metadata,dpkg:util-linux,889b3947799e06c354b611f2759364b92e65e6ad596166e05bf62525f72468ce,libtinfo.so.6;libc.so.6,,True
/usr/bin/gnuprintf,dpkg package metadata,dpkg:gnu-coreutils,aecf41231ffb161798e80d504125bc8f7463c54f17ed773ffb571b5d6e5a7f7e,libc.so.6,,True
/usr/bin/gnucat,dpkg package metadata,dpkg:gnu-coreutils,6814736b3f95342e4ffc8f83f5cd99a2e72fd1a70b240cbc9d40609e48d73482,libc.so.6,,True
/usr/bin/gnutruncate,dpkg package metadata,dpkg:gnu-coreutils,68d812dfaf5e07b6ec8afcd9d83da62927c4e692fa15392551c468e6a0113ef7,libc.so.6,,True
/usr/bin/gnulogname,dpkg package metadata,dpkg:gnu-coreutils,5479d30cbd0e197ac670828e3cffd06a125e0f04190d880907a8079b1a7ab0ec,libc.so.6,,True
/usr/bin/gnumknod,dpkg package metadata,dpkg:gnu-coreutils,3896e5f0f7472c4e3c5b8bbaa61af60f353bc7966525e39f7f1187701d5e3cbd,libselinux.so.1;libc.so.6,,True
/usr/bin/unshare,dpkg package metadata,dpkg:util-linux,41c65e55107cbbb1a1f6994784a938dd7dbbe255d1fea6b7a58ec96eabe382ef,libc.so.6,,True
/usr/bin/gnuyes,dpkg package metadata,dpkg:gnu-coreutils,544a9eeb8b2270d4b3a1b7486be18c58a4e6ada81ad83da4b34d4b3556700f1b,libc.so.6,,True
/usr/bin/gnunproc,dpkg package metadata,dpkg:gnu-coreutils,58cf98804506ef864138739867a0f92d2da0fba493447b993f449cc1b3a01ab8,libc.so.6,,True
/usr/bin/top,dpkg package metadata,dpkg:procps,38d1bc5d05fe126dc0f1034c6aa56da2865c5cc2a8c991c7cf0e95be59617cea,libproc2.so.0;libtinfo.so.6;libc.so.6,,True
/usr/bin/dpkg-divert,dpkg package metadata,dpkg:dpkg,e975eecfbceda235ecedc2e35addf5cc5abe05de355202780cf8e47b2f6745eb,libmd.so.0;libc.so.6,,True
/usr/bin/run-parts,dpkg package metadata,dpkg:debianutils,c5fa89b5459fc02e1918eed94ae196be14eb569bcb1607e0897ef85267415ed2,libc.so.6,,True
/usr/bin/chsh,dpkg package metadata,dpkg:passwd,431a5d8c16b0029e2f30ad68e2d2a34bea4669a418ab144377b19ebbe4e14dc0,libpam.so.0;libpam_misc.so.0;libaudit.so.1;libselinux.so.1;libc.so.6,,True
/usr/bin/hostname,dpkg package metadata,dpkg:hostname,4af127f59ae45b225999dfd9b319c8d90282304478df0aea631d20729b0dccea,libc.so.6,,True
/usr/bin/umount,dpkg package metadata,dpkg:lms-util-linux-security-tools,334c24b0cf094f144f5d0e72ee999ec2c1c7acca07ae0d32a0007abeb17851f0,libmount.so.1;libc.so.6,,True
/usr/bin/gnureadlink,dpkg package metadata,dpkg:gnu-coreutils,761cde2194495631c5408de0740c54b2660dc55050f514361d0be094be1af1a2,libc.so.6,,True
/usr/bin/setpriv,dpkg package metadata,dpkg:util-linux,86965a019d37dc11d176ce8cbe9f5f5f8f37027c95e03cb4a8cad4c73d940993,libcap-ng.so.0;libc.so.6,,True
/usr/bin/gnudate,dpkg package metadata,dpkg:gnu-coreutils,b4c015eb03e639716c47bb47c371a935859b9b524e44a609092c0b3ec7faa118,libc.so.6,,True
/usr/bin/su,dpkg package metadata,dpkg:util-linux,45886109bfb4ae626eb861bd949f17cec9e1eb1b345587cb22582c37a5f61c7b,libpam.so.0;libpam_misc.so.0;libc.so.6,,True
/usr/bin/dpkg-statoverride,dpkg package metadata,dpkg:dpkg,f8496aa47ff782a4881ebdf9e0a4e4615e81f8c56bc004af51f49954e315ff8c,libselinux.so.1;libc.so.6,,True
/usr/bin/gnuexpr,dpkg package metadata,dpkg:gnu-coreutils,217d2914be4048ca94ed19a217973354af555c6b8a10b2f0ed44b9fc85913e31,libgmp.so.10;libc.so.6,,True
/usr/bin/update-alternatives,dpkg package metadata,dpkg:dpkg,023e1c2eef9f323f6f2c2f53aa22092cd118b1f087349ce133a677f94a03ed45,libc.so.6,,True
/usr/bin/nsenter,dpkg package metadata,dpkg:lms-util-linux-security-tools,f1b07a56558508b9d6cd71720f5e29be30f7f8e9d21eea5c16ee7fbc10f6ac26,libc.so.6,,True
/usr/bin/gnumd5sum,dpkg package metadata,dpkg:gnu-coreutils,b0a98b75a87040cce5bfb3c0387bdb736e421dd7fdfd9595db31f8d71f90ecc0,libcrypto.so.3;libc.so.6,,True
/usr/bin/ps,dpkg package metadata,dpkg:procps,40b2b15f65edfaadc0e3f5d3644e6699db3bdf658399831901cc05c11642ea5c,libproc2.so.0;libc.so.6,,True
/usr/bin/wall,dpkg package metadata,dpkg:bsdutils,341e1105332c877a1cc2a6af4bc58aa99cbc7a48e20921ef7b6f5fb135310189,libsystemd.so.0;libc.so.6,,True
/usr/bin/gnuchown,dpkg package metadata,dpkg:gnu-coreutils,0e04f6401bfae9a5eafed1da2c738067b007d39a8538ea83ce22271b4cd58fbb,libc.so.6,,True
/usr/bin/iconv,dpkg package metadata,dpkg:libc-bin,5411f4ddc780a042b5f806d0a01ffb392fc699cc8b4f64689e37cf1a7b560780,libc.so.6,,True
/usr/bin/gnuruncon,dpkg package metadata,dpkg:gnu-coreutils,c1aef19945b0e97678e1d7a2cbe79ca1ca138802f346d453270e7d2459c5bb36,libselinux.so.1;libc.so.6,,True
/usr/bin/gnunohup,dpkg package metadata,dpkg:gnu-coreutils,107fd3fa33dbaea19bac2902fe679d4e205b395625c22b6a1049fe77eeede481,libc.so.6,,True
/usr/bin/prlimit,dpkg package metadata,dpkg:util-linux,cb28811cb3902773c1a0f3ac0ea554c7a1e232724e9d4cae055ede54b65a7bc4,libsmartcols.so.1;libc.so.6,,True
/usr/bin/gnuwc,dpkg package metadata,dpkg:gnu-coreutils,698b017bedbecfda4a95aa9b02bac0891754dc32a17304819f6c1e1ee5979226,libc.so.6,,True
/usr/bin/gnushred,dpkg package metadata,dpkg:gnu-coreutils,7e1c36cbef31e9c67a1753d483c106c4054c4d318ac18a19f73b069d57f5efd4,libc.so.6,,True
/usr/bin/gnubase32,dpkg package metadata,dpkg:gnu-coreutils,10000988a94287bd3cb80c4b9d2cd5c9e004577636967a08ffcf532966ed759e,libc.so.6,,True
/usr/bin/w,dpkg package metadata,dpkg:procps,d00477aa801448cb169030e1f20617ddff9b1448cbb553ba5585ef65a7015b05,libproc2.so.0;libsystemd.so.0;libc.so.6,,True
/usr/bin/gnufmt,dpkg package metadata,dpkg:gnu-coreutils,b97c19ea59e34d86df1dda7696fb3349fe89e57e509b4b3c4709f53ea45ca7a1,libc.so.6,,True
/usr/bin/setsid,dpkg package metadata,dpkg:util-linux,e0247c69b5966f336155291c00153ee75e980fe526a1371ddf7445788671dc66,libc.so.6,,True
/usr/bin/apt-cache,dpkg package metadata,dpkg:apt,da9f844f4824465ec4cfbe257d30b5269ef9d13496d39c631e8d9dc521943839,libapt-private.so.0.0;libapt-pkg.so.7.0;libstdc++.so.6;libgcc_s.so.1;libc.so.6,,True
/usr/bin/gnutest,dpkg package metadata,dpkg:gnu-coreutils,d0456db34f1a14f320e30f8e21cbf19e2bfe4c5888a14cca674178c1669d7ec0,libc.so.6,,True
/usr/bin/gnurealpath,dpkg package metadata,dpkg:gnu-coreutils,b5447502ae8dd66b534b53569a99dc6a1435d4a90eb2293dfc8becf98cb96919,libc.so.6,,True
/usr/bin/logger,dpkg package metadata,dpkg:util-linux,ca5a480f98adb51409b9291f679b14f2c9d4b4cef0460c8f73349753e3b6cfad,libsystemd.so.0;libc.so.6,,True
/usr/bin/gnuunlink,dpkg package metadata,dpkg:gnu-coreutils,88e5674034f81965f71250e7c4506434a55a24e5d32fc89960768607bedccab4,libc.so.6,,True
/usr/bin/partx,dpkg package metadata,dpkg:util-linux,693ffc42390ef6f6bece5d43108ef4e8b7ff165669f390188a4210d0678717ad,libblkid.so.1;libsmartcols.so.1;libc.so.6,,True
/usr/bin/chfn,dpkg package metadata,dpkg:passwd,528ea16342ef056406a9c6e65175ca826ffbddf71022caf6e69afac0159d0246,libpam.so.0;libpam_misc.so.0;libaudit.so.1;libselinux.so.1;libc.so.6,,True
/usr/bin/gnupathchk,dpkg package metadata,dpkg:gnu-coreutils,f1b1519d72f5eb1adc480e543c574f3171fe94069f49fd53b9fcffad8ddf9aa7,libc.so.6,,True
/usr/bin/getent,dpkg package metadata,dpkg:libc-bin,aa31e99e0818cf40cd6549568397b39e8b907341e715ec733a15842067a45255,libc.so.6,,True
/usr/bin/gnusort,dpkg package metadata,dpkg:gnu-coreutils,b0f4d5cfb6075cdc51962cb3abc93fa76cb842e9bbeeec44189992749af8c4ea,libc.so.6,,True
/usr/bin/pmap,dpkg package metadata,dpkg:procps,2e9ce75d0d8c6fcb99fb86da9605005a94b4db53dbc63bd5cb1d632ac669fa21,libproc2.so.0;libc.so.6,,True
/usr/bin/perl,dpkg package metadata,dpkg:perl-base,b8946c83070e6aa031495d36a17324d7ae3f29eee658a5ab4cc4fbd47c45520a,libm.so.6;libc.so.6;libcrypt.so.1,,True
/usr/bin/passwd,dpkg package metadata,dpkg:passwd,ec97d32b745df1cabba8dc0d87c2d407ee38bf3e9305bf836ae8a8c7b06e5cfc,libcrypt.so.1;libpam.so.0;libpam_misc.so.0;libaudit.so.1;libselinux.so.1;libbsd.so.0;libc.so.6,,True
/usr/bin/fallocate,dpkg package metadata,dpkg:util-linux,fbe59ae07d2b272aac0748ff35a7a298bf9936ad8c56378b1cb8c2e0041b88f5,libc.so.6,,True
/usr/bin/whereis,dpkg package metadata,dpkg:util-linux,fb79646d0d11ac21eeda83ee0c73f265e72da5c4813dc8a345695cc9945541ce,libc.so.6,,True
/usr/bin/getopt,dpkg package metadata,dpkg:util-linux,67a08fd1615de14346f19a696db9ce9473c90e0c49bd93b775dd627c95eafe3b,libc.so.6,,True
/usr/bin/gnumkdir,dpkg package metadata,dpkg:gnu-coreutils,518ac216220b425875ec7af76bb750c6eadcdc05b1b25de66f86f7bbef6c9588,libselinux.so.1;libc.so.6,,True
/usr/bin/pidwait,dpkg package metadata,dpkg:procps,b1e03079307c5c602dd59afdb36f249e262ff2724f98e35a8ddc91d2ea2dffec,libproc2.so.0;libc.so.6,,True
/usr/bin/lsipc,dpkg package metadata,dpkg:util-linux,178cdf1fb3932d61c1eb5e163ecb4889cc9d2c5cba2934ba0ce1c59eb87264b9,libsmartcols.so.1;libc.so.6,,True
/usr/bin/gnuuname,dpkg package metadata,dpkg:gnu-coreutils,455b29f8db0e3198f81e3c4a8fc4ad4ecc4635f5b54473ce03faaf7ba8a8d592,libc.so.6,,True
/usr/bin/gnulink,dpkg package metadata,dpkg:gnu-coreutils,58be5ea678fad25118e6cce492087e47dd547bab8044f1bccc8ae5c637305926,libc.so.6,,True
/usr/bin/gnusum,dpkg package metadata,dpkg:gnu-coreutils,79fef4d973d1a2dfa7f366fc185c66788b983d394dea68c633146735cbeedacc,libc.so.6,,True
/usr/bin/gnusha512sum,dpkg package metadata,dpkg:gnu-coreutils,aa7ed1086965158146e87da94e9ddeccba8d58a4e416c85ea0b246fce1e04f2d,libcrypto.so.3;libc.so.6,,True
/usr/bin/bash,dpkg package metadata,dpkg:bash,3efccc187bafa75ff1e37d246270ab3e7aa559f242c7a52bf3ec2a1b5450bdbd,libtinfo.so.6;libc.so.6,,True
/usr/bin/gnuprintenv,dpkg package metadata,dpkg:gnu-coreutils,d37afc5e1f3b4dc2a1b0553bee34240317572d2c985827a9c42a8f47ac433d26,libc.so.6,,True
/usr/bin/gnucomm,dpkg package metadata,dpkg:gnu-coreutils,226145b699fd9647884b0189d3ae5620927776ae8216402e9d9a82ff205ffe63,libc.so.6,,True
/usr/bin/tput,dpkg package metadata,dpkg:ncurses-bin,568b559c40262dcb851aed26115767ca646b4269118a0c93ded7d2dd5c565ec6,libtinfo.so.6;libc.so.6,,True
/usr/bin/toe,dpkg package metadata,dpkg:ncurses-bin,51022980edd467f975525c13d04dce52494aa52e05ff058439b55aeb44972d5b,libtic.so.6;libtinfo.so.6;libc.so.6,,True
/usr/bin/gnub2sum,dpkg package metadata,dpkg:gnu-coreutils,2fed92a78fb273a0e92fd7a70025de14add824c09f7646e36908a2c093dc9ce6,libc.so.6,,True
/usr/bin/gnumkfifo,dpkg package metadata,dpkg:gnu-coreutils,64817548bfa634981c05bc5d97c40ad2dfff15f4a936a61cf86e8603b24e47ed,libselinux.so.1;libc.so.6,,True
/usr/bin/gnushuf,dpkg package metadata,dpkg:gnu-coreutils,bdb756d40e003140e0279fe003b6a71498ff53bb38c4b37445ba2c3d5e2ae1cc,libc.so.6,,True
/usr/bin/dash,dpkg package metadata,dpkg:dash,c626229526bb58ec2d0f585f3c3ae1412e6f973b4353385042d11c38d8426917,libc.so.6,,True
/usr/bin/chattr,dpkg package metadata,dpkg:e2fsprogs,59c880d7e315502d2b8223ba0d7d074552e3428cd5aec260a279dab5fe9388d9,libe2p.so.2;libcom_err.so.2;libc.so.6,,True
/usr/bin/gnucp,dpkg package metadata,dpkg:gnu-coreutils,8fcdb2485ebc68f00392d647b3d3d9130f0d4bb9f72c69ee258086dd63e1c122,libselinux.so.1;libacl.so.1;libattr.so.1;libc.so.6,,True
/usr/bin/clear_console,dpkg package metadata,dpkg:bash,9c2fb8937b444d9906b2e197e5a5e382fa6d0d87300d5d8f64bcd02ce9dd655f,libtinfo.so.6;libc.so.6,,True
/usr/bin/gnunice,dpkg package metadata,dpkg:gnu-coreutils,408b1409d79f96845db458c3a86ec28ddcb8c149d108220151b712a16efeee8a,libc.so.6,,True
/usr/bin/gnuvdir,dpkg package metadata,dpkg:gnu-coreutils,2d1def4f047d3ec2d186a3e76c0dfc5318f674e1d5c6d964930bc28f719e8e5d,libselinux.so.1;libc.so.6,,True
/usr/bin/gnunl,dpkg package metadata,dpkg:gnu-coreutils,65b402fbcde1bd86b7910e0a80b5d669ba58f579a147d1b7767a6cf8aaf72bf3,libc.so.6,,True
/usr/bin/locale-check,dpkg package metadata,dpkg:base-files,8edf6bc75a1e784432cb2f6257549b57fc4904b931021da7ae1f5d34a0317df8,libc.so.6,,True
/usr/bin/gnuinstall,dpkg package metadata,dpkg:gnu-coreutils,9706b1b80e01c16be09d05f2f92292c826ba4f677677d9c368d6125641c8f321,libselinux.so.1;libacl.so.1;libattr.so.1;libc.so.6,,True
/usr/bin/mountpoint,dpkg package metadata,dpkg:util-linux,2e2642cd37a024226aa05c49787b126b4270bab50e0adc1fe912542d3009af0e,libmount.so.1;libc.so.6,,True
/usr/bin/ipcrm,dpkg package metadata,dpkg:util-linux,be3957d69d22c3fb1f9cfaf04991a01fa39e791c3435655686e98dd81f199e3f,libc.so.6,,True
/usr/bin/gnudircolors,dpkg package metadata,dpkg:gnu-coreutils,ad7c21957dea94260336986c3069a059a0ed742af992c4f388b7dd3d92f43edc,libc.so.6,,True
/usr/bin/tar,dpkg package metadata,dpkg:tar,708692f9457a16a95a51fd881551b55b4ce72200d16b8c6d2bacbea857cfd9cc,libacl.so.1;libselinux.so.1;libc.so.6,,True
/usr/bin/xargs,dpkg package metadata,dpkg:findutils,2d94cda98faff5d37ae634ec32bfa3273ee556e2abc3cf8fa53950d9b40e0f0b,libc.so.6,,True
/usr/bin/gnuchcon,dpkg package metadata,dpkg:gnu-coreutils,410afc76bdc218699092bb359fd87eb6b848ef724d61b71dce5cbc130a210050,libselinux.so.1;libc.so.6,,True
/usr/bin/gnusha224sum,dpkg package metadata,dpkg:gnu-coreutils,64e378a8ef338280e2be95ccd4a6a7d525e634bb6abe57860fe270afb076ec9c,libcrypto.so.3;libc.so.6,,True
/usr/bin/pldd,dpkg package metadata,dpkg:libc-bin,a6c40100342d5fd338b5e430102a024d7d7bb01f3d4f59b543ebf821fae2bdd1,libc.so.6,,True
/usr/bin/gnusha256sum,dpkg package metadata,dpkg:gnu-coreutils,d8ed629ca1c81da690bf2ee300a7f549deb0af20c861bda15ebdc1314fb93681,libcrypto.so.3;libc.so.6,,True
/usr/bin/mawk,dpkg package metadata,dpkg:mawk,438ac087e52c691608650661eaa63e08036a8ac504b69a826a4d722deaa2962d,libm.so.6;libc.so.6,,True
/usr/bin/pebble,Ubuntu base unowned helper,,5e33a1304f207bb275b1b4cc3dc4c05fdd88755f5c705e2fd569924ec72dc061,,,
/usr/bin/script,dpkg package metadata,dpkg:bsdutils,a43c5f7290ccb044cc20f97714e6586da0d2a2c2123355effc9d6bd961816afa,libc.so.6,,True
/usr/bin/gnufold,dpkg package metadata,dpkg:gnu-coreutils,f23b00f0409ac3938a34f6f8cd34239063d9f7eb6de1b297422e62dde7cc84a1,libc.so.6,,True
/usr/bin/pwdx,dpkg package metadata,dpkg:procps,73931792a3f97beb0dfa727a222fe90ec8143209a9c921daa79aa0475a855241,libc.so.6,,True
/usr/bin/diff,dpkg package metadata,dpkg:diffutils,dfab4814355b488934cf8c63ce96d94184ea3d9b5e4f9be50278ad8e080168f5,libc.so.6,,True
/usr/bin/gnufactor,dpkg package metadata,dpkg:gnu-coreutils,343d42b4f7eaf78726e14fb2212eff48980869db8dda8d65f85519aee74230cc,libgmp.so.10;libc.so.6,,True
/usr/bin/gnuenv,dpkg package metadata,dpkg:gnu-coreutils,d04fe689b718e25d083f8a438d1a903b9384c1588dbd7e8b88fdb384ef46fc49,libc.so.6,,True
/usr/bin/gnusleep,dpkg package metadata,dpkg:gnu-coreutils,2b1dc0b5878610372193de09e3a9b2dc5e9f4f65cd310765147fc02c0d1c6df9,libc.so.6,,True
/usr/bin/apt-mark,dpkg package metadata,dpkg:apt,c4799529081b3ce55f1043429ac9857ec84030394db31d626ee5829d2cc12b69,libapt-private.so.0.0;libapt-pkg.so.7.0;libstdc++.so.6;libgcc_s.so.1;libc.so.6,,True
/usr/bin/gnupr,dpkg package metadata,dpkg:gnu-coreutils,197ed5e303c3c483cc07cfeba0690c7449e8e87a5af8a0deb92c71e8dfbbe498,libc.so.6,,True
/usr/bin/lsblk,dpkg package metadata,dpkg:util-linux,0d9c90e59ccb43a880108d353de046accf608050de644e9ff61b81de79a33570,libblkid.so.1;libmount.so.1;libsmartcols.so.1;libtinfo.so.6;libudev.so.1;libc.so.6,,True
/usr/bin/lslocks,dpkg package metadata,dpkg:util-linux,246532bac1488e1480019739c93134e83514e5634b73ce29c88ad19ea15d3e90,libmount.so.1;libsmartcols.so.1;libc.so.6,,True
/usr/bin/gpgv,dpkg package metadata,dpkg:gpgv,ab9f80435950c3bfc61e69950e63fa9b1e62cee644746a60ac7f2e0d47538fbb,libz.so.1;libgcrypt.so.20;libgpg-error.so.0;libc.so.6,,True
/usr/bin/tempfile,dpkg package metadata,dpkg:debianutils,d073ab143f27f5bcce956cc63ae9aab727f271ad9a43bbefcddbbc41b9472908,libc.so.6,,True
/usr/bin/chrt,dpkg package metadata,dpkg:util-linux,d6acf3ba563c7c7bf638a5c796df08f6d2f9767a3169bed5a367bb1c4a981867,libc.so.6,,True
/usr/bin/tload,dpkg package metadata,dpkg:procps,f5bc89d040ce195cecdd612fb76e05b62f1dccd54c55bb24bd1b832c2be9cae5,libproc2.so.0;libc.so.6,,True
/usr/bin/gnutsort,dpkg package metadata,dpkg:gnu-coreutils,9ce8d7a622e393b6a409e52bd57f7b8a7157ae5382a99c639f62a7d24cf6545e,libc.so.6,,True
/usr/bin/ischroot,dpkg package metadata,dpkg:debianutils,1af19c565c817f45c54465a091ad9ad0e9212ed26a31b1d5a3243effaec067b3,libc.so.6,,True
/usr/bin/gzip,dpkg package metadata,dpkg:gzip,2ba6fd35db5f0b5561e56b97124a08b067464b795e8e08278367f23dc539d549,libc.so.6,,True
/usr/bin/scriptreplay,dpkg package metadata,dpkg:bsdutils,f271e64f2d718ce03d9e5288167739cf7bed40d142837e63dcdcaf054aa757a5,libc.so.6,,True
/usr/bin/gnucksum,dpkg package metadata,dpkg:gnu-coreutils,d3c5486d161995538b7d755b3e8267b21061af3df0d9c1662b7e615267ea4ae4,libcrypto.so.3;libc.so.6,,True
/usr/bin/lsns,dpkg package metadata,dpkg:util-linux,7783911a500f49006d707b76f542de4729e7d2f75a742fb77ce653f78c2634a0,libsmartcols.so.1;libmount.so.1;libc.so.6,,True
/usr/bin/dpkg-deb,dpkg package metadata,dpkg:dpkg,66a1f5c65bc66cf20a35eb0695bf783bfb365bc80a45006d8a9d97fd406536e0,libz.so.1;liblzma.so.5;libzstd.so.1;libbz2.so.1.0;libmd.so.0;libc.so.6,,True
/usr/bin/gnutac,dpkg package metadata,dpkg:gnu-coreutils,3d06e5ff27f833826255efa60a81e466088b61700d920f473e26367ff5bc7060,libc.so.6,,True
/usr/bin/gnusplit,dpkg package metadata,dpkg:gnu-coreutils,ed4425c4a8dd6b3bfb9dc4c3e7d9b688922cde90a5b9c834f36eb0975bcf3036,libc.so.6,,True
/usr/bin/gnuuniq,dpkg package metadata,dpkg:gnu-coreutils,e894b68944a7a807a09effb0299b40971e31e4f9ce7a28acf17bb57a7b5b0aa5,libc.so.6,,True
/usr/bin/gnuwhoami,dpkg package metadata,dpkg:gnu-coreutils,3db83b4ae150c35f16a8d7be182b176cf8aaf9bffd4fd4f54d8e1405d23044e0,libc.so.6,,True
/usr/bin/gnuusers,dpkg package metadata,dpkg:gnu-coreutils,a1739130241a9240f01c0e66e3fc86b8942be976fb0e7f85685f8c5ce1234016,libsystemd.so.0;libc.so.6,,True
/usr/bin/gnudf,dpkg package metadata,dpkg:gnu-coreutils,bf411cf00676ce1dde116d0127e5d16a0f61b723dd1a02e6befb95773acd6b77,libc.so.6,,True
/usr/bin/gpg,dpkg package metadata,dpkg:gpg,c3ef55904c7bb91f435536e1b0113d5ac7856d54b02a9b91013a13a052d49c3a,libz.so.1;libsqlite3.so.0;libgcrypt.so.20;libreadline.so.8;libassuan.so.9;libnpth.so.0;libgpg-error.so.0;libc.so.6,,True
/usr/bin/xauth,dpkg package metadata,dpkg:xauth,1e8eb424e54585817cb06a9b1548a06bf5928c4f9033fe9c89676a9607c81868,libX11.so.6;libXau.so.6;libXext.so.6;libXmuu.so.1;libc.so.6,,True
/usr/bin/xkbwatch,dpkg package metadata,dpkg:x11-xkb-utils,4a833a46dab09e23a9f11922ba220f0d8dc93ded49ec9bb4b3f00087b1773cbc,libXaw.so.7;libXt.so.6;libX11.so.6;libc.so.6,,True
/usr/bin/fonttosfnt,dpkg package metadata,dpkg:xfonts-utils,cf3cf46103a149fe6e7325668e252d401fcceb7839ecfa7379a96ee32e76281b,libfreetype.so.6;libfontenc.so.1;libm.so.6;libc.so.6,,True
/usr/bin/xkbvleds,dpkg package metadata,dpkg:x11-xkb-utils,d7d61ecd5226881a477a9777c2dfb19ccd08369b7ed6cd21523e2743875e208f,libXaw.so.7;libXt.so.6;libX11.so.6;libc.so.6,,True
/usr/bin/xkbbell,dpkg package metadata,dpkg:x11-xkb-utils,de27f76c6a9cc2ec25e958654a534811153a081fc3253fb52cec5974fe9303c9,libX11.so.6;libc.so.6,,True
/usr/bin/setxkbmap,dpkg package metadata,dpkg:x11-xkb-utils,01308f0aab5fe9de79d0fb180191c00bbf33f459718b19f55d33bb96395a96de,libxkbfile.so.1;libX11.so.6;libXrandr.so.2;libc.so.6,,True
/usr/bin/xkbcomp,dpkg package metadata,dpkg:x11-xkb-utils,2cdc95f480b18059cf9f1e8b417c288f8fa413e9f9970364b629d6b306c68cf6,libX11.so.6;libxkbfile.so.1;libc.so.6,,True
/usr/bin/ucs2any,dpkg package metadata,dpkg:xfonts-utils,3140116329c07569d0bb58082d496cec9e1e69adada01d5ec4c7bca0b6013a98,libc.so.6,,True
/usr/bin/bdftopcf,dpkg package metadata,dpkg:xfonts-utils,1a531de5c0fa78f6a0ac10ee11881da1a56b087a054a356f0a1f694962758d88,libc.so.6,,True
/usr/bin/bdftruncate,dpkg package metadata,dpkg:xfonts-utils,1a0583ae60213edda357522167abe2e4405f7026a376ad4e14bd77683fefd62b,libc.so.6,,True
/usr/bin/mkfontscale,dpkg package metadata,dpkg:xfonts-utils,99abef8d4c9c94d869191bb5289ee54ebfc430b922b84ddf991b5731a40f02cf,libfontenc.so.1;libfreetype.so.6;libz.so.1;libc.so.6,,True
/usr/bin/xkbprint,dpkg package metadata,dpkg:x11-xkb-utils,d8fc0864b24bbd176aff66f4a40d1f2338277637a52066a1e27b2c4b1fa786aa,libxkbfile.so.1;libX11.so.6;libc.so.6,,True
/usr/bin/xkbevd,dpkg package metadata,dpkg:x11-xkb-utils,ce2177c824e679b66098b0307dcae9f1a92e9eb8f083edd6523fc5293b129bf9,libxkbfile.so.1;libX11.so.6;libc.so.6,,True
/usr/bin/fc-pattern,dpkg package metadata,dpkg:fontconfig,30206e7eb30956a40b3910da37e9ebfe637c324c4641288ab01cc0207d20aca5,libfontconfig.so.1;libc.so.6,,True
/usr/bin/fc-query,dpkg package metadata,dpkg:fontconfig,deb48c884237e8497b91eb2feff8f9479394217d2732173e3d92fbddd0529f15,libfontconfig.so.1;libc.so.6,,True
/usr/bin/gpgsm,dpkg package metadata,dpkg:gpgsm,1181239ec3a7a41a586f7c66aebb6b24cc5855dc3c020a3c8fd290dcac79e270,libgcrypt.so.20;libksba.so.8;libgpg-error.so.0;libassuan.so.9;libnpth.so.0;libreadline.so.8;libc.so.6,,True
/usr/bin/fc-match,dpkg package metadata,dpkg:fontconfig,d4f3dbae6e54f50d22599164dd7a85e8f10d52c0e960e57b12eb4003ba42e627,libfontconfig.so.1;libc.so.6,,True
/usr/bin/dirmngr,dpkg package metadata,dpkg:dirmngr,84bc9af7391196c8f2343854d3b35d8213a254448b6dcbcbfd86685c1198f479,libassuan.so.9;libksba.so.8;libgpg-error.so.0;libnpth.so.0;libgnutls.so.30;libgcrypt.so.20;libldap.so.2;liblber.so.2;libc.so.6,,True
/usr/bin/fc-cache,dpkg package metadata,dpkg:fontconfig,71e006d85305ab906e10973efbfeaafca03d39eff8557fdc0cf398817b52fcbc,libfontconfig.so.1;libc.so.6,,True
/usr/bin/gpg-agent,dpkg package metadata,dpkg:gpg-agent,eefd0b7ea7f6a8b0ea5d080525a6eb54d87a7be6cea7868471873bd3265f1ab8,libgcrypt.so.20;libassuan.so.9;libnpth.so.0;libgpg-error.so.0;libc.so.6,,True
/usr/bin/fc-list,dpkg package metadata,dpkg:fontconfig,d5a6a5f3095e9e9b7dd408d1e229a937f08064539ffa934cc2f63122bb4e582f,libfontconfig.so.1;libc.so.6,,True
/usr/bin/fc-validate,dpkg package metadata,dpkg:fontconfig,ac20894bb7b5246cbfb7ea98bc3f0b125b89e3742891d1b2393ceaddb53e6e1d,libfontconfig.so.1;libfreetype.so.6;libc.so.6,,True
/usr/bin/gpg-connect-agent,dpkg package metadata,dpkg:gpgconf,a2027f8cc14050e4076260803f23509d2133afe202b9e9bb6f2fd640a7ab9079,libassuan.so.9;libgcrypt.so.20;libgpg-error.so.0;libreadline.so.8;libc.so.6,,True
/usr/bin/fc-conflist,dpkg package metadata,dpkg:fontconfig,51537952f86e0def8f40b8fa1c47840bd886fb2bc38635d34c58f74657b36ed9,libfontconfig.so.1;libc.so.6,,True
/usr/bin/pinentry-curses,dpkg package metadata,dpkg:pinentry-curses,d7f7a9e905a4c969baf066b55f5abf9da59173d6f60e90b26b85eae95415d945,libassuan.so.9;libgpg-error.so.0;libncursesw.so.6;libtinfo.so.6;libc.so.6,,True
/usr/bin/openssl,dpkg package metadata,dpkg:openssl,1d72cbc5bf62be3f3dbd7626c295b63c5fdc1dd8439f323ac47998d8a062b4c9,libssl.so.3;libcrypto.so.3;libc.so.6,,True
/usr/bin/gpgconf,dpkg package metadata,dpkg:gpgconf,fba79b5d1b14100b0696bc93bd47bb4d1816a32619c8de8f3094cf430c1db5f9,libgcrypt.so.20;libgpg-error.so.0;libc.so.6,,True
/usr/bin/dirmngr-client,dpkg package metadata,dpkg:dirmngr,25263483fd74d3ff523caaf90db8a2f46fcb6a7cbe925c7da48ee19237ef7d60,libassuan.so.9;libgpg-error.so.0;libgcrypt.so.20;libc.so.6,,True
/usr/bin/fc-cat,dpkg package metadata,dpkg:fontconfig,5bc44c232a1c7bb6715ad15e65f6bff99da2e71bb99e9477dd8e2a87c9c6f0f1,libfontconfig.so.1;libc.so.6,,True
/usr/bin/fc-scan,dpkg package metadata,dpkg:fontconfig,24e5cd318175dfc8f10fcd739b2d73fcd3174efb6bcfc758d05e4a36f14c554c,libfontconfig.so.1;libc.so.6,,True
/opt/ffmpeg/lib/libavcodec.a,FFmpeg operator source build,,dca569f550e2952105c8aa1c8e4cfb7ab56bc9cb112324e9e8c6523aa8b2c317,,,
/opt/ffmpeg/lib/libswresample.a,FFmpeg operator source build,,6edda17783e4bbda2874c118e21dd33bfe510cd3cad4abea6d9a73a9c9f1a7de,,,
/opt/ffmpeg/lib/libavfilter.a,FFmpeg operator source build,,ced11648856763179218b41e4b3ce0cabbd489a2260399a45be385a5ab859f0b,,,
/opt/ffmpeg/lib/libswscale.a,FFmpeg operator source build,,c829f13876c32887998196e1b6751c45d0c9746547303a5f2b5feb1fc0fcc311,,,
/opt/ffmpeg/lib/libavutil.a,FFmpeg operator source build,,d11a6d008b1299f2b351c48557b7336cb0bc8b2d525ef8f58e4aa54701b9c8b3,,,
/opt/ffmpeg/lib/libavformat.a,FFmpeg operator source build,,36e9e98e32c3c360abf3ee95b52c4e9b47fa49bfdfd1bdecaaf3dddc06dea249,,,
/opt/ffmpeg/lib/libavdevice.a,FFmpeg operator source build,,c6c1217a0046bfce82fe98a52ba884e597ebe66bbd917c1bd9ca935fd587ce2d,,,
/opt/ffmpeg/bin/ffprobe,FFmpeg operator source build,,7b299f41d3e580b7ca1c683abd0f0cee0f71c25938ae1e9410690655db125a43,libm.so.6;libz.so.1;libx264.so.165;libc.so.6,,
/opt/ffmpeg/bin/ffmpeg,FFmpeg operator source build,,d37a178a85c8f5dfebf113f5f266ac4a9168a2f335b3465f1398446d950179ae,libm.so.6;libz.so.1;libx264.so.165;libc.so.6,,
/ms-playwright/chromium_headless_shell-1243/chrome-headless-shell-linux64/chrome-headless-shell,Playwright browser/helper download,,ded93a9c9a53a1ae040f08124badcca95c938e9d5015ff340c3b5538c41bf39e,libdl.so.2;libpthread.so.0;libglib-2.0.so.0;libgobject-2.0.so.0;libnspr4.so;libnss3.so;libnssutil3.so;libgio-2.0.so.0;libatk-1.0.so.0;libatk-bridge-2.0.so.0;libdbus-1.so.3;libm.so.6;libX11.so.6;libXcomposite.so.1;libXdamage.so.1;libXext.so.6;libXfixes.so.3;libXrandr.so.2;libgbm.so.1;libexpat.so.1;libxcb.so.1;libxkbcommon.so.0;libudev.so.1;libasound.so.2;libatspi.so.0;libgcc_s.so.1;libc.so.6;ld-linux-x86-64.so.2,,
/ms-playwright/chromium_headless_shell-1243/chrome-headless-shell-linux64/libvk_swiftshader.so,Playwright browser/helper download,,1d5d7ab9c4c1499041aa44ea7a2ae3da3ca9812cd8bda9b5ac920ae158adb163,libdl.so.2;libpthread.so.0;libm.so.6;libgcc_s.so.1;libc.so.6;ld-linux-x86-64.so.2,,
/ms-playwright/chromium_headless_shell-1243/chrome-headless-shell-linux64/libvulkan.so.1,Playwright browser/helper download,,c53295a113b0bb075be6624ced1a5056acabefc4d49c2d2ff3fbbc76854880ea,libdl.so.2;libpthread.so.0;libgcc_s.so.1;libc.so.6;ld-linux-x86-64.so.2,,
/ms-playwright/chromium_headless_shell-1243/chrome-headless-shell-linux64/libGLESv2.so,Playwright browser/helper download,,17370d7cc22d0bc4048cc851b7f8fdbb5e51c4f4b0f53d6c68b8770fb6a8ab00,libpthread.so.0;libgcc_s.so.1;libc.so.6;ld-linux-x86-64.so.2,,
/ms-playwright/chromium_headless_shell-1243/chrome-headless-shell-linux64/libEGL.so,Playwright browser/helper download,,532800b1f5882fb0034a72582233edaf50ed6433e3911c43f88cbcfcb24708d1,libpthread.so.0;libgcc_s.so.1;libc.so.6;ld-linux-x86-64.so.2,,
/ms-playwright/chromium-1243/chrome-linux64/chrome_crashpad_handler,Playwright browser/helper download,,86248c0ffc3f31f8fd596839ea1cc0319414fba27919d55ef65e001e47766539,libdl.so.2;libpthread.so.0;libm.so.6;libgcc_s.so.1;libc.so.6;ld-linux-x86-64.so.2,,
/ms-playwright/chromium-1243/chrome-linux64/chrome_sandbox,Playwright browser/helper download,,c100b678a8c171ad0733e51b6f18d98d936d38ab945681c41da00f2ee22e7571,libpthread.so.0;libc.so.6,,
/ms-playwright/chromium-1243/chrome-linux64/libvk_swiftshader.so,Playwright browser/helper download,,1d5d7ab9c4c1499041aa44ea7a2ae3da3ca9812cd8bda9b5ac920ae158adb163,libdl.so.2;libpthread.so.0;libm.so.6;libgcc_s.so.1;libc.so.6;ld-linux-x86-64.so.2,,
/ms-playwright/chromium-1243/chrome-linux64/libvulkan.so.1,Playwright browser/helper download,,c53295a113b0bb075be6624ced1a5056acabefc4d49c2d2ff3fbbc76854880ea,libdl.so.2;libpthread.so.0;libgcc_s.so.1;libc.so.6;ld-linux-x86-64.so.2,,
/ms-playwright/chromium-1243/chrome-linux64/libGLESv2.so,Playwright browser/helper download,,17370d7cc22d0bc4048cc851b7f8fdbb5e51c4f4b0f53d6c68b8770fb6a8ab00,libpthread.so.0;libgcc_s.so.1;libc.so.6;ld-linux-x86-64.so.2,,
/ms-playwright/chromium-1243/chrome-linux64/libEGL.so,Playwright browser/helper download,,532800b1f5882fb0034a72582233edaf50ed6433e3911c43f88cbcfcb24708d1,libpthread.so.0;libgcc_s.so.1;libc.so.6;ld-linux-x86-64.so.2,,
/ms-playwright/chromium-1243/chrome-linux64/chrome,Playwright browser/helper download,,8c599d43aec53f2460a31ae2f4af6bd863f8258b34ff519564bc5d4726bfaa1e,libdl.so.2;libpthread.so.0;libglib-2.0.so.0;libgobject-2.0.so.0;libnspr4.so;libnss3.so;libnssutil3.so;libsmime3.so;libgio-2.0.so.0;libatk-1.0.so.0;libatk-bridge-2.0.so.0;libdbus-1.so.3;libcups.so.2;libexpat.so.1;libxcb.so.1;libxkbcommon.so.0;libasound.so.2;libgbm.so.1;libX11.so.6;libXext.so.6;libcairo.so.2;libpango-1.0.so.0;libudev.so.1;libm.so.6;libXcomposite.so.1;libXdamage.so.1;libXfixes.so.3;libXrandr.so.2;libatspi.so.0;libgcc_s.so.1;libc.so.6;ld-linux-x86-64.so.2,,
/ms-playwright/chromium-1243/chrome-linux64/WidevineCdm/_platform_specific/linux_x64/libwidevinecdm.so,Playwright browser/helper download,,cd250e8177183add7029ccc3057217b978779f9c7af800c45083f3cc0139020e,libdl.so.2;libpthread.so.0;libm.so.6;libgcc_s.so.1;libc.so.6;ld-linux-x86-64.so.2,,
/ms-playwright/ffmpeg-1011/ffmpeg-linux,Playwright browser/helper download,,460d44f3416005662f528d4b92e7b94ace924e8a0288106d3803b73c56eaadc8,,,
