target,type,source,package,installed,advisory,severity,listed_fix,status,url,candidate_source_versions,candidate_reported_severity,assessment,vendor_status,evidence_url,vendor_product,notes,prior_vendor_assessment,prior_round2_assessment
sha256:4662cac700d64379a481f34fc0783e70b52eaa25bdef4d93b22e49b406da67c1 (debian 13.7),debian,apt,apt,3.0.3,CVE-2011-3374,LOW,,affected,https://avd.aquasec.com/nvd/cve-2011-3374,3.2.0,,OPEN_MISSING_VENDOR_EVIDENCE,,https://raw.githubusercontent.com/canonical/ubuntu-security-notices/a3f40224dd201a816b4725891b70d22f7809225f/vex/cve/2011/CVE-2011-3374.json,,No applicable vendor statement; missing matches are not fixes.,OPEN_MISSING_VENDOR_EVIDENCE,OPEN_MISSING_VENDOR_EVIDENCE
sha256:4662cac700d64379a481f34fc0783e70b52eaa25bdef4d93b22e49b406da67c1 (debian 13.7),debian,bash,bash,5.2.37-2+b10,TEMP-0841856-B18BAF,LOW,,affected,https://security-tracker.debian.org/tracker/TEMP-0841856-B18BAF,5.3-2ubuntu1,,OPEN_MISSING_VENDOR_EVIDENCE,,,,No applicable vendor statement; missing matches are not fixes.,OPEN_MISSING_VENDOR_EVIDENCE,OPEN_MISSING_VENDOR_EVIDENCE
sha256:4662cac700d64379a481f34fc0783e70b52eaa25bdef4d93b22e49b406da67c1 (debian 13.7),debian,util-linux,bsdutils,1:2.41.5-0+deb13u1,CVE-2026-76642,HIGH,,affected,https://avd.aquasec.com/nvd/cve-2026-76642,2.41.3-3ubuntu2.2 (other utilities); 2.42.4+lms1 (reviewed affected components),,UPSTREAM_AFFECTED_COMPONENTS_FIXED_VERIFIED,under_investigation,https://security-tracker.debian.org/tracker/CVE-2026-76642,pkg:deb/ubuntu/util-linux@2.41.3-3ubuntu2.2?arch=source&distro=resolute,"Affected mount/umount/nsenter and libmount code upgraded to upstream 2.42.4; hashes, versioned ABI exports and runtime compatibility checked. Other Ubuntu util-linux binaries retain their original versions. This closes only four reviewed advisories.",OPEN_UNDER_INVESTIGATION,OPEN_UNDER_INVESTIGATION
sha256:4662cac700d64379a481f34fc0783e70b52eaa25bdef4d93b22e49b406da67c1 (debian 13.7),debian,util-linux,bsdutils,1:2.41.5-0+deb13u1,CVE-2026-78408,HIGH,,affected,https://avd.aquasec.com/nvd/cve-2026-78408,2.41.3-3ubuntu2.2 (other utilities); 2.42.4+lms1 (reviewed affected components),,UPSTREAM_AFFECTED_COMPONENTS_FIXED_VERIFIED,under_investigation,https://security-tracker.debian.org/tracker/CVE-2026-78408,pkg:deb/ubuntu/util-linux@2.41.3-3ubuntu2.2?arch=source&distro=resolute,"Affected mount/umount/nsenter and libmount code upgraded to upstream 2.42.4; hashes, versioned ABI exports and runtime compatibility checked. Other Ubuntu util-linux binaries retain their original versions. This closes only four reviewed advisories.",OPEN_UNDER_INVESTIGATION,OPEN_UNDER_INVESTIGATION
sha256:4662cac700d64379a481f34fc0783e70b52eaa25bdef4d93b22e49b406da67c1 (debian 13.7),debian,util-linux,bsdutils,1:2.41.5-0+deb13u1,CVE-2026-78409,HIGH,,affected,https://avd.aquasec.com/nvd/cve-2026-78409,2.41.3-3ubuntu2.2 (other utilities); 2.42.4+lms1 (reviewed affected components),,UPSTREAM_AFFECTED_COMPONENTS_FIXED_VERIFIED,under_investigation,https://security-tracker.debian.org/tracker/CVE-2026-78409,pkg:deb/ubuntu/util-linux@2.41.3-3ubuntu2.2?arch=source&distro=resolute,"Affected mount/umount/nsenter and libmount code upgraded to upstream 2.42.4; hashes, versioned ABI exports and runtime compatibility checked. Other Ubuntu util-linux binaries retain their original versions. This closes only four reviewed advisories.",OPEN_UNDER_INVESTIGATION,OPEN_UNDER_INVESTIGATION
sha256:4662cac700d64379a481f34fc0783e70b52eaa25bdef4d93b22e49b406da67c1 (debian 13.7),debian,util-linux,bsdutils,1:2.41.5-0+deb13u1,CVE-2026-78410,HIGH,,affected,https://avd.aquasec.com/nvd/cve-2026-78410,2.41.3-3ubuntu2.2 (other utilities); 2.42.4+lms1 (reviewed affected components),,UPSTREAM_AFFECTED_COMPONENTS_FIXED_VERIFIED,under_investigation,https://security-tracker.debian.org/tracker/CVE-2026-78410,pkg:deb/ubuntu/util-linux@2.41.3-3ubuntu2.2?arch=source&distro=resolute,"Affected mount/umount/nsenter and libmount code upgraded to upstream 2.42.4; hashes, versioned ABI exports and runtime compatibility checked. Other Ubuntu util-linux binaries retain their original versions. This closes only four reviewed advisories.",OPEN_UNDER_INVESTIGATION,OPEN_UNDER_INVESTIGATION
sha256:4662cac700d64379a481f34fc0783e70b52eaa25bdef4d93b22e49b406da67c1 (debian 13.7),debian,util-linux,bsdutils,1:2.41.5-0+deb13u1,CVE-2026-3184,MEDIUM,,affected,https://avd.aquasec.com/nvd/cve-2026-3184,2.41.3-3ubuntu2.2,,VENDOR_FIXED_VERSION_CONFIRMED,fixed,https://raw.githubusercontent.com/canonical/ubuntu-security-notices/a3f40224dd201a816b4725891b70d22f7809225f/vex/cve/2026/CVE-2026-3184.json,pkg:deb/ubuntu/util-linux@2.41.3-3ubuntu2.2?arch=source&distro=resolute,"This package (for the given release) was vulnerable, but an update has been uploaded and published.",VENDOR_FIXED_VERSION_CONFIRMED,VENDOR_FIXED_VERSION_CONFIRMED
sha256:4662cac700d64379a481f34fc0783e70b52eaa25bdef4d93b22e49b406da67c1 (debian 13.7),debian,util-linux,bsdutils,1:2.41.5-0+deb13u1,CVE-2022-0563,LOW,,affected,https://avd.aquasec.com/nvd/cve-2022-0563,2.41.3-3ubuntu2.2,,OPEN_MISSING_VENDOR_EVIDENCE,,https://raw.githubusercontent.com/canonical/ubuntu-security-notices/a3f40224dd201a816b4725891b70d22f7809225f/vex/cve/2022/CVE-2022-0563.json,,No applicable vendor statement; missing matches are not fixes.,OPEN_MISSING_VENDOR_EVIDENCE,OPEN_MISSING_VENDOR_EVIDENCE
sha256:4662cac700d64379a481f34fc0783e70b52eaa25bdef4d93b22e49b406da67c1 (debian 13.7),debian,coreutils,coreutils,9.7-3,CVE-2017-18018,LOW,,affected,https://avd.aquasec.com/nvd/cve-2017-18018,9.7-3ubuntu2.1,,OPEN_MISSING_VENDOR_EVIDENCE,,https://raw.githubusercontent.com/canonical/ubuntu-security-notices/a3f40224dd201a816b4725891b70d22f7809225f/vex/cve/2017/CVE-2017-18018.json,,No applicable vendor statement; missing matches are not fixes.,OPEN_MISSING_VENDOR_EVIDENCE,OPEN_MISSING_VENDOR_EVIDENCE
sha256:4662cac700d64379a481f34fc0783e70b52eaa25bdef4d93b22e49b406da67c1 (debian 13.7),debian,coreutils,coreutils,9.7-3,CVE-2025-5278,LOW,,affected,https://avd.aquasec.com/nvd/cve-2025-5278,9.7-3ubuntu2.1,,VENDOR_FIXED_VERSION_CONFIRMED,fixed,https://raw.githubusercontent.com/canonical/ubuntu-security-notices/a3f40224dd201a816b4725891b70d22f7809225f/vex/cve/2025/CVE-2025-5278.json,pkg:deb/ubuntu/coreutils@9.7-3ubuntu2.1?arch=source&distro=resolute,"This package (for the given release) was vulnerable, but an update has been uploaded and published.",VENDOR_FIXED_VERSION_CONFIRMED,VENDOR_FIXED_VERSION_CONFIRMED
sha256:4662cac700d64379a481f34fc0783e70b52eaa25bdef4d93b22e49b406da67c1 (debian 13.7),debian,coreutils,coreutils,9.7-3,CVE-2026-56391,LOW,,affected,https://avd.aquasec.com/nvd/cve-2026-56391,9.7-3ubuntu2.1,,VENDOR_FIXED_VERSION_CONFIRMED,fixed,https://raw.githubusercontent.com/canonical/ubuntu-security-notices/a3f40224dd201a816b4725891b70d22f7809225f/vex/cve/2026/CVE-2026-56391.json,pkg:deb/ubuntu/coreutils@9.7-3ubuntu2.1?arch=source&distro=resolute,"This package (for the given release) was vulnerable, but an update has been uploaded and published.",VENDOR_FIXED_VERSION_CONFIRMED,VENDOR_FIXED_VERSION_CONFIRMED
sha256:4662cac700d64379a481f34fc0783e70b52eaa25bdef4d93b22e49b406da67c1 (debian 13.7),debian,coreutils,coreutils,9.7-3,CVE-2026-56392,LOW,,affected,https://avd.aquasec.com/nvd/cve-2026-56392,9.7-3ubuntu2.1,,VENDOR_NOT_AFFECTED_EXACT_VERSION,not_affected,https://raw.githubusercontent.com/canonical/ubuntu-security-notices/a3f40224dd201a816b4725891b70d22f7809225f/vex/cve/2026/CVE-2026-56392.json,pkg:deb/ubuntu/coreutils@9.7-3ubuntu2.1?arch=source&distro=resolute,"This package (for the given release), while related to the CVE in some way, is not affected by the issue. CVE Notes / justification: issue was introduced in coreutils 9.11",VENDOR_NOT_AFFECTED_EXACT_VERSION,VENDOR_NOT_AFFECTED_EXACT_VERSION
sha256:4662cac700d64379a481f34fc0783e70b52eaa25bdef4d93b22e49b406da67c1 (debian 13.7),debian,dash,dash,0.5.12-12,CVE-2026-102473,LOW,,affected,https://avd.aquasec.com/nvd/cve-2026-102473,0.5.12-12ubuntu3,,OPEN_UNDER_INVESTIGATION,under_investigation,https://raw.githubusercontent.com/canonical/ubuntu-security-notices/a3f40224dd201a816b4725891b70d22f7809225f/vex/cve/2026/CVE-2026-102473.json,pkg:deb/ubuntu/dash@0.5.12-12ubuntu3?arch=source&distro=resolute,Ubuntu Security Team classified this CVE as of Medium priority.,OPEN_UNDER_INVESTIGATION,OPEN_UNDER_INVESTIGATION
sha256:4662cac700d64379a481f34fc0783e70b52eaa25bdef4d93b22e49b406da67c1 (debian 13.7),debian,dash,dash,0.5.12-12,CVE-2026-102474,LOW,,affected,https://avd.aquasec.com/nvd/cve-2026-102474,0.5.12-12ubuntu3,,OPEN_UNDER_INVESTIGATION,under_investigation,https://raw.githubusercontent.com/canonical/ubuntu-security-notices/a3f40224dd201a816b4725891b70d22f7809225f/vex/cve/2026/CVE-2026-102474.json,pkg:deb/ubuntu/dash@0.5.12-12ubuntu3?arch=source&distro=resolute,Ubuntu Security Team classified this CVE as of Medium priority.,OPEN_UNDER_INVESTIGATION,OPEN_UNDER_INVESTIGATION
sha256:4662cac700d64379a481f34fc0783e70b52eaa25bdef4d93b22e49b406da67c1 (debian 13.7),debian,diffutils,diffutils,1:3.10-4,CVE-2026-53910,LOW,,affected,https://avd.aquasec.com/nvd/cve-2026-53910,1:3.12-1ubuntu0.1,,VENDOR_FIXED_VERSION_CONFIRMED,fixed,https://raw.githubusercontent.com/canonical/ubuntu-security-notices/a3f40224dd201a816b4725891b70d22f7809225f/vex/cve/2026/CVE-2026-53910.json,pkg:deb/ubuntu/diffutils@1:3.12-1ubuntu0.1?arch=source&distro=resolute,"This package (for the given release) was vulnerable, but an update has been uploaded and published.",VENDOR_FIXED_VERSION_CONFIRMED,VENDOR_FIXED_VERSION_CONFIRMED
sha256:4662cac700d64379a481f34fc0783e70b52eaa25bdef4d93b22e49b406da67c1 (debian 13.7),debian,gnupg2,dirmngr,2.4.7-21+deb13u1+b5,CVE-2026-24882,HIGH,,affected,https://avd.aquasec.com/nvd/cve-2026-24882,2.4.8-4ubuntu3.1,,AFFECTED_COMPONENT_ABSENT_VERIFIED,,https://security-tracker.debian.org/tracker/CVE-2026-24882,,tpm2daemon is absent; affected PKDECRYPT implementation is not shipped. GnuPG version itself was not upgraded.,OPEN_MISSING_VENDOR_EVIDENCE,OPEN_MISSING_VENDOR_EVIDENCE
sha256:4662cac700d64379a481f34fc0783e70b52eaa25bdef4d93b22e49b406da67c1 (debian 13.7),debian,gnupg2,dirmngr,2.4.7-21+deb13u1+b5,CVE-2025-68972,MEDIUM,,affected,https://avd.aquasec.com/nvd/cve-2025-68972,2.4.8-4ubuntu3.1,,OPEN_MISSING_VENDOR_EVIDENCE,,https://raw.githubusercontent.com/canonical/ubuntu-security-notices/a3f40224dd201a816b4725891b70d22f7809225f/vex/cve/2025/CVE-2025-68972.json,,No applicable vendor statement; missing matches are not fixes.,OPEN_MISSING_VENDOR_EVIDENCE,OPEN_MISSING_VENDOR_EVIDENCE
sha256:4662cac700d64379a481f34fc0783e70b52eaa25bdef4d93b22e49b406da67c1 (debian 13.7),debian,gnupg2,dirmngr,2.4.7-21+deb13u1+b5,CVE-2022-3219,LOW,,affected,https://avd.aquasec.com/nvd/cve-2022-3219,2.4.8-4ubuntu3.1,,OPEN_MISSING_VENDOR_EVIDENCE,,https://raw.githubusercontent.com/canonical/ubuntu-security-notices/a3f40224dd201a816b4725891b70d22f7809225f/vex/cve/2022/CVE-2022-3219.json,,No applicable vendor statement; missing matches are not fixes.,OPEN_MISSING_VENDOR_EVIDENCE,OPEN_MISSING_VENDOR_EVIDENCE
sha256:4662cac700d64379a481f34fc0783e70b52eaa25bdef4d93b22e49b406da67c1 (debian 13.7),debian,gnupg2,dirmngr,2.4.7-21+deb13u1+b5,CVE-2026-57062,LOW,,affected,https://avd.aquasec.com/nvd/cve-2026-57062,2.4.8-4ubuntu3.1,,VENDOR_FIXED_VERSION_CONFIRMED,fixed,https://raw.githubusercontent.com/canonical/ubuntu-security-notices/a3f40224dd201a816b4725891b70d22f7809225f/vex/cve/2026/CVE-2026-57062.json,pkg:deb/ubuntu/gnupg2@2.4.8-4ubuntu3.1?arch=source&distro=resolute,"This package (for the given release) was vulnerable, but an update has been uploaded and published.",VENDOR_FIXED_VERSION_CONFIRMED,VENDOR_FIXED_VERSION_CONFIRMED
sha256:4662cac700d64379a481f34fc0783e70b52eaa25bdef4d93b22e49b406da67c1 (debian 13.7),debian,ffmpeg,ffmpeg,7:7.1.5-0+deb13u1,CVE-2026-58049,HIGH,,fix_deferred,https://avd.aquasec.com/nvd/cve-2026-58049,,,UPSTREAM_FIXED_VERSION_VERIFIED,,https://security-tracker.debian.org/tracker/CVE-2026-58049,,"Reviewed upstream release threshold 7:9.0.2-1; runtime version and source hash verified. See preserved tracker feed, SHA256 d059b671f7cbb86a0341f779543f41813d93412e26c745d2c2473c49f89a81ac.",OPEN_MISSING_VENDOR_EVIDENCE,UPSTREAM_FIXED_VERSION_VERIFIED
sha256:4662cac700d64379a481f34fc0783e70b52eaa25bdef4d93b22e49b406da67c1 (debian 13.7),debian,ffmpeg,ffmpeg,7:7.1.5-0+deb13u1,CVE-2026-64830,HIGH,,fix_deferred,https://avd.aquasec.com/nvd/cve-2026-64830,,,UPSTREAM_FIXED_VERSION_VERIFIED,,https://security-tracker.debian.org/tracker/CVE-2026-64830,,"Reviewed upstream release threshold 7:9.0.2-1; runtime version and source hash verified. See preserved tracker feed, SHA256 d059b671f7cbb86a0341f779543f41813d93412e26c745d2c2473c49f89a81ac.",OPEN_MISSING_VENDOR_EVIDENCE,UPSTREAM_FIXED_VERSION_VERIFIED
sha256:4662cac700d64379a481f34fc0783e70b52eaa25bdef4d93b22e49b406da67c1 (debian 13.7),debian,ffmpeg,ffmpeg,7:7.1.5-0+deb13u1,CVE-2026-64832,HIGH,,fix_deferred,https://avd.aquasec.com/nvd/cve-2026-64832,,,UPSTREAM_FIXED_VERSION_VERIFIED,,https://security-tracker.debian.org/tracker/CVE-2026-64832,,"Reviewed upstream release threshold 7:9.0.2-1; runtime version and source hash verified. See preserved tracker feed, SHA256 d059b671f7cbb86a0341f779543f41813d93412e26c745d2c2473c49f89a81ac.",OPEN_MISSING_VENDOR_EVIDENCE,UPSTREAM_FIXED_VERSION_VERIFIED
sha256:4662cac700d64379a481f34fc0783e70b52eaa25bdef4d93b22e49b406da67c1 (debian 13.7),debian,ffmpeg,ffmpeg,7:7.1.5-0+deb13u1,CVE-2026-64833,HIGH,,fix_deferred,https://avd.aquasec.com/nvd/cve-2026-64833,,,UPSTREAM_FIXED_VERSION_VERIFIED,,https://security-tracker.debian.org/tracker/CVE-2026-64833,,"Reviewed upstream release threshold 7:9.0.2-1; runtime version and source hash verified. See preserved tracker feed, SHA256 d059b671f7cbb86a0341f779543f41813d93412e26c745d2c2473c49f89a81ac.",OPEN_MISSING_VENDOR_EVIDENCE,UPSTREAM_FIXED_VERSION_VERIFIED
sha256:4662cac700d64379a481f34fc0783e70b52eaa25bdef4d93b22e49b406da67c1 (debian 13.7),debian,ffmpeg,ffmpeg,7:7.1.5-0+deb13u1,CVE-2026-64834,HIGH,,fix_deferred,https://avd.aquasec.com/nvd/cve-2026-64834,,,UPSTREAM_FIXED_VERSION_VERIFIED,,https://security-tracker.debian.org/tracker/CVE-2026-64834,,"Reviewed upstream release threshold 7:9.0.2-1; runtime version and source hash verified. See preserved tracker feed, SHA256 d059b671f7cbb86a0341f779543f41813d93412e26c745d2c2473c49f89a81ac.",OPEN_MISSING_VENDOR_EVIDENCE,UPSTREAM_FIXED_VERSION_VERIFIED
sha256:4662cac700d64379a481f34fc0783e70b52eaa25bdef4d93b22e49b406da67c1 (debian 13.7),debian,ffmpeg,ffmpeg,7:7.1.5-0+deb13u1,CVE-2026-64835,HIGH,,fix_deferred,https://avd.aquasec.com/nvd/cve-2026-64835,,,UPSTREAM_FIXED_VERSION_VERIFIED,,https://security-tracker.debian.org/tracker/CVE-2026-64835,,"Reviewed upstream release threshold 7:9.0.2-1; runtime version and source hash verified. See preserved tracker feed, SHA256 d059b671f7cbb86a0341f779543f41813d93412e26c745d2c2473c49f89a81ac.",OPEN_MISSING_VENDOR_EVIDENCE,UPSTREAM_FIXED_VERSION_VERIFIED
sha256:4662cac700d64379a481f34fc0783e70b52eaa25bdef4d93b22e49b406da67c1 (debian 13.7),debian,ffmpeg,ffmpeg,7:7.1.5-0+deb13u1,CVE-2026-66036,HIGH,,fix_deferred,https://avd.aquasec.com/nvd/cve-2026-66036,,,UPSTREAM_FIXED_VERSION_VERIFIED,,https://security-tracker.debian.org/tracker/CVE-2026-66036,,"Reviewed upstream release threshold 7:9.0.2-1; runtime version and source hash verified. See preserved tracker feed, SHA256 d059b671f7cbb86a0341f779543f41813d93412e26c745d2c2473c49f89a81ac.",OPEN_MISSING_VENDOR_EVIDENCE,UPSTREAM_FIXED_VERSION_VERIFIED
sha256:4662cac700d64379a481f34fc0783e70b52eaa25bdef4d93b22e49b406da67c1 (debian 13.7),debian,ffmpeg,ffmpeg,7:7.1.5-0+deb13u1,CVE-2026-66039,HIGH,,fix_deferred,https://avd.aquasec.com/nvd/cve-2026-66039,,,UPSTREAM_FIXED_VERSION_VERIFIED,,https://security-tracker.debian.org/tracker/CVE-2026-66039,,"Reviewed upstream release threshold 7:9.0.2-1; runtime version and source hash verified. See preserved tracker feed, SHA256 d059b671f7cbb86a0341f779543f41813d93412e26c745d2c2473c49f89a81ac.",OPEN_MISSING_VENDOR_EVIDENCE,UPSTREAM_FIXED_VERSION_VERIFIED
sha256:4662cac700d64379a481f34fc0783e70b52eaa25bdef4d93b22e49b406da67c1 (debian 13.7),debian,ffmpeg,ffmpeg,7:7.1.5-0+deb13u1,CVE-2026-66040,HIGH,,fix_deferred,https://avd.aquasec.com/nvd/cve-2026-66040,,,UPSTREAM_FIXED_VERSION_VERIFIED,,https://security-tracker.debian.org/tracker/CVE-2026-66040,,"Reviewed upstream release threshold 7:9.0.2-1; runtime version and source hash verified. See preserved tracker feed, SHA256 d059b671f7cbb86a0341f779543f41813d93412e26c745d2c2473c49f89a81ac.",OPEN_MISSING_VENDOR_EVIDENCE,UPSTREAM_FIXED_VERSION_VERIFIED
sha256:4662cac700d64379a481f34fc0783e70b52eaa25bdef4d93b22e49b406da67c1 (debian 13.7),debian,ffmpeg,ffmpeg,7:7.1.5-0+deb13u1,CVE-2026-66041,HIGH,,fix_deferred,https://avd.aquasec.com/nvd/cve-2026-66041,,,UPSTREAM_FIXED_VERSION_VERIFIED,,https://security-tracker.debian.org/tracker/CVE-2026-66041,,"Reviewed upstream release threshold 7:9.0.2-1; runtime version and source hash verified. See preserved tracker feed, SHA256 d059b671f7cbb86a0341f779543f41813d93412e26c745d2c2473c49f89a81ac.",OPEN_MISSING_VENDOR_EVIDENCE,UPSTREAM_FIXED_VERSION_VERIFIED
sha256:4662cac700d64379a481f34fc0783e70b52eaa25bdef4d93b22e49b406da67c1 (debian 13.7),debian,ffmpeg,ffmpeg,7:7.1.5-0+deb13u1,CVE-2026-70628,HIGH,,fix_deferred,https://avd.aquasec.com/nvd/cve-2026-70628,,,UPSTREAM_FIXED_VERSION_VERIFIED,,https://security-tracker.debian.org/tracker/CVE-2026-70628,,"Reviewed upstream release threshold 7:9.0.2-1; runtime version and source hash verified. See preserved tracker feed, SHA256 d059b671f7cbb86a0341f779543f41813d93412e26c745d2c2473c49f89a81ac.",OPEN_MISSING_VENDOR_EVIDENCE,UPSTREAM_FIXED_VERSION_VERIFIED
sha256:4662cac700d64379a481f34fc0783e70b52eaa25bdef4d93b22e49b406da67c1 (debian 13.7),debian,ffmpeg,ffmpeg,7:7.1.5-0+deb13u1,CVE-2026-70632,HIGH,,fix_deferred,https://avd.aquasec.com/nvd/cve-2026-70632,,,UPSTREAM_FIXED_VERSION_VERIFIED,,https://security-tracker.debian.org/tracker/CVE-2026-70632,,"Reviewed upstream release threshold 7:9.0.2-1; runtime version and source hash verified. See preserved tracker feed, SHA256 d059b671f7cbb86a0341f779543f41813d93412e26c745d2c2473c49f89a81ac.",OPEN_MISSING_VENDOR_EVIDENCE,UPSTREAM_FIXED_VERSION_VERIFIED
sha256:4662cac700d64379a481f34fc0783e70b52eaa25bdef4d93b22e49b406da67c1 (debian 13.7),debian,ffmpeg,ffmpeg,7:7.1.5-0+deb13u1,CVE-2026-75142,HIGH,,fix_deferred,https://avd.aquasec.com/nvd/cve-2026-75142,,,UPSTREAM_FIXED_VERSION_VERIFIED,,https://security-tracker.debian.org/tracker/CVE-2026-75142,,"Reviewed upstream release threshold 7:9.0.2-1; runtime version and source hash verified. See preserved tracker feed, SHA256 d059b671f7cbb86a0341f779543f41813d93412e26c745d2c2473c49f89a81ac.",OPEN_MISSING_VENDOR_EVIDENCE,UPSTREAM_FIXED_VERSION_VERIFIED
sha256:4662cac700d64379a481f34fc0783e70b52eaa25bdef4d93b22e49b406da67c1 (debian 13.7),debian,ffmpeg,ffmpeg,7:7.1.5-0+deb13u1,CVE-2026-75143,HIGH,,fix_deferred,https://avd.aquasec.com/nvd/cve-2026-75143,,,UPSTREAM_FIXED_VERSION_VERIFIED,,https://security-tracker.debian.org/tracker/CVE-2026-75143,,"Reviewed upstream release threshold 7:9.0.2-1; runtime version and source hash verified. See preserved tracker feed, SHA256 d059b671f7cbb86a0341f779543f41813d93412e26c745d2c2473c49f89a81ac.",OPEN_MISSING_VENDOR_EVIDENCE,UPSTREAM_FIXED_VERSION_VERIFIED
sha256:4662cac700d64379a481f34fc0783e70b52eaa25bdef4d93b22e49b406da67c1 (debian 13.7),debian,ffmpeg,ffmpeg,7:7.1.5-0+deb13u1,CVE-2026-75144,HIGH,,fix_deferred,https://avd.aquasec.com/nvd/cve-2026-75144,,,UPSTREAM_FIXED_VERSION_VERIFIED,,https://security-tracker.debian.org/tracker/CVE-2026-75144,,"Reviewed upstream release threshold 7:9.0.2-1; runtime version and source hash verified. See preserved tracker feed, SHA256 d059b671f7cbb86a0341f779543f41813d93412e26c745d2c2473c49f89a81ac.",OPEN_MISSING_VENDOR_EVIDENCE,UPSTREAM_FIXED_VERSION_VERIFIED
sha256:4662cac700d64379a481f34fc0783e70b52eaa25bdef4d93b22e49b406da67c1 (debian 13.7),debian,ffmpeg,ffmpeg,7:7.1.5-0+deb13u1,CVE-2026-75146,HIGH,,fix_deferred,https://avd.aquasec.com/nvd/cve-2026-75146,,,UPSTREAM_FIXED_VERSION_VERIFIED,,https://security-tracker.debian.org/tracker/CVE-2026-75146,,"Reviewed upstream release threshold 7:9.0.2-1; runtime version and source hash verified. See preserved tracker feed, SHA256 d059b671f7cbb86a0341f779543f41813d93412e26c745d2c2473c49f89a81ac.",OPEN_MISSING_VENDOR_EVIDENCE,UPSTREAM_FIXED_VERSION_VERIFIED
sha256:4662cac700d64379a481f34fc0783e70b52eaa25bdef4d93b22e49b406da67c1 (debian 13.7),debian,ffmpeg,ffmpeg,7:7.1.5-0+deb13u1,CVE-2026-18393,MEDIUM,,fix_deferred,https://avd.aquasec.com/nvd/cve-2026-18393,,,UPSTREAM_FIXED_VERSION_VERIFIED,,https://security-tracker.debian.org/tracker/CVE-2026-18393,,"Reviewed upstream release threshold 7:8.1.1-1; runtime version and source hash verified. See preserved tracker feed, SHA256 d059b671f7cbb86a0341f779543f41813d93412e26c745d2c2473c49f89a81ac.",OPEN_MISSING_VENDOR_EVIDENCE,UPSTREAM_FIXED_VERSION_VERIFIED
sha256:4662cac700d64379a481f34fc0783e70b52eaa25bdef4d93b22e49b406da67c1 (debian 13.7),debian,ffmpeg,ffmpeg,7:7.1.5-0+deb13u1,CVE-2026-38350,MEDIUM,,fix_deferred,https://avd.aquasec.com/nvd/cve-2026-38350,,,UPSTREAM_FIXED_VERSION_VERIFIED,,https://security-tracker.debian.org/tracker/CVE-2026-38350,,"Reviewed upstream release threshold 7:8.0.1-2; runtime version and source hash verified. See preserved tracker feed, SHA256 d059b671f7cbb86a0341f779543f41813d93412e26c745d2c2473c49f89a81ac.",OPEN_MISSING_VENDOR_EVIDENCE,UPSTREAM_FIXED_VERSION_VERIFIED
sha256:4662cac700d64379a481f34fc0783e70b52eaa25bdef4d93b22e49b406da67c1 (debian 13.7),debian,ffmpeg,ffmpeg,7:7.1.5-0+deb13u1,CVE-2026-6385,MEDIUM,,fix_deferred,https://avd.aquasec.com/nvd/cve-2026-6385,,,VULNERABLE_CODE_EXCLUDED_VERIFIED,,https://security-tracker.debian.org/tracker/CVE-2026-6385,,DVD subtitle decoder/parser and MPEG-PS demuxer disabled; installed configuration and decoder list verified. Not an upstream version fix.,OPEN_MISSING_VENDOR_EVIDENCE,VULNERABLE_CODE_EXCLUDED_VERIFIED
sha256:4662cac700d64379a481f34fc0783e70b52eaa25bdef4d93b22e49b406da67c1 (debian 13.7),debian,ffmpeg,ffmpeg,7:7.1.5-0+deb13u1,CVE-2026-65703,MEDIUM,,fix_deferred,https://avd.aquasec.com/nvd/cve-2026-65703,,,UPSTREAM_FIXED_VERSION_VERIFIED,,https://security-tracker.debian.org/tracker/CVE-2026-65703,,"Reviewed upstream release threshold 7:9.0.2-1; runtime version and source hash verified. See preserved tracker feed, SHA256 d059b671f7cbb86a0341f779543f41813d93412e26c745d2c2473c49f89a81ac.",OPEN_MISSING_VENDOR_EVIDENCE,UPSTREAM_FIXED_VERSION_VERIFIED
sha256:4662cac700d64379a481f34fc0783e70b52eaa25bdef4d93b22e49b406da67c1 (debian 13.7),debian,ffmpeg,ffmpeg,7:7.1.5-0+deb13u1,CVE-2026-65704,MEDIUM,,fix_deferred,https://avd.aquasec.com/nvd/cve-2026-65704,,,UPSTREAM_FIXED_VERSION_VERIFIED,,https://security-tracker.debian.org/tracker/CVE-2026-65704,,"Reviewed upstream release threshold 7:9.0.2-1; runtime version and source hash verified. See preserved tracker feed, SHA256 d059b671f7cbb86a0341f779543f41813d93412e26c745d2c2473c49f89a81ac.",OPEN_MISSING_VENDOR_EVIDENCE,UPSTREAM_FIXED_VERSION_VERIFIED
sha256:4662cac700d64379a481f34fc0783e70b52eaa25bdef4d93b22e49b406da67c1 (debian 13.7),debian,ffmpeg,ffmpeg,7:7.1.5-0+deb13u1,CVE-2026-65705,MEDIUM,,fix_deferred,https://avd.aquasec.com/nvd/cve-2026-65705,,,UPSTREAM_FIXED_VERSION_VERIFIED,,https://security-tracker.debian.org/tracker/CVE-2026-65705,,"Reviewed upstream release threshold 7:9.0.2-1; runtime version and source hash verified. See preserved tracker feed, SHA256 d059b671f7cbb86a0341f779543f41813d93412e26c745d2c2473c49f89a81ac.",OPEN_MISSING_VENDOR_EVIDENCE,UPSTREAM_FIXED_VERSION_VERIFIED
sha256:4662cac700d64379a481f34fc0783e70b52eaa25bdef4d93b22e49b406da67c1 (debian 13.7),debian,ffmpeg,ffmpeg,7:7.1.5-0+deb13u1,CVE-2026-65706,MEDIUM,,fix_deferred,https://avd.aquasec.com/nvd/cve-2026-65706,,,UPSTREAM_FIXED_VERSION_VERIFIED,,https://security-tracker.debian.org/tracker/CVE-2026-65706,,"Reviewed upstream release threshold 7:9.0.2-1; runtime version and source hash verified. See preserved tracker feed, SHA256 d059b671f7cbb86a0341f779543f41813d93412e26c745d2c2473c49f89a81ac.",OPEN_MISSING_VENDOR_EVIDENCE,UPSTREAM_FIXED_VERSION_VERIFIED
sha256:4662cac700d64379a481f34fc0783e70b52eaa25bdef4d93b22e49b406da67c1 (debian 13.7),debian,ffmpeg,ffmpeg,7:7.1.5-0+deb13u1,CVE-2026-66037,MEDIUM,,fix_deferred,https://avd.aquasec.com/nvd/cve-2026-66037,,,UPSTREAM_FIXED_VERSION_VERIFIED,,https://security-tracker.debian.org/tracker/CVE-2026-66037,,"Reviewed upstream release threshold 7:9.0.2-1; runtime version and source hash verified. See preserved tracker feed, SHA256 d059b671f7cbb86a0341f779543f41813d93412e26c745d2c2473c49f89a81ac.",OPEN_MISSING_VENDOR_EVIDENCE,UPSTREAM_FIXED_VERSION_VERIFIED
sha256:4662cac700d64379a481f34fc0783e70b52eaa25bdef4d93b22e49b406da67c1 (debian 13.7),debian,ffmpeg,ffmpeg,7:7.1.5-0+deb13u1,CVE-2026-66038,MEDIUM,,fix_deferred,https://avd.aquasec.com/nvd/cve-2026-66038,,,UPSTREAM_FIXED_VERSION_VERIFIED,,https://security-tracker.debian.org/tracker/CVE-2026-66038,,"Reviewed upstream release threshold 7:9.0.2-1; runtime version and source hash verified. See preserved tracker feed, SHA256 d059b671f7cbb86a0341f779543f41813d93412e26c745d2c2473c49f89a81ac.",OPEN_MISSING_VENDOR_EVIDENCE,UPSTREAM_FIXED_VERSION_VERIFIED
sha256:4662cac700d64379a481f34fc0783e70b52eaa25bdef4d93b22e49b406da67c1 (debian 13.7),debian,ffmpeg,ffmpeg,7:7.1.5-0+deb13u1,CVE-2026-70629,MEDIUM,,fix_deferred,https://avd.aquasec.com/nvd/cve-2026-70629,,,UPSTREAM_FIXED_VERSION_VERIFIED,,https://security-tracker.debian.org/tracker/CVE-2026-70629,,"Reviewed upstream release threshold 7:9.0.2-1; runtime version and source hash verified. See preserved tracker feed, SHA256 d059b671f7cbb86a0341f779543f41813d93412e26c745d2c2473c49f89a81ac.",OPEN_MISSING_VENDOR_EVIDENCE,UPSTREAM_FIXED_VERSION_VERIFIED
sha256:4662cac700d64379a481f34fc0783e70b52eaa25bdef4d93b22e49b406da67c1 (debian 13.7),debian,ffmpeg,ffmpeg,7:7.1.5-0+deb13u1,CVE-2026-70630,MEDIUM,,fix_deferred,https://avd.aquasec.com/nvd/cve-2026-70630,,,UPSTREAM_FIXED_VERSION_VERIFIED,,https://security-tracker.debian.org/tracker/CVE-2026-70630,,"Reviewed upstream release threshold 7:9.0.2-1; runtime version and source hash verified. See preserved tracker feed, SHA256 d059b671f7cbb86a0341f779543f41813d93412e26c745d2c2473c49f89a81ac.",OPEN_MISSING_VENDOR_EVIDENCE,UPSTREAM_FIXED_VERSION_VERIFIED
sha256:4662cac700d64379a481f34fc0783e70b52eaa25bdef4d93b22e49b406da67c1 (debian 13.7),debian,ffmpeg,ffmpeg,7:7.1.5-0+deb13u1,CVE-2026-70631,MEDIUM,,fix_deferred,https://avd.aquasec.com/nvd/cve-2026-70631,,,UPSTREAM_FIXED_VERSION_VERIFIED,,https://security-tracker.debian.org/tracker/CVE-2026-70631,,"Reviewed upstream release threshold 7:9.0.2-1; runtime version and source hash verified. See preserved tracker feed, SHA256 d059b671f7cbb86a0341f779543f41813d93412e26c745d2c2473c49f89a81ac.",OPEN_MISSING_VENDOR_EVIDENCE,UPSTREAM_FIXED_VERSION_VERIFIED
sha256:4662cac700d64379a481f34fc0783e70b52eaa25bdef4d93b22e49b406da67c1 (debian 13.7),debian,ffmpeg,ffmpeg,7:7.1.5-0+deb13u1,CVE-2026-75141,MEDIUM,,fix_deferred,https://avd.aquasec.com/nvd/cve-2026-75141,,,UPSTREAM_FIXED_VERSION_VERIFIED,,https://security-tracker.debian.org/tracker/CVE-2026-75141,,"Reviewed upstream release threshold 7:9.0.2-1; runtime version and source hash verified. See preserved tracker feed, SHA256 d059b671f7cbb86a0341f779543f41813d93412e26c745d2c2473c49f89a81ac.",OPEN_MISSING_VENDOR_EVIDENCE,UPSTREAM_FIXED_VERSION_VERIFIED
sha256:4662cac700d64379a481f34fc0783e70b52eaa25bdef4d93b22e49b406da67c1 (debian 13.7),debian,ffmpeg,ffmpeg,7:7.1.5-0+deb13u1,CVE-2026-90816,MEDIUM,,will_not_fix,https://avd.aquasec.com/nvd/cve-2026-90816,,,UPSTREAM_FIXED_VERSION_VERIFIED,,https://security-tracker.debian.org/tracker/CVE-2026-90816,,"Reviewed upstream release threshold 7:8.1-1; runtime version and source hash verified. See preserved tracker feed, SHA256 d059b671f7cbb86a0341f779543f41813d93412e26c745d2c2473c49f89a81ac.",OPEN_MISSING_VENDOR_EVIDENCE,UPSTREAM_FIXED_VERSION_VERIFIED
sha256:4662cac700d64379a481f34fc0783e70b52eaa25bdef4d93b22e49b406da67c1 (debian 13.7),debian,ffmpeg,ffmpeg,7:7.1.5-0+deb13u1,CVE-2026-30999,LOW,,affected,https://avd.aquasec.com/nvd/cve-2026-30999,,,UPSTREAM_FIXED_VERSION_VERIFIED,,https://security-tracker.debian.org/tracker/CVE-2026-30999,,"Reviewed upstream release threshold 7:8.1.2-1; runtime version and source hash verified. See preserved tracker feed, SHA256 d059b671f7cbb86a0341f779543f41813d93412e26c745d2c2473c49f89a81ac.",OPEN_MISSING_VENDOR_EVIDENCE,UPSTREAM_FIXED_VERSION_VERIFIED
sha256:4662cac700d64379a481f34fc0783e70b52eaa25bdef4d93b22e49b406da67c1 (debian 13.7),debian,libreoffice,fonts-opensymbol,4:102.12+LibO25.2.3-2+deb13u8,CVE-2012-5639,LOW,,affected,https://avd.aquasec.com/nvd/cve-2012-5639,4:26.2.6.3-0ubuntu0.26.04.2,,OPEN_MISSING_VENDOR_EVIDENCE,,https://raw.githubusercontent.com/canonical/ubuntu-security-notices/a3f40224dd201a816b4725891b70d22f7809225f/vex/cve/2012/CVE-2012-5639.json,,No applicable vendor statement; missing matches are not fixes.,OPEN_MISSING_VENDOR_EVIDENCE,OPEN_MISSING_VENDOR_EVIDENCE
sha256:4662cac700d64379a481f34fc0783e70b52eaa25bdef4d93b22e49b406da67c1 (debian 13.7),debian,libreoffice,fonts-opensymbol,4:102.12+LibO25.2.3-2+deb13u8,CVE-2018-10583,LOW,,affected,https://avd.aquasec.com/nvd/cve-2018-10583,4:26.2.6.3-0ubuntu0.26.04.2,,OPEN_MISSING_VENDOR_EVIDENCE,,https://raw.githubusercontent.com/canonical/ubuntu-security-notices/a3f40224dd201a816b4725891b70d22f7809225f/vex/cve/2018/CVE-2018-10583.json,,No applicable vendor statement; missing matches are not fixes.,OPEN_MISSING_VENDOR_EVIDENCE,OPEN_MISSING_VENDOR_EVIDENCE
sha256:4662cac700d64379a481f34fc0783e70b52eaa25bdef4d93b22e49b406da67c1 (debian 13.7),debian,gcc-14,gcc-14-base,14.2.0-19,CVE-2026-102010,MEDIUM,,affected,https://avd.aquasec.com/nvd/cve-2026-102010,,,OPEN_MISSING_VENDOR_EVIDENCE,,https://raw.githubusercontent.com/canonical/ubuntu-security-notices/a3f40224dd201a816b4725891b70d22f7809225f/vex/cve/2026/CVE-2026-102010.json,,No applicable vendor statement; missing matches are not fixes.,OPEN_MISSING_VENDOR_EVIDENCE,OPEN_MISSING_VENDOR_EVIDENCE
sha256:4662cac700d64379a481f34fc0783e70b52eaa25bdef4d93b22e49b406da67c1 (debian 13.7),debian,gcc-14,gcc-14-base,14.2.0-19,CVE-2026-95619,MEDIUM,,affected,https://avd.aquasec.com/nvd/cve-2026-95619,,,OPEN_MISSING_VENDOR_EVIDENCE,,https://raw.githubusercontent.com/canonical/ubuntu-security-notices/a3f40224dd201a816b4725891b70d22f7809225f/vex/cve/2026/CVE-2026-95619.json,,No applicable vendor statement; missing matches are not fixes.,OPEN_MISSING_VENDOR_EVIDENCE,OPEN_MISSING_VENDOR_EVIDENCE
sha256:4662cac700d64379a481f34fc0783e70b52eaa25bdef4d93b22e49b406da67c1 (debian 13.7),debian,gnupg2,gnupg,2.4.7-21+deb13u1,CVE-2026-24882,HIGH,,affected,https://avd.aquasec.com/nvd/cve-2026-24882,2.4.8-4ubuntu3.1,,AFFECTED_COMPONENT_ABSENT_VERIFIED,,https://security-tracker.debian.org/tracker/CVE-2026-24882,,tpm2daemon is absent; affected PKDECRYPT implementation is not shipped. GnuPG version itself was not upgraded.,OPEN_MISSING_VENDOR_EVIDENCE,OPEN_MISSING_VENDOR_EVIDENCE
sha256:4662cac700d64379a481f34fc0783e70b52eaa25bdef4d93b22e49b406da67c1 (debian 13.7),debian,gnupg2,gnupg,2.4.7-21+deb13u1,CVE-2025-68972,MEDIUM,,affected,https://avd.aquasec.com/nvd/cve-2025-68972,2.4.8-4ubuntu3.1,,OPEN_MISSING_VENDOR_EVIDENCE,,https://raw.githubusercontent.com/canonical/ubuntu-security-notices/a3f40224dd201a816b4725891b70d22f7809225f/vex/cve/2025/CVE-2025-68972.json,,No applicable vendor statement; missing matches are not fixes.,OPEN_MISSING_VENDOR_EVIDENCE,OPEN_MISSING_VENDOR_EVIDENCE
sha256:4662cac700d64379a481f34fc0783e70b52eaa25bdef4d93b22e49b406da67c1 (debian 13.7),debian,gnupg2,gnupg,2.4.7-21+deb13u1,CVE-2022-3219,LOW,,affected,https://avd.aquasec.com/nvd/cve-2022-3219,2.4.8-4ubuntu3.1,,OPEN_MISSING_VENDOR_EVIDENCE,,https://raw.githubusercontent.com/canonical/ubuntu-security-notices/a3f40224dd201a816b4725891b70d22f7809225f/vex/cve/2022/CVE-2022-3219.json,,No applicable vendor statement; missing matches are not fixes.,OPEN_MISSING_VENDOR_EVIDENCE,OPEN_MISSING_VENDOR_EVIDENCE
sha256:4662cac700d64379a481f34fc0783e70b52eaa25bdef4d93b22e49b406da67c1 (debian 13.7),debian,gnupg2,gnupg,2.4.7-21+deb13u1,CVE-2026-57062,LOW,,affected,https://avd.aquasec.com/nvd/cve-2026-57062,2.4.8-4ubuntu3.1,,VENDOR_FIXED_VERSION_CONFIRMED,fixed,https://raw.githubusercontent.com/canonical/ubuntu-security-notices/a3f40224dd201a816b4725891b70d22f7809225f/vex/cve/2026/CVE-2026-57062.json,pkg:deb/ubuntu/gnupg2@2.4.8-4ubuntu3.1?arch=source&distro=resolute,"This package (for the given release) was vulnerable, but an update has been uploaded and published.",VENDOR_FIXED_VERSION_CONFIRMED,VENDOR_FIXED_VERSION_CONFIRMED
sha256:4662cac700d64379a481f34fc0783e70b52eaa25bdef4d93b22e49b406da67c1 (debian 13.7),debian,gnupg2,gnupg-l10n,2.4.7-21+deb13u1,CVE-2026-24882,HIGH,,affected,https://avd.aquasec.com/nvd/cve-2026-24882,2.4.8-4ubuntu3.1,,AFFECTED_COMPONENT_ABSENT_VERIFIED,,https://security-tracker.debian.org/tracker/CVE-2026-24882,,tpm2daemon is absent; affected PKDECRYPT implementation is not shipped. GnuPG version itself was not upgraded.,OPEN_MISSING_VENDOR_EVIDENCE,OPEN_MISSING_VENDOR_EVIDENCE
sha256:4662cac700d64379a481f34fc0783e70b52eaa25bdef4d93b22e49b406da67c1 (debian 13.7),debian,gnupg2,gnupg-l10n,2.4.7-21+deb13u1,CVE-2025-68972,MEDIUM,,affected,https://avd.aquasec.com/nvd/cve-2025-68972,2.4.8-4ubuntu3.1,,OPEN_MISSING_VENDOR_EVIDENCE,,https://raw.githubusercontent.com/canonical/ubuntu-security-notices/a3f40224dd201a816b4725891b70d22f7809225f/vex/cve/2025/CVE-2025-68972.json,,No applicable vendor statement; missing matches are not fixes.,OPEN_MISSING_VENDOR_EVIDENCE,OPEN_MISSING_VENDOR_EVIDENCE
sha256:4662cac700d64379a481f34fc0783e70b52eaa25bdef4d93b22e49b406da67c1 (debian 13.7),debian,gnupg2,gnupg-l10n,2.4.7-21+deb13u1,CVE-2022-3219,LOW,,affected,https://avd.aquasec.com/nvd/cve-2022-3219,2.4.8-4ubuntu3.1,,OPEN_MISSING_VENDOR_EVIDENCE,,https://raw.githubusercontent.com/canonical/ubuntu-security-notices/a3f40224dd201a816b4725891b70d22f7809225f/vex/cve/2022/CVE-2022-3219.json,,No applicable vendor statement; missing matches are not fixes.,OPEN_MISSING_VENDOR_EVIDENCE,OPEN_MISSING_VENDOR_EVIDENCE
sha256:4662cac700d64379a481f34fc0783e70b52eaa25bdef4d93b22e49b406da67c1 (debian 13.7),debian,gnupg2,gnupg-l10n,2.4.7-21+deb13u1,CVE-2026-57062,LOW,,affected,https://avd.aquasec.com/nvd/cve-2026-57062,2.4.8-4ubuntu3.1,,VENDOR_FIXED_VERSION_CONFIRMED,fixed,https://raw.githubusercontent.com/canonical/ubuntu-security-notices/a3f40224dd201a816b4725891b70d22f7809225f/vex/cve/2026/CVE-2026-57062.json,pkg:deb/ubuntu/gnupg2@2.4.8-4ubuntu3.1?arch=source&distro=resolute,"This package (for the given release) was vulnerable, but an update has been uploaded and published.",VENDOR_FIXED_VERSION_CONFIRMED,VENDOR_FIXED_VERSION_CONFIRMED
sha256:4662cac700d64379a481f34fc0783e70b52eaa25bdef4d93b22e49b406da67c1 (debian 13.7),debian,gnupg2,gpg,2.4.7-21+deb13u1+b5,CVE-2026-24882,HIGH,,affected,https://avd.aquasec.com/nvd/cve-2026-24882,2.4.8-4ubuntu3.1,,AFFECTED_COMPONENT_ABSENT_VERIFIED,,https://security-tracker.debian.org/tracker/CVE-2026-24882,,tpm2daemon is absent; affected PKDECRYPT implementation is not shipped. GnuPG version itself was not upgraded.,OPEN_MISSING_VENDOR_EVIDENCE,OPEN_MISSING_VENDOR_EVIDENCE
sha256:4662cac700d64379a481f34fc0783e70b52eaa25bdef4d93b22e49b406da67c1 (debian 13.7),debian,gnupg2,gpg,2.4.7-21+deb13u1+b5,CVE-2025-68972,MEDIUM,,affected,https://avd.aquasec.com/nvd/cve-2025-68972,2.4.8-4ubuntu3.1,,OPEN_MISSING_VENDOR_EVIDENCE,,https://raw.githubusercontent.com/canonical/ubuntu-security-notices/a3f40224dd201a816b4725891b70d22f7809225f/vex/cve/2025/CVE-2025-68972.json,,No applicable vendor statement; missing matches are not fixes.,OPEN_MISSING_VENDOR_EVIDENCE,OPEN_MISSING_VENDOR_EVIDENCE
sha256:4662cac700d64379a481f34fc0783e70b52eaa25bdef4d93b22e49b406da67c1 (debian 13.7),debian,gnupg2,gpg,2.4.7-21+deb13u1+b5,CVE-2022-3219,LOW,,affected,https://avd.aquasec.com/nvd/cve-2022-3219,2.4.8-4ubuntu3.1,,OPEN_MISSING_VENDOR_EVIDENCE,,https://raw.githubusercontent.com/canonical/ubuntu-security-notices/a3f40224dd201a816b4725891b70d22f7809225f/vex/cve/2022/CVE-2022-3219.json,,No applicable vendor statement; missing matches are not fixes.,OPEN_MISSING_VENDOR_EVIDENCE,OPEN_MISSING_VENDOR_EVIDENCE
sha256:4662cac700d64379a481f34fc0783e70b52eaa25bdef4d93b22e49b406da67c1 (debian 13.7),debian,gnupg2,gpg,2.4.7-21+deb13u1+b5,CVE-2026-57062,LOW,,affected,https://avd.aquasec.com/nvd/cve-2026-57062,2.4.8-4ubuntu3.1,,VENDOR_FIXED_VERSION_CONFIRMED,fixed,https://raw.githubusercontent.com/canonical/ubuntu-security-notices/a3f40224dd201a816b4725891b70d22f7809225f/vex/cve/2026/CVE-2026-57062.json,pkg:deb/ubuntu/gnupg2@2.4.8-4ubuntu3.1?arch=source&distro=resolute,"This package (for the given release) was vulnerable, but an update has been uploaded and published.",VENDOR_FIXED_VERSION_CONFIRMED,VENDOR_FIXED_VERSION_CONFIRMED
sha256:4662cac700d64379a481f34fc0783e70b52eaa25bdef4d93b22e49b406da67c1 (debian 13.7),debian,gnupg2,gpg-agent,2.4.7-21+deb13u1+b5,CVE-2026-24882,HIGH,,affected,https://avd.aquasec.com/nvd/cve-2026-24882,2.4.8-4ubuntu3.1,,AFFECTED_COMPONENT_ABSENT_VERIFIED,,https://security-tracker.debian.org/tracker/CVE-2026-24882,,tpm2daemon is absent; affected PKDECRYPT implementation is not shipped. GnuPG version itself was not upgraded.,OPEN_MISSING_VENDOR_EVIDENCE,OPEN_MISSING_VENDOR_EVIDENCE
sha256:4662cac700d64379a481f34fc0783e70b52eaa25bdef4d93b22e49b406da67c1 (debian 13.7),debian,gnupg2,gpg-agent,2.4.7-21+deb13u1+b5,CVE-2025-68972,MEDIUM,,affected,https://avd.aquasec.com/nvd/cve-2025-68972,2.4.8-4ubuntu3.1,,OPEN_MISSING_VENDOR_EVIDENCE,,https://raw.githubusercontent.com/canonical/ubuntu-security-notices/a3f40224dd201a816b4725891b70d22f7809225f/vex/cve/2025/CVE-2025-68972.json,,No applicable vendor statement; missing matches are not fixes.,OPEN_MISSING_VENDOR_EVIDENCE,OPEN_MISSING_VENDOR_EVIDENCE
sha256:4662cac700d64379a481f34fc0783e70b52eaa25bdef4d93b22e49b406da67c1 (debian 13.7),debian,gnupg2,gpg-agent,2.4.7-21+deb13u1+b5,CVE-2022-3219,LOW,,affected,https://avd.aquasec.com/nvd/cve-2022-3219,2.4.8-4ubuntu3.1,,OPEN_MISSING_VENDOR_EVIDENCE,,https://raw.githubusercontent.com/canonical/ubuntu-security-notices/a3f40224dd201a816b4725891b70d22f7809225f/vex/cve/2022/CVE-2022-3219.json,,No applicable vendor statement; missing matches are not fixes.,OPEN_MISSING_VENDOR_EVIDENCE,OPEN_MISSING_VENDOR_EVIDENCE
sha256:4662cac700d64379a481f34fc0783e70b52eaa25bdef4d93b22e49b406da67c1 (debian 13.7),debian,gnupg2,gpg-agent,2.4.7-21+deb13u1+b5,CVE-2026-57062,LOW,,affected,https://avd.aquasec.com/nvd/cve-2026-57062,2.4.8-4ubuntu3.1,,VENDOR_FIXED_VERSION_CONFIRMED,fixed,https://raw.githubusercontent.com/canonical/ubuntu-security-notices/a3f40224dd201a816b4725891b70d22f7809225f/vex/cve/2026/CVE-2026-57062.json,pkg:deb/ubuntu/gnupg2@2.4.8-4ubuntu3.1?arch=source&distro=resolute,"This package (for the given release) was vulnerable, but an update has been uploaded and published.",VENDOR_FIXED_VERSION_CONFIRMED,VENDOR_FIXED_VERSION_CONFIRMED
sha256:4662cac700d64379a481f34fc0783e70b52eaa25bdef4d93b22e49b406da67c1 (debian 13.7),debian,gnupg2,gpgconf,2.4.7-21+deb13u1+b5,CVE-2026-24882,HIGH,,affected,https://avd.aquasec.com/nvd/cve-2026-24882,2.4.8-4ubuntu3.1,,AFFECTED_COMPONENT_ABSENT_VERIFIED,,https://security-tracker.debian.org/tracker/CVE-2026-24882,,tpm2daemon is absent; affected PKDECRYPT implementation is not shipped. GnuPG version itself was not upgraded.,OPEN_MISSING_VENDOR_EVIDENCE,OPEN_MISSING_VENDOR_EVIDENCE
sha256:4662cac700d64379a481f34fc0783e70b52eaa25bdef4d93b22e49b406da67c1 (debian 13.7),debian,gnupg2,gpgconf,2.4.7-21+deb13u1+b5,CVE-2025-68972,MEDIUM,,affected,https://avd.aquasec.com/nvd/cve-2025-68972,2.4.8-4ubuntu3.1,,OPEN_MISSING_VENDOR_EVIDENCE,,https://raw.githubusercontent.com/canonical/ubuntu-security-notices/a3f40224dd201a816b4725891b70d22f7809225f/vex/cve/2025/CVE-2025-68972.json,,No applicable vendor statement; missing matches are not fixes.,OPEN_MISSING_VENDOR_EVIDENCE,OPEN_MISSING_VENDOR_EVIDENCE
sha256:4662cac700d64379a481f34fc0783e70b52eaa25bdef4d93b22e49b406da67c1 (debian 13.7),debian,gnupg2,gpgconf,2.4.7-21+deb13u1+b5,CVE-2022-3219,LOW,,affected,https://avd.aquasec.com/nvd/cve-2022-3219,2.4.8-4ubuntu3.1,,OPEN_MISSING_VENDOR_EVIDENCE,,https://raw.githubusercontent.com/canonical/ubuntu-security-notices/a3f40224dd201a816b4725891b70d22f7809225f/vex/cve/2022/CVE-2022-3219.json,,No applicable vendor statement; missing matches are not fixes.,OPEN_MISSING_VENDOR_EVIDENCE,OPEN_MISSING_VENDOR_EVIDENCE
sha256:4662cac700d64379a481f34fc0783e70b52eaa25bdef4d93b22e49b406da67c1 (debian 13.7),debian,gnupg2,gpgconf,2.4.7-21+deb13u1+b5,CVE-2026-57062,LOW,,affected,https://avd.aquasec.com/nvd/cve-2026-57062,2.4.8-4ubuntu3.1,,VENDOR_FIXED_VERSION_CONFIRMED,fixed,https://raw.githubusercontent.com/canonical/ubuntu-security-notices/a3f40224dd201a816b4725891b70d22f7809225f/vex/cve/2026/CVE-2026-57062.json,pkg:deb/ubuntu/gnupg2@2.4.8-4ubuntu3.1?arch=source&distro=resolute,"This package (for the given release) was vulnerable, but an update has been uploaded and published.",VENDOR_FIXED_VERSION_CONFIRMED,VENDOR_FIXED_VERSION_CONFIRMED
sha256:4662cac700d64379a481f34fc0783e70b52eaa25bdef4d93b22e49b406da67c1 (debian 13.7),debian,gnupg2,gpgsm,2.4.7-21+deb13u1+b5,CVE-2026-24882,HIGH,,affected,https://avd.aquasec.com/nvd/cve-2026-24882,2.4.8-4ubuntu3.1,,AFFECTED_COMPONENT_ABSENT_VERIFIED,,https://security-tracker.debian.org/tracker/CVE-2026-24882,,tpm2daemon is absent; affected PKDECRYPT implementation is not shipped. GnuPG version itself was not upgraded.,OPEN_MISSING_VENDOR_EVIDENCE,OPEN_MISSING_VENDOR_EVIDENCE
sha256:4662cac700d64379a481f34fc0783e70b52eaa25bdef4d93b22e49b406da67c1 (debian 13.7),debian,gnupg2,gpgsm,2.4.7-21+deb13u1+b5,CVE-2025-68972,MEDIUM,,affected,https://avd.aquasec.com/nvd/cve-2025-68972,2.4.8-4ubuntu3.1,,OPEN_MISSING_VENDOR_EVIDENCE,,https://raw.githubusercontent.com/canonical/ubuntu-security-notices/a3f40224dd201a816b4725891b70d22f7809225f/vex/cve/2025/CVE-2025-68972.json,,No applicable vendor statement; missing matches are not fixes.,OPEN_MISSING_VENDOR_EVIDENCE,OPEN_MISSING_VENDOR_EVIDENCE
sha256:4662cac700d64379a481f34fc0783e70b52eaa25bdef4d93b22e49b406da67c1 (debian 13.7),debian,gnupg2,gpgsm,2.4.7-21+deb13u1+b5,CVE-2022-3219,LOW,,affected,https://avd.aquasec.com/nvd/cve-2022-3219,2.4.8-4ubuntu3.1,,OPEN_MISSING_VENDOR_EVIDENCE,,https://raw.githubusercontent.com/canonical/ubuntu-security-notices/a3f40224dd201a816b4725891b70d22f7809225f/vex/cve/2022/CVE-2022-3219.json,,No applicable vendor statement; missing matches are not fixes.,OPEN_MISSING_VENDOR_EVIDENCE,OPEN_MISSING_VENDOR_EVIDENCE
sha256:4662cac700d64379a481f34fc0783e70b52eaa25bdef4d93b22e49b406da67c1 (debian 13.7),debian,gnupg2,gpgsm,2.4.7-21+deb13u1+b5,CVE-2026-57062,LOW,,affected,https://avd.aquasec.com/nvd/cve-2026-57062,2.4.8-4ubuntu3.1,,VENDOR_FIXED_VERSION_CONFIRMED,fixed,https://raw.githubusercontent.com/canonical/ubuntu-security-notices/a3f40224dd201a816b4725891b70d22f7809225f/vex/cve/2026/CVE-2026-57062.json,pkg:deb/ubuntu/gnupg2@2.4.8-4ubuntu3.1?arch=source&distro=resolute,"This package (for the given release) was vulnerable, but an update has been uploaded and published.",VENDOR_FIXED_VERSION_CONFIRMED,VENDOR_FIXED_VERSION_CONFIRMED
sha256:4662cac700d64379a481f34fc0783e70b52eaa25bdef4d93b22e49b406da67c1 (debian 13.7),debian,acl,libacl1,2.3.2-2+b1,CVE-2026-54369,HIGH,,affected,https://avd.aquasec.com/nvd/cve-2026-54369,2.3.2-2,,OPEN_AFFECTED,affected,https://raw.githubusercontent.com/canonical/ubuntu-security-notices/a3f40224dd201a816b4725891b70d22f7809225f/vex/cve/2026/CVE-2026-54369.json,pkg:deb/ubuntu/acl@2.3.2-2?arch=source&distro=resolute,"This package (for the given release) is vulnerable to the CVE, the problem is understood, but the Ubuntu Security Team decided to not fix it. CVE Notes / justification: upstream fix introduces new acl_*_at() APIs; backport too intrusive.",OPEN_AFFECTED,OPEN_AFFECTED
sha256:4662cac700d64379a481f34fc0783e70b52eaa25bdef4d93b22e49b406da67c1 (debian 13.7),debian,acl,libacl1,2.3.2-2+b1,CVE-2026-54370,MEDIUM,,affected,https://avd.aquasec.com/nvd/cve-2026-54370,2.3.2-2,,OPEN_AFFECTED,affected,https://raw.githubusercontent.com/canonical/ubuntu-security-notices/a3f40224dd201a816b4725891b70d22f7809225f/vex/cve/2026/CVE-2026-54370.json,pkg:deb/ubuntu/acl@2.3.2-2?arch=source&distro=resolute,"This package (for the given release) is vulnerable to the CVE, the problem is understood, but the Ubuntu Security Team decided to not fix it. CVE Notes / justification: upstream fix depends on acl_*_at() plus a major walk_tree rewrite. Backport too intrusive.",OPEN_AFFECTED,OPEN_AFFECTED
sha256:4662cac700d64379a481f34fc0783e70b52eaa25bdef4d93b22e49b406da67c1 (debian 13.7),debian,apt,libapt-pkg7.0,3.0.3,CVE-2011-3374,LOW,,affected,https://avd.aquasec.com/nvd/cve-2011-3374,3.2.0,,OPEN_MISSING_VENDOR_EVIDENCE,,https://raw.githubusercontent.com/canonical/ubuntu-security-notices/a3f40224dd201a816b4725891b70d22f7809225f/vex/cve/2011/CVE-2011-3374.json,,No applicable vendor statement; missing matches are not fixes.,OPEN_MISSING_VENDOR_EVIDENCE,OPEN_MISSING_VENDOR_EVIDENCE
sha256:4662cac700d64379a481f34fc0783e70b52eaa25bdef4d93b22e49b406da67c1 (debian 13.7),debian,alsa-lib,libasound2-data,1.2.14-1+deb13u1,CVE-2026-90781,MEDIUM,,affected,https://avd.aquasec.com/nvd/cve-2026-90781,1.2.15.3-1ubuntu1.1,,OPEN_UNDER_INVESTIGATION,under_investigation,https://raw.githubusercontent.com/canonical/ubuntu-security-notices/a3f40224dd201a816b4725891b70d22f7809225f/vex/cve/2026/CVE-2026-90781.json,pkg:deb/ubuntu/alsa-lib@1.2.15.3-1ubuntu1.1?arch=source&distro=resolute,Ubuntu Security Team classified this CVE as of Medium priority.,OPEN_UNDER_INVESTIGATION,OPEN_UNDER_INVESTIGATION
sha256:4662cac700d64379a481f34fc0783e70b52eaa25bdef4d93b22e49b406da67c1 (debian 13.7),debian,alsa-lib,libasound2-data,1.2.14-1+deb13u1,CVE-2026-96674,MEDIUM,,affected,https://avd.aquasec.com/nvd/cve-2026-96674,1.2.15.3-1ubuntu1.1,,OPEN_UNDER_INVESTIGATION,under_investigation,https://raw.githubusercontent.com/canonical/ubuntu-security-notices/a3f40224dd201a816b4725891b70d22f7809225f/vex/cve/2026/CVE-2026-96674.json,pkg:deb/ubuntu/alsa-lib@1.2.15.3-1ubuntu1.1?arch=source&distro=resolute,Ubuntu Security Team classified this CVE as of Medium priority.,OPEN_UNDER_INVESTIGATION,OPEN_UNDER_INVESTIGATION
sha256:4662cac700d64379a481f34fc0783e70b52eaa25bdef4d93b22e49b406da67c1 (debian 13.7),debian,alsa-lib,libasound2-data,1.2.14-1+deb13u1,CVE-2026-96675,MEDIUM,,affected,https://avd.aquasec.com/nvd/cve-2026-96675,1.2.15.3-1ubuntu1.1,,OPEN_UNDER_INVESTIGATION,under_investigation,https://raw.githubusercontent.com/canonical/ubuntu-security-notices/a3f40224dd201a816b4725891b70d22f7809225f/vex/cve/2026/CVE-2026-96675.json,pkg:deb/ubuntu/alsa-lib@1.2.15.3-1ubuntu1.1?arch=source&distro=resolute,Ubuntu Security Team classified this CVE as of Medium priority.,OPEN_UNDER_INVESTIGATION,OPEN_UNDER_INVESTIGATION
sha256:4662cac700d64379a481f34fc0783e70b52eaa25bdef4d93b22e49b406da67c1 (debian 13.7),debian,alsa-lib,libasound2-data,1.2.14-1+deb13u1,CVE-2026-56109,LOW,,affected,https://avd.aquasec.com/nvd/cve-2026-56109,1.2.15.3-1ubuntu1.1,,VENDOR_FIXED_VERSION_CONFIRMED,fixed,https://raw.githubusercontent.com/canonical/ubuntu-security-notices/a3f40224dd201a816b4725891b70d22f7809225f/vex/cve/2026/CVE-2026-56109.json,pkg:deb/ubuntu/alsa-lib@1.2.15.3-1ubuntu1.1?arch=source&distro=resolute,"This package (for the given release) was vulnerable, but an update has been uploaded and published.",VENDOR_FIXED_VERSION_CONFIRMED,VENDOR_FIXED_VERSION_CONFIRMED
sha256:4662cac700d64379a481f34fc0783e70b52eaa25bdef4d93b22e49b406da67c1 (debian 13.7),debian,alsa-lib,libasound2t64,1.2.14-1+deb13u1,CVE-2026-90781,MEDIUM,,affected,https://avd.aquasec.com/nvd/cve-2026-90781,1.2.15.3-1ubuntu1.1,,OPEN_UNDER_INVESTIGATION,under_investigation,https://raw.githubusercontent.com/canonical/ubuntu-security-notices/a3f40224dd201a816b4725891b70d22f7809225f/vex/cve/2026/CVE-2026-90781.json,pkg:deb/ubuntu/alsa-lib@1.2.15.3-1ubuntu1.1?arch=source&distro=resolute,Ubuntu Security Team classified this CVE as of Medium priority.,OPEN_UNDER_INVESTIGATION,OPEN_UNDER_INVESTIGATION
sha256:4662cac700d64379a481f34fc0783e70b52eaa25bdef4d93b22e49b406da67c1 (debian 13.7),debian,alsa-lib,libasound2t64,1.2.14-1+deb13u1,CVE-2026-96674,MEDIUM,,affected,https://avd.aquasec.com/nvd/cve-2026-96674,1.2.15.3-1ubuntu1.1,,OPEN_UNDER_INVESTIGATION,under_investigation,https://raw.githubusercontent.com/canonical/ubuntu-security-notices/a3f40224dd201a816b4725891b70d22f7809225f/vex/cve/2026/CVE-2026-96674.json,pkg:deb/ubuntu/alsa-lib@1.2.15.3-1ubuntu1.1?arch=source&distro=resolute,Ubuntu Security Team classified this CVE as of Medium priority.,OPEN_UNDER_INVESTIGATION,OPEN_UNDER_INVESTIGATION
sha256:4662cac700d64379a481f34fc0783e70b52eaa25bdef4d93b22e49b406da67c1 (debian 13.7),debian,alsa-lib,libasound2t64,1.2.14-1+deb13u1,CVE-2026-96675,MEDIUM,,affected,https://avd.aquasec.com/nvd/cve-2026-96675,1.2.15.3-1ubuntu1.1,,OPEN_UNDER_INVESTIGATION,under_investigation,https://raw.githubusercontent.com/canonical/ubuntu-security-notices/a3f40224dd201a816b4725891b70d22f7809225f/vex/cve/2026/CVE-2026-96675.json,pkg:deb/ubuntu/alsa-lib@1.2.15.3-1ubuntu1.1?arch=source&distro=resolute,Ubuntu Security Team classified this CVE as of Medium priority.,OPEN_UNDER_INVESTIGATION,OPEN_UNDER_INVESTIGATION
sha256:4662cac700d64379a481f34fc0783e70b52eaa25bdef4d93b22e49b406da67c1 (debian 13.7),debian,alsa-lib,libasound2t64,1.2.14-1+deb13u1,CVE-2026-56109,LOW,,affected,https://avd.aquasec.com/nvd/cve-2026-56109,1.2.15.3-1ubuntu1.1,,VENDOR_FIXED_VERSION_CONFIRMED,fixed,https://raw.githubusercontent.com/canonical/ubuntu-security-notices/a3f40224dd201a816b4725891b70d22f7809225f/vex/cve/2026/CVE-2026-56109.json,pkg:deb/ubuntu/alsa-lib@1.2.15.3-1ubuntu1.1?arch=source&distro=resolute,"This package (for the given release) was vulnerable, but an update has been uploaded and published.",VENDOR_FIXED_VERSION_CONFIRMED,VENDOR_FIXED_VERSION_CONFIRMED
sha256:4662cac700d64379a481f34fc0783e70b52eaa25bdef4d93b22e49b406da67c1 (debian 13.7),debian,gcc-14,libatomic1,14.2.0-19,CVE-2026-102010,MEDIUM,,affected,https://avd.aquasec.com/nvd/cve-2026-102010,,,OPEN_MISSING_VENDOR_EVIDENCE,,https://raw.githubusercontent.com/canonical/ubuntu-security-notices/a3f40224dd201a816b4725891b70d22f7809225f/vex/cve/2026/CVE-2026-102010.json,,No applicable vendor statement; missing matches are not fixes.,OPEN_MISSING_VENDOR_EVIDENCE,OPEN_MISSING_VENDOR_EVIDENCE
sha256:4662cac700d64379a481f34fc0783e70b52eaa25bdef4d93b22e49b406da67c1 (debian 13.7),debian,gcc-14,libatomic1,14.2.0-19,CVE-2026-95619,MEDIUM,,affected,https://avd.aquasec.com/nvd/cve-2026-95619,,,OPEN_MISSING_VENDOR_EVIDENCE,,https://raw.githubusercontent.com/canonical/ubuntu-security-notices/a3f40224dd201a816b4725891b70d22f7809225f/vex/cve/2026/CVE-2026-95619.json,,No applicable vendor statement; missing matches are not fixes.,OPEN_MISSING_VENDOR_EVIDENCE,OPEN_MISSING_VENDOR_EVIDENCE
sha256:4662cac700d64379a481f34fc0783e70b52eaa25bdef4d93b22e49b406da67c1 (debian 13.7),debian,attr,libattr1,1:2.5.2-3,CVE-2026-54371,MEDIUM,,affected,https://avd.aquasec.com/nvd/cve-2026-54371,1:2.5.2-4ubuntu0.1,,VENDOR_FIXED_VERSION_CONFIRMED,fixed,https://raw.githubusercontent.com/canonical/ubuntu-security-notices/a3f40224dd201a816b4725891b70d22f7809225f/vex/cve/2026/CVE-2026-54371.json,pkg:deb/ubuntu/attr@1:2.5.2-4ubuntu0.1?arch=source&distro=resolute,"This package (for the given release) was vulnerable, but an update has been uploaded and published.",VENDOR_FIXED_VERSION_CONFIRMED,VENDOR_FIXED_VERSION_CONFIRMED
sha256:4662cac700d64379a481f34fc0783e70b52eaa25bdef4d93b22e49b406da67c1 (debian 13.7),debian,avahi,libavahi-client3,0.8-16,CVE-2024-52615,MEDIUM,,affected,https://avd.aquasec.com/nvd/cve-2024-52615,0.8-18ubuntu1.1,,VENDOR_NOT_AFFECTED_EXACT_VERSION,not_affected,https://raw.githubusercontent.com/canonical/ubuntu-security-notices/a3f40224dd201a816b4725891b70d22f7809225f/vex/cve/2024/CVE-2024-52615.json,pkg:deb/ubuntu/avahi@0.8-18ubuntu1.1?arch=source&distro=resolute,"This package (for the given release), while related to the CVE in some way, is not affected by the issue. CVE Notes / justification: Avahi upstream hasn't fixed this issue, but they now disable wide-area by default: https://github.com/avahi/avahi/pull/577 Another bug exists to track improving wide-area: https://github.com/avahi/avahi/issues/578  There is now a commit to fix this issue, but it introduces a regression, see bug 810, which is unfixed as of 2026-09-18 wide-area is disabled by default in 0.8-17",VENDOR_NOT_AFFECTED_EXACT_VERSION,VENDOR_NOT_AFFECTED_EXACT_VERSION
sha256:4662cac700d64379a481f34fc0783e70b52eaa25bdef4d93b22e49b406da67c1 (debian 13.7),debian,avahi,libavahi-client3,0.8-16,CVE-2024-52616,MEDIUM,,affected,https://avd.aquasec.com/nvd/cve-2024-52616,0.8-18ubuntu1.1,,VENDOR_NOT_AFFECTED_EXACT_VERSION,not_affected,https://raw.githubusercontent.com/canonical/ubuntu-security-notices/a3f40224dd201a816b4725891b70d22f7809225f/vex/cve/2024/CVE-2024-52616.json,pkg:deb/ubuntu/avahi@0.8-18ubuntu1.1?arch=source&distro=resolute,"This package (for the given release), while related to the CVE in some way, is not affected by the issue. CVE Notes / justification: Upstream has disabled wide-area by default: https://github.com/avahi/avahi/pull/577 Another bug exists to track improving wide-area: https://github.com/avahi/avahi/issues/578 wide-are is disabled by default in 0.8-17",VENDOR_NOT_AFFECTED_EXACT_VERSION,VENDOR_NOT_AFFECTED_EXACT_VERSION
sha256:4662cac700d64379a481f34fc0783e70b52eaa25bdef4d93b22e49b406da67c1 (debian 13.7),debian,avahi,libavahi-client3,0.8-16,CVE-2025-59529,MEDIUM,,fix_deferred,https://avd.aquasec.com/nvd/cve-2025-59529,0.8-18ubuntu1.1,MEDIUM,OPEN_UNDER_INVESTIGATION,under_investigation,https://raw.githubusercontent.com/canonical/ubuntu-security-notices/a3f40224dd201a816b4725891b70d22f7809225f/vex/cve/2025/CVE-2025-59529.json,pkg:deb/ubuntu/avahi@0.8-18ubuntu1.1?arch=source&distro=resolute,"This package (for the given release) is vulnerable to the CVE, the problem is understood, but it is currently deferred. CVE Notes / justification: as of 2026-09-18, the fix for this issue is still being discussed by avahi developers",OPEN_UNDER_INVESTIGATION,OPEN_UNDER_INVESTIGATION
sha256:4662cac700d64379a481f34fc0783e70b52eaa25bdef4d93b22e49b406da67c1 (debian 13.7),debian,avahi,libavahi-client3,0.8-16,CVE-2025-68276,MEDIUM,,affected,https://avd.aquasec.com/nvd/cve-2025-68276,0.8-18ubuntu1.1,,OPEN_MISSING_VENDOR_EVIDENCE,,https://raw.githubusercontent.com/canonical/ubuntu-security-notices/a3f40224dd201a816b4725891b70d22f7809225f/vex/cve/2025/CVE-2025-68276.json,,No applicable vendor statement; missing matches are not fixes.,OPEN_MISSING_VENDOR_EVIDENCE,OPEN_MISSING_VENDOR_EVIDENCE
sha256:4662cac700d64379a481f34fc0783e70b52eaa25bdef4d93b22e49b406da67c1 (debian 13.7),debian,avahi,libavahi-client3,0.8-16,CVE-2025-68468,MEDIUM,,affected,https://avd.aquasec.com/nvd/cve-2025-68468,0.8-18ubuntu1.1,,OPEN_MISSING_VENDOR_EVIDENCE,,https://raw.githubusercontent.com/canonical/ubuntu-security-notices/a3f40224dd201a816b4725891b70d22f7809225f/vex/cve/2025/CVE-2025-68468.json,,No applicable vendor statement; missing matches are not fixes.,OPEN_MISSING_VENDOR_EVIDENCE,OPEN_MISSING_VENDOR_EVIDENCE
sha256:4662cac700d64379a481f34fc0783e70b52eaa25bdef4d93b22e49b406da67c1 (debian 13.7),debian,avahi,libavahi-client3,0.8-16,CVE-2025-68471,MEDIUM,,affected,https://avd.aquasec.com/nvd/cve-2025-68471,0.8-18ubuntu1.1,,OPEN_MISSING_VENDOR_EVIDENCE,,https://raw.githubusercontent.com/canonical/ubuntu-security-notices/a3f40224dd201a816b4725891b70d22f7809225f/vex/cve/2025/CVE-2025-68471.json,,No applicable vendor statement; missing matches are not fixes.,OPEN_MISSING_VENDOR_EVIDENCE,OPEN_MISSING_VENDOR_EVIDENCE
sha256:4662cac700d64379a481f34fc0783e70b52eaa25bdef4d93b22e49b406da67c1 (debian 13.7),debian,avahi,libavahi-client3,0.8-16,CVE-2026-24401,MEDIUM,,affected,https://avd.aquasec.com/nvd/cve-2026-24401,0.8-18ubuntu1.1,,VENDOR_NOT_AFFECTED_EXACT_VERSION,not_affected,https://raw.githubusercontent.com/canonical/ubuntu-security-notices/a3f40224dd201a816b4725891b70d22f7809225f/vex/cve/2026/CVE-2026-24401.json,pkg:deb/ubuntu/avahi@0.8-18ubuntu1.1?arch=source&distro=resolute,"This package (for the given release), while related to the CVE in some way, is not affected by the issue. CVE Notes / justification: ",VENDOR_NOT_AFFECTED_EXACT_VERSION,VENDOR_NOT_AFFECTED_EXACT_VERSION
sha256:4662cac700d64379a481f34fc0783e70b52eaa25bdef4d93b22e49b406da67c1 (debian 13.7),debian,avahi,libavahi-client3,0.8-16,CVE-2026-34933,MEDIUM,,affected,https://avd.aquasec.com/nvd/cve-2026-34933,0.8-18ubuntu1.1,,VENDOR_FIXED_VERSION_CONFIRMED,fixed,https://raw.githubusercontent.com/canonical/ubuntu-security-notices/a3f40224dd201a816b4725891b70d22f7809225f/vex/cve/2026/CVE-2026-34933.json,pkg:deb/ubuntu/avahi@0.8-18ubuntu1.1?arch=source&distro=resolute,"This package (for the given release) was vulnerable, but an update has been uploaded and published.",VENDOR_FIXED_VERSION_CONFIRMED,VENDOR_FIXED_VERSION_CONFIRMED
sha256:4662cac700d64379a481f34fc0783e70b52eaa25bdef4d93b22e49b406da67c1 (debian 13.7),debian,avahi,libavahi-common-data,0.8-16,CVE-2024-52615,MEDIUM,,affected,https://avd.aquasec.com/nvd/cve-2024-52615,0.8-18ubuntu1.1,,VENDOR_NOT_AFFECTED_EXACT_VERSION,not_affected,https://raw.githubusercontent.com/canonical/ubuntu-security-notices/a3f40224dd201a816b4725891b70d22f7809225f/vex/cve/2024/CVE-2024-52615.json,pkg:deb/ubuntu/avahi@0.8-18ubuntu1.1?arch=source&distro=resolute,"This package (for the given release), while related to the CVE in some way, is not affected by the issue. CVE Notes / justification: Avahi upstream hasn't fixed this issue, but they now disable wide-area by default: https://github.com/avahi/avahi/pull/577 Another bug exists to track improving wide-area: https://github.com/avahi/avahi/issues/578  There is now a commit to fix this issue, but it introduces a regression, see bug 810, which is unfixed as of 2026-09-18 wide-area is disabled by default in 0.8-17",VENDOR_NOT_AFFECTED_EXACT_VERSION,VENDOR_NOT_AFFECTED_EXACT_VERSION
sha256:4662cac700d64379a481f34fc0783e70b52eaa25bdef4d93b22e49b406da67c1 (debian 13.7),debian,avahi,libavahi-common-data,0.8-16,CVE-2024-52616,MEDIUM,,affected,https://avd.aquasec.com/nvd/cve-2024-52616,0.8-18ubuntu1.1,,VENDOR_NOT_AFFECTED_EXACT_VERSION,not_affected,https://raw.githubusercontent.com/canonical/ubuntu-security-notices/a3f40224dd201a816b4725891b70d22f7809225f/vex/cve/2024/CVE-2024-52616.json,pkg:deb/ubuntu/avahi@0.8-18ubuntu1.1?arch=source&distro=resolute,"This package (for the given release), while related to the CVE in some way, is not affected by the issue. CVE Notes / justification: Upstream has disabled wide-area by default: https://github.com/avahi/avahi/pull/577 Another bug exists to track improving wide-area: https://github.com/avahi/avahi/issues/578 wide-are is disabled by default in 0.8-17",VENDOR_NOT_AFFECTED_EXACT_VERSION,VENDOR_NOT_AFFECTED_EXACT_VERSION
sha256:4662cac700d64379a481f34fc0783e70b52eaa25bdef4d93b22e49b406da67c1 (debian 13.7),debian,avahi,libavahi-common-data,0.8-16,CVE-2025-59529,MEDIUM,,fix_deferred,https://avd.aquasec.com/nvd/cve-2025-59529,0.8-18ubuntu1.1,MEDIUM,OPEN_UNDER_INVESTIGATION,under_investigation,https://raw.githubusercontent.com/canonical/ubuntu-security-notices/a3f40224dd201a816b4725891b70d22f7809225f/vex/cve/2025/CVE-2025-59529.json,pkg:deb/ubuntu/avahi@0.8-18ubuntu1.1?arch=source&distro=resolute,"This package (for the given release) is vulnerable to the CVE, the problem is understood, but it is currently deferred. CVE Notes / justification: as of 2026-09-18, the fix for this issue is still being discussed by avahi developers",OPEN_UNDER_INVESTIGATION,OPEN_UNDER_INVESTIGATION
sha256:4662cac700d64379a481f34fc0783e70b52eaa25bdef4d93b22e49b406da67c1 (debian 13.7),debian,avahi,libavahi-common-data,0.8-16,CVE-2025-68276,MEDIUM,,affected,https://avd.aquasec.com/nvd/cve-2025-68276,0.8-18ubuntu1.1,,OPEN_MISSING_VENDOR_EVIDENCE,,https://raw.githubusercontent.com/canonical/ubuntu-security-notices/a3f40224dd201a816b4725891b70d22f7809225f/vex/cve/2025/CVE-2025-68276.json,,No applicable vendor statement; missing matches are not fixes.,OPEN_MISSING_VENDOR_EVIDENCE,OPEN_MISSING_VENDOR_EVIDENCE
sha256:4662cac700d64379a481f34fc0783e70b52eaa25bdef4d93b22e49b406da67c1 (debian 13.7),debian,avahi,libavahi-common-data,0.8-16,CVE-2025-68468,MEDIUM,,affected,https://avd.aquasec.com/nvd/cve-2025-68468,0.8-18ubuntu1.1,,OPEN_MISSING_VENDOR_EVIDENCE,,https://raw.githubusercontent.com/canonical/ubuntu-security-notices/a3f40224dd201a816b4725891b70d22f7809225f/vex/cve/2025/CVE-2025-68468.json,,No applicable vendor statement; missing matches are not fixes.,OPEN_MISSING_VENDOR_EVIDENCE,OPEN_MISSING_VENDOR_EVIDENCE
sha256:4662cac700d64379a481f34fc0783e70b52eaa25bdef4d93b22e49b406da67c1 (debian 13.7),debian,avahi,libavahi-common-data,0.8-16,CVE-2025-68471,MEDIUM,,affected,https://avd.aquasec.com/nvd/cve-2025-68471,0.8-18ubuntu1.1,,OPEN_MISSING_VENDOR_EVIDENCE,,https://raw.githubusercontent.com/canonical/ubuntu-security-notices/a3f40224dd201a816b4725891b70d22f7809225f/vex/cve/2025/CVE-2025-68471.json,,No applicable vendor statement; missing matches are not fixes.,OPEN_MISSING_VENDOR_EVIDENCE,OPEN_MISSING_VENDOR_EVIDENCE
sha256:4662cac700d64379a481f34fc0783e70b52eaa25bdef4d93b22e49b406da67c1 (debian 13.7),debian,avahi,libavahi-common-data,0.8-16,CVE-2026-24401,MEDIUM,,affected,https://avd.aquasec.com/nvd/cve-2026-24401,0.8-18ubuntu1.1,,VENDOR_NOT_AFFECTED_EXACT_VERSION,not_affected,https://raw.githubusercontent.com/canonical/ubuntu-security-notices/a3f40224dd201a816b4725891b70d22f7809225f/vex/cve/2026/CVE-2026-24401.json,pkg:deb/ubuntu/avahi@0.8-18ubuntu1.1?arch=source&distro=resolute,"This package (for the given release), while related to the CVE in some way, is not affected by the issue. CVE Notes / justification: ",VENDOR_NOT_AFFECTED_EXACT_VERSION,VENDOR_NOT_AFFECTED_EXACT_VERSION
sha256:4662cac700d64379a481f34fc0783e70b52eaa25bdef4d93b22e49b406da67c1 (debian 13.7),debian,avahi,libavahi-common-data,0.8-16,CVE-2026-34933,MEDIUM,,affected,https://avd.aquasec.com/nvd/cve-2026-34933,0.8-18ubuntu1.1,,VENDOR_FIXED_VERSION_CONFIRMED,fixed,https://raw.githubusercontent.com/canonical/ubuntu-security-notices/a3f40224dd201a816b4725891b70d22f7809225f/vex/cve/2026/CVE-2026-34933.json,pkg:deb/ubuntu/avahi@0.8-18ubuntu1.1?arch=source&distro=resolute,"This package (for the given release) was vulnerable, but an update has been uploaded and published.",VENDOR_FIXED_VERSION_CONFIRMED,VENDOR_FIXED_VERSION_CONFIRMED
sha256:4662cac700d64379a481f34fc0783e70b52eaa25bdef4d93b22e49b406da67c1 (debian 13.7),debian,avahi,libavahi-common3,0.8-16,CVE-2024-52615,MEDIUM,,affected,https://avd.aquasec.com/nvd/cve-2024-52615,0.8-18ubuntu1.1,,VENDOR_NOT_AFFECTED_EXACT_VERSION,not_affected,https://raw.githubusercontent.com/canonical/ubuntu-security-notices/a3f40224dd201a816b4725891b70d22f7809225f/vex/cve/2024/CVE-2024-52615.json,pkg:deb/ubuntu/avahi@0.8-18ubuntu1.1?arch=source&distro=resolute,"This package (for the given release), while related to the CVE in some way, is not affected by the issue. CVE Notes / justification: Avahi upstream hasn't fixed this issue, but they now disable wide-area by default: https://github.com/avahi/avahi/pull/577 Another bug exists to track improving wide-area: https://github.com/avahi/avahi/issues/578  There is now a commit to fix this issue, but it introduces a regression, see bug 810, which is unfixed as of 2026-09-18 wide-area is disabled by default in 0.8-17",VENDOR_NOT_AFFECTED_EXACT_VERSION,VENDOR_NOT_AFFECTED_EXACT_VERSION
sha256:4662cac700d64379a481f34fc0783e70b52eaa25bdef4d93b22e49b406da67c1 (debian 13.7),debian,avahi,libavahi-common3,0.8-16,CVE-2024-52616,MEDIUM,,affected,https://avd.aquasec.com/nvd/cve-2024-52616,0.8-18ubuntu1.1,,VENDOR_NOT_AFFECTED_EXACT_VERSION,not_affected,https://raw.githubusercontent.com/canonical/ubuntu-security-notices/a3f40224dd201a816b4725891b70d22f7809225f/vex/cve/2024/CVE-2024-52616.json,pkg:deb/ubuntu/avahi@0.8-18ubuntu1.1?arch=source&distro=resolute,"This package (for the given release), while related to the CVE in some way, is not affected by the issue. CVE Notes / justification: Upstream has disabled wide-area by default: https://github.com/avahi/avahi/pull/577 Another bug exists to track improving wide-area: https://github.com/avahi/avahi/issues/578 wide-are is disabled by default in 0.8-17",VENDOR_NOT_AFFECTED_EXACT_VERSION,VENDOR_NOT_AFFECTED_EXACT_VERSION
sha256:4662cac700d64379a481f34fc0783e70b52eaa25bdef4d93b22e49b406da67c1 (debian 13.7),debian,avahi,libavahi-common3,0.8-16,CVE-2025-59529,MEDIUM,,fix_deferred,https://avd.aquasec.com/nvd/cve-2025-59529,0.8-18ubuntu1.1,MEDIUM,OPEN_UNDER_INVESTIGATION,under_investigation,https://raw.githubusercontent.com/canonical/ubuntu-security-notices/a3f40224dd201a816b4725891b70d22f7809225f/vex/cve/2025/CVE-2025-59529.json,pkg:deb/ubuntu/avahi@0.8-18ubuntu1.1?arch=source&distro=resolute,"This package (for the given release) is vulnerable to the CVE, the problem is understood, but it is currently deferred. CVE Notes / justification: as of 2026-09-18, the fix for this issue is still being discussed by avahi developers",OPEN_UNDER_INVESTIGATION,OPEN_UNDER_INVESTIGATION
sha256:4662cac700d64379a481f34fc0783e70b52eaa25bdef4d93b22e49b406da67c1 (debian 13.7),debian,avahi,libavahi-common3,0.8-16,CVE-2025-68276,MEDIUM,,affected,https://avd.aquasec.com/nvd/cve-2025-68276,0.8-18ubuntu1.1,,OPEN_MISSING_VENDOR_EVIDENCE,,https://raw.githubusercontent.com/canonical/ubuntu-security-notices/a3f40224dd201a816b4725891b70d22f7809225f/vex/cve/2025/CVE-2025-68276.json,,No applicable vendor statement; missing matches are not fixes.,OPEN_MISSING_VENDOR_EVIDENCE,OPEN_MISSING_VENDOR_EVIDENCE
sha256:4662cac700d64379a481f34fc0783e70b52eaa25bdef4d93b22e49b406da67c1 (debian 13.7),debian,avahi,libavahi-common3,0.8-16,CVE-2025-68468,MEDIUM,,affected,https://avd.aquasec.com/nvd/cve-2025-68468,0.8-18ubuntu1.1,,OPEN_MISSING_VENDOR_EVIDENCE,,https://raw.githubusercontent.com/canonical/ubuntu-security-notices/a3f40224dd201a816b4725891b70d22f7809225f/vex/cve/2025/CVE-2025-68468.json,,No applicable vendor statement; missing matches are not fixes.,OPEN_MISSING_VENDOR_EVIDENCE,OPEN_MISSING_VENDOR_EVIDENCE
sha256:4662cac700d64379a481f34fc0783e70b52eaa25bdef4d93b22e49b406da67c1 (debian 13.7),debian,avahi,libavahi-common3,0.8-16,CVE-2025-68471,MEDIUM,,affected,https://avd.aquasec.com/nvd/cve-2025-68471,0.8-18ubuntu1.1,,OPEN_MISSING_VENDOR_EVIDENCE,,https://raw.githubusercontent.com/canonical/ubuntu-security-notices/a3f40224dd201a816b4725891b70d22f7809225f/vex/cve/2025/CVE-2025-68471.json,,No applicable vendor statement; missing matches are not fixes.,OPEN_MISSING_VENDOR_EVIDENCE,OPEN_MISSING_VENDOR_EVIDENCE
sha256:4662cac700d64379a481f34fc0783e70b52eaa25bdef4d93b22e49b406da67c1 (debian 13.7),debian,avahi,libavahi-common3,0.8-16,CVE-2026-24401,MEDIUM,,affected,https://avd.aquasec.com/nvd/cve-2026-24401,0.8-18ubuntu1.1,,VENDOR_NOT_AFFECTED_EXACT_VERSION,not_affected,https://raw.githubusercontent.com/canonical/ubuntu-security-notices/a3f40224dd201a816b4725891b70d22f7809225f/vex/cve/2026/CVE-2026-24401.json,pkg:deb/ubuntu/avahi@0.8-18ubuntu1.1?arch=source&distro=resolute,"This package (for the given release), while related to the CVE in some way, is not affected by the issue. CVE Notes / justification: ",VENDOR_NOT_AFFECTED_EXACT_VERSION,VENDOR_NOT_AFFECTED_EXACT_VERSION
sha256:4662cac700d64379a481f34fc0783e70b52eaa25bdef4d93b22e49b406da67c1 (debian 13.7),debian,avahi,libavahi-common3,0.8-16,CVE-2026-34933,MEDIUM,,affected,https://avd.aquasec.com/nvd/cve-2026-34933,0.8-18ubuntu1.1,,VENDOR_FIXED_VERSION_CONFIRMED,fixed,https://raw.githubusercontent.com/canonical/ubuntu-security-notices/a3f40224dd201a816b4725891b70d22f7809225f/vex/cve/2026/CVE-2026-34933.json,pkg:deb/ubuntu/avahi@0.8-18ubuntu1.1?arch=source&distro=resolute,"This package (for the given release) was vulnerable, but an update has been uploaded and published.",VENDOR_FIXED_VERSION_CONFIRMED,VENDOR_FIXED_VERSION_CONFIRMED
sha256:4662cac700d64379a481f34fc0783e70b52eaa25bdef4d93b22e49b406da67c1 (debian 13.7),debian,ffmpeg,libavcodec61,7:7.1.5-0+deb13u1,CVE-2026-58049,HIGH,,fix_deferred,https://avd.aquasec.com/nvd/cve-2026-58049,,,UPSTREAM_FIXED_VERSION_VERIFIED,,https://security-tracker.debian.org/tracker/CVE-2026-58049,,"Reviewed upstream release threshold 7:9.0.2-1; runtime version and source hash verified. See preserved tracker feed, SHA256 d059b671f7cbb86a0341f779543f41813d93412e26c745d2c2473c49f89a81ac.",OPEN_MISSING_VENDOR_EVIDENCE,UPSTREAM_FIXED_VERSION_VERIFIED
sha256:4662cac700d64379a481f34fc0783e70b52eaa25bdef4d93b22e49b406da67c1 (debian 13.7),debian,ffmpeg,libavcodec61,7:7.1.5-0+deb13u1,CVE-2026-64830,HIGH,,fix_deferred,https://avd.aquasec.com/nvd/cve-2026-64830,,,UPSTREAM_FIXED_VERSION_VERIFIED,,https://security-tracker.debian.org/tracker/CVE-2026-64830,,"Reviewed upstream release threshold 7:9.0.2-1; runtime version and source hash verified. See preserved tracker feed, SHA256 d059b671f7cbb86a0341f779543f41813d93412e26c745d2c2473c49f89a81ac.",OPEN_MISSING_VENDOR_EVIDENCE,UPSTREAM_FIXED_VERSION_VERIFIED
sha256:4662cac700d64379a481f34fc0783e70b52eaa25bdef4d93b22e49b406da67c1 (debian 13.7),debian,ffmpeg,libavcodec61,7:7.1.5-0+deb13u1,CVE-2026-64832,HIGH,,fix_deferred,https://avd.aquasec.com/nvd/cve-2026-64832,,,UPSTREAM_FIXED_VERSION_VERIFIED,,https://security-tracker.debian.org/tracker/CVE-2026-64832,,"Reviewed upstream release threshold 7:9.0.2-1; runtime version and source hash verified. See preserved tracker feed, SHA256 d059b671f7cbb86a0341f779543f41813d93412e26c745d2c2473c49f89a81ac.",OPEN_MISSING_VENDOR_EVIDENCE,UPSTREAM_FIXED_VERSION_VERIFIED
sha256:4662cac700d64379a481f34fc0783e70b52eaa25bdef4d93b22e49b406da67c1 (debian 13.7),debian,ffmpeg,libavcodec61,7:7.1.5-0+deb13u1,CVE-2026-64833,HIGH,,fix_deferred,https://avd.aquasec.com/nvd/cve-2026-64833,,,UPSTREAM_FIXED_VERSION_VERIFIED,,https://security-tracker.debian.org/tracker/CVE-2026-64833,,"Reviewed upstream release threshold 7:9.0.2-1; runtime version and source hash verified. See preserved tracker feed, SHA256 d059b671f7cbb86a0341f779543f41813d93412e26c745d2c2473c49f89a81ac.",OPEN_MISSING_VENDOR_EVIDENCE,UPSTREAM_FIXED_VERSION_VERIFIED
sha256:4662cac700d64379a481f34fc0783e70b52eaa25bdef4d93b22e49b406da67c1 (debian 13.7),debian,ffmpeg,libavcodec61,7:7.1.5-0+deb13u1,CVE-2026-64834,HIGH,,fix_deferred,https://avd.aquasec.com/nvd/cve-2026-64834,,,UPSTREAM_FIXED_VERSION_VERIFIED,,https://security-tracker.debian.org/tracker/CVE-2026-64834,,"Reviewed upstream release threshold 7:9.0.2-1; runtime version and source hash verified. See preserved tracker feed, SHA256 d059b671f7cbb86a0341f779543f41813d93412e26c745d2c2473c49f89a81ac.",OPEN_MISSING_VENDOR_EVIDENCE,UPSTREAM_FIXED_VERSION_VERIFIED
sha256:4662cac700d64379a481f34fc0783e70b52eaa25bdef4d93b22e49b406da67c1 (debian 13.7),debian,ffmpeg,libavcodec61,7:7.1.5-0+deb13u1,CVE-2026-64835,HIGH,,fix_deferred,https://avd.aquasec.com/nvd/cve-2026-64835,,,UPSTREAM_FIXED_VERSION_VERIFIED,,https://security-tracker.debian.org/tracker/CVE-2026-64835,,"Reviewed upstream release threshold 7:9.0.2-1; runtime version and source hash verified. See preserved tracker feed, SHA256 d059b671f7cbb86a0341f779543f41813d93412e26c745d2c2473c49f89a81ac.",OPEN_MISSING_VENDOR_EVIDENCE,UPSTREAM_FIXED_VERSION_VERIFIED
sha256:4662cac700d64379a481f34fc0783e70b52eaa25bdef4d93b22e49b406da67c1 (debian 13.7),debian,ffmpeg,libavcodec61,7:7.1.5-0+deb13u1,CVE-2026-66036,HIGH,,fix_deferred,https://avd.aquasec.com/nvd/cve-2026-66036,,,UPSTREAM_FIXED_VERSION_VERIFIED,,https://security-tracker.debian.org/tracker/CVE-2026-66036,,"Reviewed upstream release threshold 7:9.0.2-1; runtime version and source hash verified. See preserved tracker feed, SHA256 d059b671f7cbb86a0341f779543f41813d93412e26c745d2c2473c49f89a81ac.",OPEN_MISSING_VENDOR_EVIDENCE,UPSTREAM_FIXED_VERSION_VERIFIED
sha256:4662cac700d64379a481f34fc0783e70b52eaa25bdef4d93b22e49b406da67c1 (debian 13.7),debian,ffmpeg,libavcodec61,7:7.1.5-0+deb13u1,CVE-2026-66039,HIGH,,fix_deferred,https://avd.aquasec.com/nvd/cve-2026-66039,,,UPSTREAM_FIXED_VERSION_VERIFIED,,https://security-tracker.debian.org/tracker/CVE-2026-66039,,"Reviewed upstream release threshold 7:9.0.2-1; runtime version and source hash verified. See preserved tracker feed, SHA256 d059b671f7cbb86a0341f779543f41813d93412e26c745d2c2473c49f89a81ac.",OPEN_MISSING_VENDOR_EVIDENCE,UPSTREAM_FIXED_VERSION_VERIFIED
sha256:4662cac700d64379a481f34fc0783e70b52eaa25bdef4d93b22e49b406da67c1 (debian 13.7),debian,ffmpeg,libavcodec61,7:7.1.5-0+deb13u1,CVE-2026-66040,HIGH,,fix_deferred,https://avd.aquasec.com/nvd/cve-2026-66040,,,UPSTREAM_FIXED_VERSION_VERIFIED,,https://security-tracker.debian.org/tracker/CVE-2026-66040,,"Reviewed upstream release threshold 7:9.0.2-1; runtime version and source hash verified. See preserved tracker feed, SHA256 d059b671f7cbb86a0341f779543f41813d93412e26c745d2c2473c49f89a81ac.",OPEN_MISSING_VENDOR_EVIDENCE,UPSTREAM_FIXED_VERSION_VERIFIED
sha256:4662cac700d64379a481f34fc0783e70b52eaa25bdef4d93b22e49b406da67c1 (debian 13.7),debian,ffmpeg,libavcodec61,7:7.1.5-0+deb13u1,CVE-2026-66041,HIGH,,fix_deferred,https://avd.aquasec.com/nvd/cve-2026-66041,,,UPSTREAM_FIXED_VERSION_VERIFIED,,https://security-tracker.debian.org/tracker/CVE-2026-66041,,"Reviewed upstream release threshold 7:9.0.2-1; runtime version and source hash verified. See preserved tracker feed, SHA256 d059b671f7cbb86a0341f779543f41813d93412e26c745d2c2473c49f89a81ac.",OPEN_MISSING_VENDOR_EVIDENCE,UPSTREAM_FIXED_VERSION_VERIFIED
sha256:4662cac700d64379a481f34fc0783e70b52eaa25bdef4d93b22e49b406da67c1 (debian 13.7),debian,ffmpeg,libavcodec61,7:7.1.5-0+deb13u1,CVE-2026-70628,HIGH,,fix_deferred,https://avd.aquasec.com/nvd/cve-2026-70628,,,UPSTREAM_FIXED_VERSION_VERIFIED,,https://security-tracker.debian.org/tracker/CVE-2026-70628,,"Reviewed upstream release threshold 7:9.0.2-1; runtime version and source hash verified. See preserved tracker feed, SHA256 d059b671f7cbb86a0341f779543f41813d93412e26c745d2c2473c49f89a81ac.",OPEN_MISSING_VENDOR_EVIDENCE,UPSTREAM_FIXED_VERSION_VERIFIED
sha256:4662cac700d64379a481f34fc0783e70b52eaa25bdef4d93b22e49b406da67c1 (debian 13.7),debian,ffmpeg,libavcodec61,7:7.1.5-0+deb13u1,CVE-2026-70632,HIGH,,fix_deferred,https://avd.aquasec.com/nvd/cve-2026-70632,,,UPSTREAM_FIXED_VERSION_VERIFIED,,https://security-tracker.debian.org/tracker/CVE-2026-70632,,"Reviewed upstream release threshold 7:9.0.2-1; runtime version and source hash verified. See preserved tracker feed, SHA256 d059b671f7cbb86a0341f779543f41813d93412e26c745d2c2473c49f89a81ac.",OPEN_MISSING_VENDOR_EVIDENCE,UPSTREAM_FIXED_VERSION_VERIFIED
sha256:4662cac700d64379a481f34fc0783e70b52eaa25bdef4d93b22e49b406da67c1 (debian 13.7),debian,ffmpeg,libavcodec61,7:7.1.5-0+deb13u1,CVE-2026-75142,HIGH,,fix_deferred,https://avd.aquasec.com/nvd/cve-2026-75142,,,UPSTREAM_FIXED_VERSION_VERIFIED,,https://security-tracker.debian.org/tracker/CVE-2026-75142,,"Reviewed upstream release threshold 7:9.0.2-1; runtime version and source hash verified. See preserved tracker feed, SHA256 d059b671f7cbb86a0341f779543f41813d93412e26c745d2c2473c49f89a81ac.",OPEN_MISSING_VENDOR_EVIDENCE,UPSTREAM_FIXED_VERSION_VERIFIED
sha256:4662cac700d64379a481f34fc0783e70b52eaa25bdef4d93b22e49b406da67c1 (debian 13.7),debian,ffmpeg,libavcodec61,7:7.1.5-0+deb13u1,CVE-2026-75143,HIGH,,fix_deferred,https://avd.aquasec.com/nvd/cve-2026-75143,,,UPSTREAM_FIXED_VERSION_VERIFIED,,https://security-tracker.debian.org/tracker/CVE-2026-75143,,"Reviewed upstream release threshold 7:9.0.2-1; runtime version and source hash verified. See preserved tracker feed, SHA256 d059b671f7cbb86a0341f779543f41813d93412e26c745d2c2473c49f89a81ac.",OPEN_MISSING_VENDOR_EVIDENCE,UPSTREAM_FIXED_VERSION_VERIFIED
sha256:4662cac700d64379a481f34fc0783e70b52eaa25bdef4d93b22e49b406da67c1 (debian 13.7),debian,ffmpeg,libavcodec61,7:7.1.5-0+deb13u1,CVE-2026-75144,HIGH,,fix_deferred,https://avd.aquasec.com/nvd/cve-2026-75144,,,UPSTREAM_FIXED_VERSION_VERIFIED,,https://security-tracker.debian.org/tracker/CVE-2026-75144,,"Reviewed upstream release threshold 7:9.0.2-1; runtime version and source hash verified. See preserved tracker feed, SHA256 d059b671f7cbb86a0341f779543f41813d93412e26c745d2c2473c49f89a81ac.",OPEN_MISSING_VENDOR_EVIDENCE,UPSTREAM_FIXED_VERSION_VERIFIED
sha256:4662cac700d64379a481f34fc0783e70b52eaa25bdef4d93b22e49b406da67c1 (debian 13.7),debian,ffmpeg,libavcodec61,7:7.1.5-0+deb13u1,CVE-2026-75146,HIGH,,fix_deferred,https://avd.aquasec.com/nvd/cve-2026-75146,,,UPSTREAM_FIXED_VERSION_VERIFIED,,https://security-tracker.debian.org/tracker/CVE-2026-75146,,"Reviewed upstream release threshold 7:9.0.2-1; runtime version and source hash verified. See preserved tracker feed, SHA256 d059b671f7cbb86a0341f779543f41813d93412e26c745d2c2473c49f89a81ac.",OPEN_MISSING_VENDOR_EVIDENCE,UPSTREAM_FIXED_VERSION_VERIFIED
sha256:4662cac700d64379a481f34fc0783e70b52eaa25bdef4d93b22e49b406da67c1 (debian 13.7),debian,ffmpeg,libavcodec61,7:7.1.5-0+deb13u1,CVE-2026-18393,MEDIUM,,fix_deferred,https://avd.aquasec.com/nvd/cve-2026-18393,,,UPSTREAM_FIXED_VERSION_VERIFIED,,https://security-tracker.debian.org/tracker/CVE-2026-18393,,"Reviewed upstream release threshold 7:8.1.1-1; runtime version and source hash verified. See preserved tracker feed, SHA256 d059b671f7cbb86a0341f779543f41813d93412e26c745d2c2473c49f89a81ac.",OPEN_MISSING_VENDOR_EVIDENCE,UPSTREAM_FIXED_VERSION_VERIFIED
sha256:4662cac700d64379a481f34fc0783e70b52eaa25bdef4d93b22e49b406da67c1 (debian 13.7),debian,ffmpeg,libavcodec61,7:7.1.5-0+deb13u1,CVE-2026-38350,MEDIUM,,fix_deferred,https://avd.aquasec.com/nvd/cve-2026-38350,,,UPSTREAM_FIXED_VERSION_VERIFIED,,https://security-tracker.debian.org/tracker/CVE-2026-38350,,"Reviewed upstream release threshold 7:8.0.1-2; runtime version and source hash verified. See preserved tracker feed, SHA256 d059b671f7cbb86a0341f779543f41813d93412e26c745d2c2473c49f89a81ac.",OPEN_MISSING_VENDOR_EVIDENCE,UPSTREAM_FIXED_VERSION_VERIFIED
sha256:4662cac700d64379a481f34fc0783e70b52eaa25bdef4d93b22e49b406da67c1 (debian 13.7),debian,ffmpeg,libavcodec61,7:7.1.5-0+deb13u1,CVE-2026-6385,MEDIUM,,fix_deferred,https://avd.aquasec.com/nvd/cve-2026-6385,,,VULNERABLE_CODE_EXCLUDED_VERIFIED,,https://security-tracker.debian.org/tracker/CVE-2026-6385,,DVD subtitle decoder/parser and MPEG-PS demuxer disabled; installed configuration and decoder list verified. Not an upstream version fix.,OPEN_MISSING_VENDOR_EVIDENCE,VULNERABLE_CODE_EXCLUDED_VERIFIED
sha256:4662cac700d64379a481f34fc0783e70b52eaa25bdef4d93b22e49b406da67c1 (debian 13.7),debian,ffmpeg,libavcodec61,7:7.1.5-0+deb13u1,CVE-2026-65703,MEDIUM,,fix_deferred,https://avd.aquasec.com/nvd/cve-2026-65703,,,UPSTREAM_FIXED_VERSION_VERIFIED,,https://security-tracker.debian.org/tracker/CVE-2026-65703,,"Reviewed upstream release threshold 7:9.0.2-1; runtime version and source hash verified. See preserved tracker feed, SHA256 d059b671f7cbb86a0341f779543f41813d93412e26c745d2c2473c49f89a81ac.",OPEN_MISSING_VENDOR_EVIDENCE,UPSTREAM_FIXED_VERSION_VERIFIED
sha256:4662cac700d64379a481f34fc0783e70b52eaa25bdef4d93b22e49b406da67c1 (debian 13.7),debian,ffmpeg,libavcodec61,7:7.1.5-0+deb13u1,CVE-2026-65704,MEDIUM,,fix_deferred,https://avd.aquasec.com/nvd/cve-2026-65704,,,UPSTREAM_FIXED_VERSION_VERIFIED,,https://security-tracker.debian.org/tracker/CVE-2026-65704,,"Reviewed upstream release threshold 7:9.0.2-1; runtime version and source hash verified. See preserved tracker feed, SHA256 d059b671f7cbb86a0341f779543f41813d93412e26c745d2c2473c49f89a81ac.",OPEN_MISSING_VENDOR_EVIDENCE,UPSTREAM_FIXED_VERSION_VERIFIED
sha256:4662cac700d64379a481f34fc0783e70b52eaa25bdef4d93b22e49b406da67c1 (debian 13.7),debian,ffmpeg,libavcodec61,7:7.1.5-0+deb13u1,CVE-2026-65705,MEDIUM,,fix_deferred,https://avd.aquasec.com/nvd/cve-2026-65705,,,UPSTREAM_FIXED_VERSION_VERIFIED,,https://security-tracker.debian.org/tracker/CVE-2026-65705,,"Reviewed upstream release threshold 7:9.0.2-1; runtime version and source hash verified. See preserved tracker feed, SHA256 d059b671f7cbb86a0341f779543f41813d93412e26c745d2c2473c49f89a81ac.",OPEN_MISSING_VENDOR_EVIDENCE,UPSTREAM_FIXED_VERSION_VERIFIED
sha256:4662cac700d64379a481f34fc0783e70b52eaa25bdef4d93b22e49b406da67c1 (debian 13.7),debian,ffmpeg,libavcodec61,7:7.1.5-0+deb13u1,CVE-2026-65706,MEDIUM,,fix_deferred,https://avd.aquasec.com/nvd/cve-2026-65706,,,UPSTREAM_FIXED_VERSION_VERIFIED,,https://security-tracker.debian.org/tracker/CVE-2026-65706,,"Reviewed upstream release threshold 7:9.0.2-1; runtime version and source hash verified. See preserved tracker feed, SHA256 d059b671f7cbb86a0341f779543f41813d93412e26c745d2c2473c49f89a81ac.",OPEN_MISSING_VENDOR_EVIDENCE,UPSTREAM_FIXED_VERSION_VERIFIED
sha256:4662cac700d64379a481f34fc0783e70b52eaa25bdef4d93b22e49b406da67c1 (debian 13.7),debian,ffmpeg,libavcodec61,7:7.1.5-0+deb13u1,CVE-2026-66037,MEDIUM,,fix_deferred,https://avd.aquasec.com/nvd/cve-2026-66037,,,UPSTREAM_FIXED_VERSION_VERIFIED,,https://security-tracker.debian.org/tracker/CVE-2026-66037,,"Reviewed upstream release threshold 7:9.0.2-1; runtime version and source hash verified. See preserved tracker feed, SHA256 d059b671f7cbb86a0341f779543f41813d93412e26c745d2c2473c49f89a81ac.",OPEN_MISSING_VENDOR_EVIDENCE,UPSTREAM_FIXED_VERSION_VERIFIED
sha256:4662cac700d64379a481f34fc0783e70b52eaa25bdef4d93b22e49b406da67c1 (debian 13.7),debian,ffmpeg,libavcodec61,7:7.1.5-0+deb13u1,CVE-2026-66038,MEDIUM,,fix_deferred,https://avd.aquasec.com/nvd/cve-2026-66038,,,UPSTREAM_FIXED_VERSION_VERIFIED,,https://security-tracker.debian.org/tracker/CVE-2026-66038,,"Reviewed upstream release threshold 7:9.0.2-1; runtime version and source hash verified. See preserved tracker feed, SHA256 d059b671f7cbb86a0341f779543f41813d93412e26c745d2c2473c49f89a81ac.",OPEN_MISSING_VENDOR_EVIDENCE,UPSTREAM_FIXED_VERSION_VERIFIED
sha256:4662cac700d64379a481f34fc0783e70b52eaa25bdef4d93b22e49b406da67c1 (debian 13.7),debian,ffmpeg,libavcodec61,7:7.1.5-0+deb13u1,CVE-2026-70629,MEDIUM,,fix_deferred,https://avd.aquasec.com/nvd/cve-2026-70629,,,UPSTREAM_FIXED_VERSION_VERIFIED,,https://security-tracker.debian.org/tracker/CVE-2026-70629,,"Reviewed upstream release threshold 7:9.0.2-1; runtime version and source hash verified. See preserved tracker feed, SHA256 d059b671f7cbb86a0341f779543f41813d93412e26c745d2c2473c49f89a81ac.",OPEN_MISSING_VENDOR_EVIDENCE,UPSTREAM_FIXED_VERSION_VERIFIED
sha256:4662cac700d64379a481f34fc0783e70b52eaa25bdef4d93b22e49b406da67c1 (debian 13.7),debian,ffmpeg,libavcodec61,7:7.1.5-0+deb13u1,CVE-2026-70630,MEDIUM,,fix_deferred,https://avd.aquasec.com/nvd/cve-2026-70630,,,UPSTREAM_FIXED_VERSION_VERIFIED,,https://security-tracker.debian.org/tracker/CVE-2026-70630,,"Reviewed upstream release threshold 7:9.0.2-1; runtime version and source hash verified. See preserved tracker feed, SHA256 d059b671f7cbb86a0341f779543f41813d93412e26c745d2c2473c49f89a81ac.",OPEN_MISSING_VENDOR_EVIDENCE,UPSTREAM_FIXED_VERSION_VERIFIED
sha256:4662cac700d64379a481f34fc0783e70b52eaa25bdef4d93b22e49b406da67c1 (debian 13.7),debian,ffmpeg,libavcodec61,7:7.1.5-0+deb13u1,CVE-2026-70631,MEDIUM,,fix_deferred,https://avd.aquasec.com/nvd/cve-2026-70631,,,UPSTREAM_FIXED_VERSION_VERIFIED,,https://security-tracker.debian.org/tracker/CVE-2026-70631,,"Reviewed upstream release threshold 7:9.0.2-1; runtime version and source hash verified. See preserved tracker feed, SHA256 d059b671f7cbb86a0341f779543f41813d93412e26c745d2c2473c49f89a81ac.",OPEN_MISSING_VENDOR_EVIDENCE,UPSTREAM_FIXED_VERSION_VERIFIED
sha256:4662cac700d64379a481f34fc0783e70b52eaa25bdef4d93b22e49b406da67c1 (debian 13.7),debian,ffmpeg,libavcodec61,7:7.1.5-0+deb13u1,CVE-2026-75141,MEDIUM,,fix_deferred,https://avd.aquasec.com/nvd/cve-2026-75141,,,UPSTREAM_FIXED_VERSION_VERIFIED,,https://security-tracker.debian.org/tracker/CVE-2026-75141,,"Reviewed upstream release threshold 7:9.0.2-1; runtime version and source hash verified. See preserved tracker feed, SHA256 d059b671f7cbb86a0341f779543f41813d93412e26c745d2c2473c49f89a81ac.",OPEN_MISSING_VENDOR_EVIDENCE,UPSTREAM_FIXED_VERSION_VERIFIED
sha256:4662cac700d64379a481f34fc0783e70b52eaa25bdef4d93b22e49b406da67c1 (debian 13.7),debian,ffmpeg,libavcodec61,7:7.1.5-0+deb13u1,CVE-2026-90816,MEDIUM,,will_not_fix,https://avd.aquasec.com/nvd/cve-2026-90816,,,UPSTREAM_FIXED_VERSION_VERIFIED,,https://security-tracker.debian.org/tracker/CVE-2026-90816,,"Reviewed upstream release threshold 7:8.1-1; runtime version and source hash verified. See preserved tracker feed, SHA256 d059b671f7cbb86a0341f779543f41813d93412e26c745d2c2473c49f89a81ac.",OPEN_MISSING_VENDOR_EVIDENCE,UPSTREAM_FIXED_VERSION_VERIFIED
sha256:4662cac700d64379a481f34fc0783e70b52eaa25bdef4d93b22e49b406da67c1 (debian 13.7),debian,ffmpeg,libavcodec61,7:7.1.5-0+deb13u1,CVE-2026-30999,LOW,,affected,https://avd.aquasec.com/nvd/cve-2026-30999,,,UPSTREAM_FIXED_VERSION_VERIFIED,,https://security-tracker.debian.org/tracker/CVE-2026-30999,,"Reviewed upstream release threshold 7:8.1.2-1; runtime version and source hash verified. See preserved tracker feed, SHA256 d059b671f7cbb86a0341f779543f41813d93412e26c745d2c2473c49f89a81ac.",OPEN_MISSING_VENDOR_EVIDENCE,UPSTREAM_FIXED_VERSION_VERIFIED
sha256:4662cac700d64379a481f34fc0783e70b52eaa25bdef4d93b22e49b406da67c1 (debian 13.7),debian,ffmpeg,libavdevice61,7:7.1.5-0+deb13u1,CVE-2026-58049,HIGH,,fix_deferred,https://avd.aquasec.com/nvd/cve-2026-58049,,,UPSTREAM_FIXED_VERSION_VERIFIED,,https://security-tracker.debian.org/tracker/CVE-2026-58049,,"Reviewed upstream release threshold 7:9.0.2-1; runtime version and source hash verified. See preserved tracker feed, SHA256 d059b671f7cbb86a0341f779543f41813d93412e26c745d2c2473c49f89a81ac.",OPEN_MISSING_VENDOR_EVIDENCE,UPSTREAM_FIXED_VERSION_VERIFIED
sha256:4662cac700d64379a481f34fc0783e70b52eaa25bdef4d93b22e49b406da67c1 (debian 13.7),debian,ffmpeg,libavdevice61,7:7.1.5-0+deb13u1,CVE-2026-64830,HIGH,,fix_deferred,https://avd.aquasec.com/nvd/cve-2026-64830,,,UPSTREAM_FIXED_VERSION_VERIFIED,,https://security-tracker.debian.org/tracker/CVE-2026-64830,,"Reviewed upstream release threshold 7:9.0.2-1; runtime version and source hash verified. See preserved tracker feed, SHA256 d059b671f7cbb86a0341f779543f41813d93412e26c745d2c2473c49f89a81ac.",OPEN_MISSING_VENDOR_EVIDENCE,UPSTREAM_FIXED_VERSION_VERIFIED
sha256:4662cac700d64379a481f34fc0783e70b52eaa25bdef4d93b22e49b406da67c1 (debian 13.7),debian,ffmpeg,libavdevice61,7:7.1.5-0+deb13u1,CVE-2026-64832,HIGH,,fix_deferred,https://avd.aquasec.com/nvd/cve-2026-64832,,,UPSTREAM_FIXED_VERSION_VERIFIED,,https://security-tracker.debian.org/tracker/CVE-2026-64832,,"Reviewed upstream release threshold 7:9.0.2-1; runtime version and source hash verified. See preserved tracker feed, SHA256 d059b671f7cbb86a0341f779543f41813d93412e26c745d2c2473c49f89a81ac.",OPEN_MISSING_VENDOR_EVIDENCE,UPSTREAM_FIXED_VERSION_VERIFIED
sha256:4662cac700d64379a481f34fc0783e70b52eaa25bdef4d93b22e49b406da67c1 (debian 13.7),debian,ffmpeg,libavdevice61,7:7.1.5-0+deb13u1,CVE-2026-64833,HIGH,,fix_deferred,https://avd.aquasec.com/nvd/cve-2026-64833,,,UPSTREAM_FIXED_VERSION_VERIFIED,,https://security-tracker.debian.org/tracker/CVE-2026-64833,,"Reviewed upstream release threshold 7:9.0.2-1; runtime version and source hash verified. See preserved tracker feed, SHA256 d059b671f7cbb86a0341f779543f41813d93412e26c745d2c2473c49f89a81ac.",OPEN_MISSING_VENDOR_EVIDENCE,UPSTREAM_FIXED_VERSION_VERIFIED
sha256:4662cac700d64379a481f34fc0783e70b52eaa25bdef4d93b22e49b406da67c1 (debian 13.7),debian,ffmpeg,libavdevice61,7:7.1.5-0+deb13u1,CVE-2026-64834,HIGH,,fix_deferred,https://avd.aquasec.com/nvd/cve-2026-64834,,,UPSTREAM_FIXED_VERSION_VERIFIED,,https://security-tracker.debian.org/tracker/CVE-2026-64834,,"Reviewed upstream release threshold 7:9.0.2-1; runtime version and source hash verified. See preserved tracker feed, SHA256 d059b671f7cbb86a0341f779543f41813d93412e26c745d2c2473c49f89a81ac.",OPEN_MISSING_VENDOR_EVIDENCE,UPSTREAM_FIXED_VERSION_VERIFIED
sha256:4662cac700d64379a481f34fc0783e70b52eaa25bdef4d93b22e49b406da67c1 (debian 13.7),debian,ffmpeg,libavdevice61,7:7.1.5-0+deb13u1,CVE-2026-64835,HIGH,,fix_deferred,https://avd.aquasec.com/nvd/cve-2026-64835,,,UPSTREAM_FIXED_VERSION_VERIFIED,,https://security-tracker.debian.org/tracker/CVE-2026-64835,,"Reviewed upstream release threshold 7:9.0.2-1; runtime version and source hash verified. See preserved tracker feed, SHA256 d059b671f7cbb86a0341f779543f41813d93412e26c745d2c2473c49f89a81ac.",OPEN_MISSING_VENDOR_EVIDENCE,UPSTREAM_FIXED_VERSION_VERIFIED
sha256:4662cac700d64379a481f34fc0783e70b52eaa25bdef4d93b22e49b406da67c1 (debian 13.7),debian,ffmpeg,libavdevice61,7:7.1.5-0+deb13u1,CVE-2026-66036,HIGH,,fix_deferred,https://avd.aquasec.com/nvd/cve-2026-66036,,,UPSTREAM_FIXED_VERSION_VERIFIED,,https://security-tracker.debian.org/tracker/CVE-2026-66036,,"Reviewed upstream release threshold 7:9.0.2-1; runtime version and source hash verified. See preserved tracker feed, SHA256 d059b671f7cbb86a0341f779543f41813d93412e26c745d2c2473c49f89a81ac.",OPEN_MISSING_VENDOR_EVIDENCE,UPSTREAM_FIXED_VERSION_VERIFIED
sha256:4662cac700d64379a481f34fc0783e70b52eaa25bdef4d93b22e49b406da67c1 (debian 13.7),debian,ffmpeg,libavdevice61,7:7.1.5-0+deb13u1,CVE-2026-66039,HIGH,,fix_deferred,https://avd.aquasec.com/nvd/cve-2026-66039,,,UPSTREAM_FIXED_VERSION_VERIFIED,,https://security-tracker.debian.org/tracker/CVE-2026-66039,,"Reviewed upstream release threshold 7:9.0.2-1; runtime version and source hash verified. See preserved tracker feed, SHA256 d059b671f7cbb86a0341f779543f41813d93412e26c745d2c2473c49f89a81ac.",OPEN_MISSING_VENDOR_EVIDENCE,UPSTREAM_FIXED_VERSION_VERIFIED
sha256:4662cac700d64379a481f34fc0783e70b52eaa25bdef4d93b22e49b406da67c1 (debian 13.7),debian,ffmpeg,libavdevice61,7:7.1.5-0+deb13u1,CVE-2026-66040,HIGH,,fix_deferred,https://avd.aquasec.com/nvd/cve-2026-66040,,,UPSTREAM_FIXED_VERSION_VERIFIED,,https://security-tracker.debian.org/tracker/CVE-2026-66040,,"Reviewed upstream release threshold 7:9.0.2-1; runtime version and source hash verified. See preserved tracker feed, SHA256 d059b671f7cbb86a0341f779543f41813d93412e26c745d2c2473c49f89a81ac.",OPEN_MISSING_VENDOR_EVIDENCE,UPSTREAM_FIXED_VERSION_VERIFIED
sha256:4662cac700d64379a481f34fc0783e70b52eaa25bdef4d93b22e49b406da67c1 (debian 13.7),debian,ffmpeg,libavdevice61,7:7.1.5-0+deb13u1,CVE-2026-66041,HIGH,,fix_deferred,https://avd.aquasec.com/nvd/cve-2026-66041,,,UPSTREAM_FIXED_VERSION_VERIFIED,,https://security-tracker.debian.org/tracker/CVE-2026-66041,,"Reviewed upstream release threshold 7:9.0.2-1; runtime version and source hash verified. See preserved tracker feed, SHA256 d059b671f7cbb86a0341f779543f41813d93412e26c745d2c2473c49f89a81ac.",OPEN_MISSING_VENDOR_EVIDENCE,UPSTREAM_FIXED_VERSION_VERIFIED
sha256:4662cac700d64379a481f34fc0783e70b52eaa25bdef4d93b22e49b406da67c1 (debian 13.7),debian,ffmpeg,libavdevice61,7:7.1.5-0+deb13u1,CVE-2026-70628,HIGH,,fix_deferred,https://avd.aquasec.com/nvd/cve-2026-70628,,,UPSTREAM_FIXED_VERSION_VERIFIED,,https://security-tracker.debian.org/tracker/CVE-2026-70628,,"Reviewed upstream release threshold 7:9.0.2-1; runtime version and source hash verified. See preserved tracker feed, SHA256 d059b671f7cbb86a0341f779543f41813d93412e26c745d2c2473c49f89a81ac.",OPEN_MISSING_VENDOR_EVIDENCE,UPSTREAM_FIXED_VERSION_VERIFIED
sha256:4662cac700d64379a481f34fc0783e70b52eaa25bdef4d93b22e49b406da67c1 (debian 13.7),debian,ffmpeg,libavdevice61,7:7.1.5-0+deb13u1,CVE-2026-70632,HIGH,,fix_deferred,https://avd.aquasec.com/nvd/cve-2026-70632,,,UPSTREAM_FIXED_VERSION_VERIFIED,,https://security-tracker.debian.org/tracker/CVE-2026-70632,,"Reviewed upstream release threshold 7:9.0.2-1; runtime version and source hash verified. See preserved tracker feed, SHA256 d059b671f7cbb86a0341f779543f41813d93412e26c745d2c2473c49f89a81ac.",OPEN_MISSING_VENDOR_EVIDENCE,UPSTREAM_FIXED_VERSION_VERIFIED
sha256:4662cac700d64379a481f34fc0783e70b52eaa25bdef4d93b22e49b406da67c1 (debian 13.7),debian,ffmpeg,libavdevice61,7:7.1.5-0+deb13u1,CVE-2026-75142,HIGH,,fix_deferred,https://avd.aquasec.com/nvd/cve-2026-75142,,,UPSTREAM_FIXED_VERSION_VERIFIED,,https://security-tracker.debian.org/tracker/CVE-2026-75142,,"Reviewed upstream release threshold 7:9.0.2-1; runtime version and source hash verified. See preserved tracker feed, SHA256 d059b671f7cbb86a0341f779543f41813d93412e26c745d2c2473c49f89a81ac.",OPEN_MISSING_VENDOR_EVIDENCE,UPSTREAM_FIXED_VERSION_VERIFIED
sha256:4662cac700d64379a481f34fc0783e70b52eaa25bdef4d93b22e49b406da67c1 (debian 13.7),debian,ffmpeg,libavdevice61,7:7.1.5-0+deb13u1,CVE-2026-75143,HIGH,,fix_deferred,https://avd.aquasec.com/nvd/cve-2026-75143,,,UPSTREAM_FIXED_VERSION_VERIFIED,,https://security-tracker.debian.org/tracker/CVE-2026-75143,,"Reviewed upstream release threshold 7:9.0.2-1; runtime version and source hash verified. See preserved tracker feed, SHA256 d059b671f7cbb86a0341f779543f41813d93412e26c745d2c2473c49f89a81ac.",OPEN_MISSING_VENDOR_EVIDENCE,UPSTREAM_FIXED_VERSION_VERIFIED
sha256:4662cac700d64379a481f34fc0783e70b52eaa25bdef4d93b22e49b406da67c1 (debian 13.7),debian,ffmpeg,libavdevice61,7:7.1.5-0+deb13u1,CVE-2026-75144,HIGH,,fix_deferred,https://avd.aquasec.com/nvd/cve-2026-75144,,,UPSTREAM_FIXED_VERSION_VERIFIED,,https://security-tracker.debian.org/tracker/CVE-2026-75144,,"Reviewed upstream release threshold 7:9.0.2-1; runtime version and source hash verified. See preserved tracker feed, SHA256 d059b671f7cbb86a0341f779543f41813d93412e26c745d2c2473c49f89a81ac.",OPEN_MISSING_VENDOR_EVIDENCE,UPSTREAM_FIXED_VERSION_VERIFIED
sha256:4662cac700d64379a481f34fc0783e70b52eaa25bdef4d93b22e49b406da67c1 (debian 13.7),debian,ffmpeg,libavdevice61,7:7.1.5-0+deb13u1,CVE-2026-75146,HIGH,,fix_deferred,https://avd.aquasec.com/nvd/cve-2026-75146,,,UPSTREAM_FIXED_VERSION_VERIFIED,,https://security-tracker.debian.org/tracker/CVE-2026-75146,,"Reviewed upstream release threshold 7:9.0.2-1; runtime version and source hash verified. See preserved tracker feed, SHA256 d059b671f7cbb86a0341f779543f41813d93412e26c745d2c2473c49f89a81ac.",OPEN_MISSING_VENDOR_EVIDENCE,UPSTREAM_FIXED_VERSION_VERIFIED
sha256:4662cac700d64379a481f34fc0783e70b52eaa25bdef4d93b22e49b406da67c1 (debian 13.7),debian,ffmpeg,libavdevice61,7:7.1.5-0+deb13u1,CVE-2026-18393,MEDIUM,,fix_deferred,https://avd.aquasec.com/nvd/cve-2026-18393,,,UPSTREAM_FIXED_VERSION_VERIFIED,,https://security-tracker.debian.org/tracker/CVE-2026-18393,,"Reviewed upstream release threshold 7:8.1.1-1; runtime version and source hash verified. See preserved tracker feed, SHA256 d059b671f7cbb86a0341f779543f41813d93412e26c745d2c2473c49f89a81ac.",OPEN_MISSING_VENDOR_EVIDENCE,UPSTREAM_FIXED_VERSION_VERIFIED
sha256:4662cac700d64379a481f34fc0783e70b52eaa25bdef4d93b22e49b406da67c1 (debian 13.7),debian,ffmpeg,libavdevice61,7:7.1.5-0+deb13u1,CVE-2026-38350,MEDIUM,,fix_deferred,https://avd.aquasec.com/nvd/cve-2026-38350,,,UPSTREAM_FIXED_VERSION_VERIFIED,,https://security-tracker.debian.org/tracker/CVE-2026-38350,,"Reviewed upstream release threshold 7:8.0.1-2; runtime version and source hash verified. See preserved tracker feed, SHA256 d059b671f7cbb86a0341f779543f41813d93412e26c745d2c2473c49f89a81ac.",OPEN_MISSING_VENDOR_EVIDENCE,UPSTREAM_FIXED_VERSION_VERIFIED
sha256:4662cac700d64379a481f34fc0783e70b52eaa25bdef4d93b22e49b406da67c1 (debian 13.7),debian,ffmpeg,libavdevice61,7:7.1.5-0+deb13u1,CVE-2026-6385,MEDIUM,,fix_deferred,https://avd.aquasec.com/nvd/cve-2026-6385,,,VULNERABLE_CODE_EXCLUDED_VERIFIED,,https://security-tracker.debian.org/tracker/CVE-2026-6385,,DVD subtitle decoder/parser and MPEG-PS demuxer disabled; installed configuration and decoder list verified. Not an upstream version fix.,OPEN_MISSING_VENDOR_EVIDENCE,VULNERABLE_CODE_EXCLUDED_VERIFIED
sha256:4662cac700d64379a481f34fc0783e70b52eaa25bdef4d93b22e49b406da67c1 (debian 13.7),debian,ffmpeg,libavdevice61,7:7.1.5-0+deb13u1,CVE-2026-65703,MEDIUM,,fix_deferred,https://avd.aquasec.com/nvd/cve-2026-65703,,,UPSTREAM_FIXED_VERSION_VERIFIED,,https://security-tracker.debian.org/tracker/CVE-2026-65703,,"Reviewed upstream release threshold 7:9.0.2-1; runtime version and source hash verified. See preserved tracker feed, SHA256 d059b671f7cbb86a0341f779543f41813d93412e26c745d2c2473c49f89a81ac.",OPEN_MISSING_VENDOR_EVIDENCE,UPSTREAM_FIXED_VERSION_VERIFIED
sha256:4662cac700d64379a481f34fc0783e70b52eaa25bdef4d93b22e49b406da67c1 (debian 13.7),debian,ffmpeg,libavdevice61,7:7.1.5-0+deb13u1,CVE-2026-65704,MEDIUM,,fix_deferred,https://avd.aquasec.com/nvd/cve-2026-65704,,,UPSTREAM_FIXED_VERSION_VERIFIED,,https://security-tracker.debian.org/tracker/CVE-2026-65704,,"Reviewed upstream release threshold 7:9.0.2-1; runtime version and source hash verified. See preserved tracker feed, SHA256 d059b671f7cbb86a0341f779543f41813d93412e26c745d2c2473c49f89a81ac.",OPEN_MISSING_VENDOR_EVIDENCE,UPSTREAM_FIXED_VERSION_VERIFIED
sha256:4662cac700d64379a481f34fc0783e70b52eaa25bdef4d93b22e49b406da67c1 (debian 13.7),debian,ffmpeg,libavdevice61,7:7.1.5-0+deb13u1,CVE-2026-65705,MEDIUM,,fix_deferred,https://avd.aquasec.com/nvd/cve-2026-65705,,,UPSTREAM_FIXED_VERSION_VERIFIED,,https://security-tracker.debian.org/tracker/CVE-2026-65705,,"Reviewed upstream release threshold 7:9.0.2-1; runtime version and source hash verified. See preserved tracker feed, SHA256 d059b671f7cbb86a0341f779543f41813d93412e26c745d2c2473c49f89a81ac.",OPEN_MISSING_VENDOR_EVIDENCE,UPSTREAM_FIXED_VERSION_VERIFIED
sha256:4662cac700d64379a481f34fc0783e70b52eaa25bdef4d93b22e49b406da67c1 (debian 13.7),debian,ffmpeg,libavdevice61,7:7.1.5-0+deb13u1,CVE-2026-65706,MEDIUM,,fix_deferred,https://avd.aquasec.com/nvd/cve-2026-65706,,,UPSTREAM_FIXED_VERSION_VERIFIED,,https://security-tracker.debian.org/tracker/CVE-2026-65706,,"Reviewed upstream release threshold 7:9.0.2-1; runtime version and source hash verified. See preserved tracker feed, SHA256 d059b671f7cbb86a0341f779543f41813d93412e26c745d2c2473c49f89a81ac.",OPEN_MISSING_VENDOR_EVIDENCE,UPSTREAM_FIXED_VERSION_VERIFIED
sha256:4662cac700d64379a481f34fc0783e70b52eaa25bdef4d93b22e49b406da67c1 (debian 13.7),debian,ffmpeg,libavdevice61,7:7.1.5-0+deb13u1,CVE-2026-66037,MEDIUM,,fix_deferred,https://avd.aquasec.com/nvd/cve-2026-66037,,,UPSTREAM_FIXED_VERSION_VERIFIED,,https://security-tracker.debian.org/tracker/CVE-2026-66037,,"Reviewed upstream release threshold 7:9.0.2-1; runtime version and source hash verified. See preserved tracker feed, SHA256 d059b671f7cbb86a0341f779543f41813d93412e26c745d2c2473c49f89a81ac.",OPEN_MISSING_VENDOR_EVIDENCE,UPSTREAM_FIXED_VERSION_VERIFIED
sha256:4662cac700d64379a481f34fc0783e70b52eaa25bdef4d93b22e49b406da67c1 (debian 13.7),debian,ffmpeg,libavdevice61,7:7.1.5-0+deb13u1,CVE-2026-66038,MEDIUM,,fix_deferred,https://avd.aquasec.com/nvd/cve-2026-66038,,,UPSTREAM_FIXED_VERSION_VERIFIED,,https://security-tracker.debian.org/tracker/CVE-2026-66038,,"Reviewed upstream release threshold 7:9.0.2-1; runtime version and source hash verified. See preserved tracker feed, SHA256 d059b671f7cbb86a0341f779543f41813d93412e26c745d2c2473c49f89a81ac.",OPEN_MISSING_VENDOR_EVIDENCE,UPSTREAM_FIXED_VERSION_VERIFIED
sha256:4662cac700d64379a481f34fc0783e70b52eaa25bdef4d93b22e49b406da67c1 (debian 13.7),debian,ffmpeg,libavdevice61,7:7.1.5-0+deb13u1,CVE-2026-70629,MEDIUM,,fix_deferred,https://avd.aquasec.com/nvd/cve-2026-70629,,,UPSTREAM_FIXED_VERSION_VERIFIED,,https://security-tracker.debian.org/tracker/CVE-2026-70629,,"Reviewed upstream release threshold 7:9.0.2-1; runtime version and source hash verified. See preserved tracker feed, SHA256 d059b671f7cbb86a0341f779543f41813d93412e26c745d2c2473c49f89a81ac.",OPEN_MISSING_VENDOR_EVIDENCE,UPSTREAM_FIXED_VERSION_VERIFIED
sha256:4662cac700d64379a481f34fc0783e70b52eaa25bdef4d93b22e49b406da67c1 (debian 13.7),debian,ffmpeg,libavdevice61,7:7.1.5-0+deb13u1,CVE-2026-70630,MEDIUM,,fix_deferred,https://avd.aquasec.com/nvd/cve-2026-70630,,,UPSTREAM_FIXED_VERSION_VERIFIED,,https://security-tracker.debian.org/tracker/CVE-2026-70630,,"Reviewed upstream release threshold 7:9.0.2-1; runtime version and source hash verified. See preserved tracker feed, SHA256 d059b671f7cbb86a0341f779543f41813d93412e26c745d2c2473c49f89a81ac.",OPEN_MISSING_VENDOR_EVIDENCE,UPSTREAM_FIXED_VERSION_VERIFIED
sha256:4662cac700d64379a481f34fc0783e70b52eaa25bdef4d93b22e49b406da67c1 (debian 13.7),debian,ffmpeg,libavdevice61,7:7.1.5-0+deb13u1,CVE-2026-70631,MEDIUM,,fix_deferred,https://avd.aquasec.com/nvd/cve-2026-70631,,,UPSTREAM_FIXED_VERSION_VERIFIED,,https://security-tracker.debian.org/tracker/CVE-2026-70631,,"Reviewed upstream release threshold 7:9.0.2-1; runtime version and source hash verified. See preserved tracker feed, SHA256 d059b671f7cbb86a0341f779543f41813d93412e26c745d2c2473c49f89a81ac.",OPEN_MISSING_VENDOR_EVIDENCE,UPSTREAM_FIXED_VERSION_VERIFIED
sha256:4662cac700d64379a481f34fc0783e70b52eaa25bdef4d93b22e49b406da67c1 (debian 13.7),debian,ffmpeg,libavdevice61,7:7.1.5-0+deb13u1,CVE-2026-75141,MEDIUM,,fix_deferred,https://avd.aquasec.com/nvd/cve-2026-75141,,,UPSTREAM_FIXED_VERSION_VERIFIED,,https://security-tracker.debian.org/tracker/CVE-2026-75141,,"Reviewed upstream release threshold 7:9.0.2-1; runtime version and source hash verified. See preserved tracker feed, SHA256 d059b671f7cbb86a0341f779543f41813d93412e26c745d2c2473c49f89a81ac.",OPEN_MISSING_VENDOR_EVIDENCE,UPSTREAM_FIXED_VERSION_VERIFIED
sha256:4662cac700d64379a481f34fc0783e70b52eaa25bdef4d93b22e49b406da67c1 (debian 13.7),debian,ffmpeg,libavdevice61,7:7.1.5-0+deb13u1,CVE-2026-90816,MEDIUM,,will_not_fix,https://avd.aquasec.com/nvd/cve-2026-90816,,,UPSTREAM_FIXED_VERSION_VERIFIED,,https://security-tracker.debian.org/tracker/CVE-2026-90816,,"Reviewed upstream release threshold 7:8.1-1; runtime version and source hash verified. See preserved tracker feed, SHA256 d059b671f7cbb86a0341f779543f41813d93412e26c745d2c2473c49f89a81ac.",OPEN_MISSING_VENDOR_EVIDENCE,UPSTREAM_FIXED_VERSION_VERIFIED
sha256:4662cac700d64379a481f34fc0783e70b52eaa25bdef4d93b22e49b406da67c1 (debian 13.7),debian,ffmpeg,libavdevice61,7:7.1.5-0+deb13u1,CVE-2026-30999,LOW,,affected,https://avd.aquasec.com/nvd/cve-2026-30999,,,UPSTREAM_FIXED_VERSION_VERIFIED,,https://security-tracker.debian.org/tracker/CVE-2026-30999,,"Reviewed upstream release threshold 7:8.1.2-1; runtime version and source hash verified. See preserved tracker feed, SHA256 d059b671f7cbb86a0341f779543f41813d93412e26c745d2c2473c49f89a81ac.",OPEN_MISSING_VENDOR_EVIDENCE,UPSTREAM_FIXED_VERSION_VERIFIED
sha256:4662cac700d64379a481f34fc0783e70b52eaa25bdef4d93b22e49b406da67c1 (debian 13.7),debian,ffmpeg,libavfilter10,7:7.1.5-0+deb13u1,CVE-2026-58049,HIGH,,fix_deferred,https://avd.aquasec.com/nvd/cve-2026-58049,,,UPSTREAM_FIXED_VERSION_VERIFIED,,https://security-tracker.debian.org/tracker/CVE-2026-58049,,"Reviewed upstream release threshold 7:9.0.2-1; runtime version and source hash verified. See preserved tracker feed, SHA256 d059b671f7cbb86a0341f779543f41813d93412e26c745d2c2473c49f89a81ac.",OPEN_MISSING_VENDOR_EVIDENCE,UPSTREAM_FIXED_VERSION_VERIFIED
sha256:4662cac700d64379a481f34fc0783e70b52eaa25bdef4d93b22e49b406da67c1 (debian 13.7),debian,ffmpeg,libavfilter10,7:7.1.5-0+deb13u1,CVE-2026-64830,HIGH,,fix_deferred,https://avd.aquasec.com/nvd/cve-2026-64830,,,UPSTREAM_FIXED_VERSION_VERIFIED,,https://security-tracker.debian.org/tracker/CVE-2026-64830,,"Reviewed upstream release threshold 7:9.0.2-1; runtime version and source hash verified. See preserved tracker feed, SHA256 d059b671f7cbb86a0341f779543f41813d93412e26c745d2c2473c49f89a81ac.",OPEN_MISSING_VENDOR_EVIDENCE,UPSTREAM_FIXED_VERSION_VERIFIED
sha256:4662cac700d64379a481f34fc0783e70b52eaa25bdef4d93b22e49b406da67c1 (debian 13.7),debian,ffmpeg,libavfilter10,7:7.1.5-0+deb13u1,CVE-2026-64832,HIGH,,fix_deferred,https://avd.aquasec.com/nvd/cve-2026-64832,,,UPSTREAM_FIXED_VERSION_VERIFIED,,https://security-tracker.debian.org/tracker/CVE-2026-64832,,"Reviewed upstream release threshold 7:9.0.2-1; runtime version and source hash verified. See preserved tracker feed, SHA256 d059b671f7cbb86a0341f779543f41813d93412e26c745d2c2473c49f89a81ac.",OPEN_MISSING_VENDOR_EVIDENCE,UPSTREAM_FIXED_VERSION_VERIFIED
sha256:4662cac700d64379a481f34fc0783e70b52eaa25bdef4d93b22e49b406da67c1 (debian 13.7),debian,ffmpeg,libavfilter10,7:7.1.5-0+deb13u1,CVE-2026-64833,HIGH,,fix_deferred,https://avd.aquasec.com/nvd/cve-2026-64833,,,UPSTREAM_FIXED_VERSION_VERIFIED,,https://security-tracker.debian.org/tracker/CVE-2026-64833,,"Reviewed upstream release threshold 7:9.0.2-1; runtime version and source hash verified. See preserved tracker feed, SHA256 d059b671f7cbb86a0341f779543f41813d93412e26c745d2c2473c49f89a81ac.",OPEN_MISSING_VENDOR_EVIDENCE,UPSTREAM_FIXED_VERSION_VERIFIED
sha256:4662cac700d64379a481f34fc0783e70b52eaa25bdef4d93b22e49b406da67c1 (debian 13.7),debian,ffmpeg,libavfilter10,7:7.1.5-0+deb13u1,CVE-2026-64834,HIGH,,fix_deferred,https://avd.aquasec.com/nvd/cve-2026-64834,,,UPSTREAM_FIXED_VERSION_VERIFIED,,https://security-tracker.debian.org/tracker/CVE-2026-64834,,"Reviewed upstream release threshold 7:9.0.2-1; runtime version and source hash verified. See preserved tracker feed, SHA256 d059b671f7cbb86a0341f779543f41813d93412e26c745d2c2473c49f89a81ac.",OPEN_MISSING_VENDOR_EVIDENCE,UPSTREAM_FIXED_VERSION_VERIFIED
sha256:4662cac700d64379a481f34fc0783e70b52eaa25bdef4d93b22e49b406da67c1 (debian 13.7),debian,ffmpeg,libavfilter10,7:7.1.5-0+deb13u1,CVE-2026-64835,HIGH,,fix_deferred,https://avd.aquasec.com/nvd/cve-2026-64835,,,UPSTREAM_FIXED_VERSION_VERIFIED,,https://security-tracker.debian.org/tracker/CVE-2026-64835,,"Reviewed upstream release threshold 7:9.0.2-1; runtime version and source hash verified. See preserved tracker feed, SHA256 d059b671f7cbb86a0341f779543f41813d93412e26c745d2c2473c49f89a81ac.",OPEN_MISSING_VENDOR_EVIDENCE,UPSTREAM_FIXED_VERSION_VERIFIED
sha256:4662cac700d64379a481f34fc0783e70b52eaa25bdef4d93b22e49b406da67c1 (debian 13.7),debian,ffmpeg,libavfilter10,7:7.1.5-0+deb13u1,CVE-2026-66036,HIGH,,fix_deferred,https://avd.aquasec.com/nvd/cve-2026-66036,,,UPSTREAM_FIXED_VERSION_VERIFIED,,https://security-tracker.debian.org/tracker/CVE-2026-66036,,"Reviewed upstream release threshold 7:9.0.2-1; runtime version and source hash verified. See preserved tracker feed, SHA256 d059b671f7cbb86a0341f779543f41813d93412e26c745d2c2473c49f89a81ac.",OPEN_MISSING_VENDOR_EVIDENCE,UPSTREAM_FIXED_VERSION_VERIFIED
sha256:4662cac700d64379a481f34fc0783e70b52eaa25bdef4d93b22e49b406da67c1 (debian 13.7),debian,ffmpeg,libavfilter10,7:7.1.5-0+deb13u1,CVE-2026-66039,HIGH,,fix_deferred,https://avd.aquasec.com/nvd/cve-2026-66039,,,UPSTREAM_FIXED_VERSION_VERIFIED,,https://security-tracker.debian.org/tracker/CVE-2026-66039,,"Reviewed upstream release threshold 7:9.0.2-1; runtime version and source hash verified. See preserved tracker feed, SHA256 d059b671f7cbb86a0341f779543f41813d93412e26c745d2c2473c49f89a81ac.",OPEN_MISSING_VENDOR_EVIDENCE,UPSTREAM_FIXED_VERSION_VERIFIED
sha256:4662cac700d64379a481f34fc0783e70b52eaa25bdef4d93b22e49b406da67c1 (debian 13.7),debian,ffmpeg,libavfilter10,7:7.1.5-0+deb13u1,CVE-2026-66040,HIGH,,fix_deferred,https://avd.aquasec.com/nvd/cve-2026-66040,,,UPSTREAM_FIXED_VERSION_VERIFIED,,https://security-tracker.debian.org/tracker/CVE-2026-66040,,"Reviewed upstream release threshold 7:9.0.2-1; runtime version and source hash verified. See preserved tracker feed, SHA256 d059b671f7cbb86a0341f779543f41813d93412e26c745d2c2473c49f89a81ac.",OPEN_MISSING_VENDOR_EVIDENCE,UPSTREAM_FIXED_VERSION_VERIFIED
sha256:4662cac700d64379a481f34fc0783e70b52eaa25bdef4d93b22e49b406da67c1 (debian 13.7),debian,ffmpeg,libavfilter10,7:7.1.5-0+deb13u1,CVE-2026-66041,HIGH,,fix_deferred,https://avd.aquasec.com/nvd/cve-2026-66041,,,UPSTREAM_FIXED_VERSION_VERIFIED,,https://security-tracker.debian.org/tracker/CVE-2026-66041,,"Reviewed upstream release threshold 7:9.0.2-1; runtime version and source hash verified. See preserved tracker feed, SHA256 d059b671f7cbb86a0341f779543f41813d93412e26c745d2c2473c49f89a81ac.",OPEN_MISSING_VENDOR_EVIDENCE,UPSTREAM_FIXED_VERSION_VERIFIED
sha256:4662cac700d64379a481f34fc0783e70b52eaa25bdef4d93b22e49b406da67c1 (debian 13.7),debian,ffmpeg,libavfilter10,7:7.1.5-0+deb13u1,CVE-2026-70628,HIGH,,fix_deferred,https://avd.aquasec.com/nvd/cve-2026-70628,,,UPSTREAM_FIXED_VERSION_VERIFIED,,https://security-tracker.debian.org/tracker/CVE-2026-70628,,"Reviewed upstream release threshold 7:9.0.2-1; runtime version and source hash verified. See preserved tracker feed, SHA256 d059b671f7cbb86a0341f779543f41813d93412e26c745d2c2473c49f89a81ac.",OPEN_MISSING_VENDOR_EVIDENCE,UPSTREAM_FIXED_VERSION_VERIFIED
sha256:4662cac700d64379a481f34fc0783e70b52eaa25bdef4d93b22e49b406da67c1 (debian 13.7),debian,ffmpeg,libavfilter10,7:7.1.5-0+deb13u1,CVE-2026-70632,HIGH,,fix_deferred,https://avd.aquasec.com/nvd/cve-2026-70632,,,UPSTREAM_FIXED_VERSION_VERIFIED,,https://security-tracker.debian.org/tracker/CVE-2026-70632,,"Reviewed upstream release threshold 7:9.0.2-1; runtime version and source hash verified. See preserved tracker feed, SHA256 d059b671f7cbb86a0341f779543f41813d93412e26c745d2c2473c49f89a81ac.",OPEN_MISSING_VENDOR_EVIDENCE,UPSTREAM_FIXED_VERSION_VERIFIED
sha256:4662cac700d64379a481f34fc0783e70b52eaa25bdef4d93b22e49b406da67c1 (debian 13.7),debian,ffmpeg,libavfilter10,7:7.1.5-0+deb13u1,CVE-2026-75142,HIGH,,fix_deferred,https://avd.aquasec.com/nvd/cve-2026-75142,,,UPSTREAM_FIXED_VERSION_VERIFIED,,https://security-tracker.debian.org/tracker/CVE-2026-75142,,"Reviewed upstream release threshold 7:9.0.2-1; runtime version and source hash verified. See preserved tracker feed, SHA256 d059b671f7cbb86a0341f779543f41813d93412e26c745d2c2473c49f89a81ac.",OPEN_MISSING_VENDOR_EVIDENCE,UPSTREAM_FIXED_VERSION_VERIFIED
sha256:4662cac700d64379a481f34fc0783e70b52eaa25bdef4d93b22e49b406da67c1 (debian 13.7),debian,ffmpeg,libavfilter10,7:7.1.5-0+deb13u1,CVE-2026-75143,HIGH,,fix_deferred,https://avd.aquasec.com/nvd/cve-2026-75143,,,UPSTREAM_FIXED_VERSION_VERIFIED,,https://security-tracker.debian.org/tracker/CVE-2026-75143,,"Reviewed upstream release threshold 7:9.0.2-1; runtime version and source hash verified. See preserved tracker feed, SHA256 d059b671f7cbb86a0341f779543f41813d93412e26c745d2c2473c49f89a81ac.",OPEN_MISSING_VENDOR_EVIDENCE,UPSTREAM_FIXED_VERSION_VERIFIED
sha256:4662cac700d64379a481f34fc0783e70b52eaa25bdef4d93b22e49b406da67c1 (debian 13.7),debian,ffmpeg,libavfilter10,7:7.1.5-0+deb13u1,CVE-2026-75144,HIGH,,fix_deferred,https://avd.aquasec.com/nvd/cve-2026-75144,,,UPSTREAM_FIXED_VERSION_VERIFIED,,https://security-tracker.debian.org/tracker/CVE-2026-75144,,"Reviewed upstream release threshold 7:9.0.2-1; runtime version and source hash verified. See preserved tracker feed, SHA256 d059b671f7cbb86a0341f779543f41813d93412e26c745d2c2473c49f89a81ac.",OPEN_MISSING_VENDOR_EVIDENCE,UPSTREAM_FIXED_VERSION_VERIFIED
sha256:4662cac700d64379a481f34fc0783e70b52eaa25bdef4d93b22e49b406da67c1 (debian 13.7),debian,ffmpeg,libavfilter10,7:7.1.5-0+deb13u1,CVE-2026-75146,HIGH,,fix_deferred,https://avd.aquasec.com/nvd/cve-2026-75146,,,UPSTREAM_FIXED_VERSION_VERIFIED,,https://security-tracker.debian.org/tracker/CVE-2026-75146,,"Reviewed upstream release threshold 7:9.0.2-1; runtime version and source hash verified. See preserved tracker feed, SHA256 d059b671f7cbb86a0341f779543f41813d93412e26c745d2c2473c49f89a81ac.",OPEN_MISSING_VENDOR_EVIDENCE,UPSTREAM_FIXED_VERSION_VERIFIED
sha256:4662cac700d64379a481f34fc0783e70b52eaa25bdef4d93b22e49b406da67c1 (debian 13.7),debian,ffmpeg,libavfilter10,7:7.1.5-0+deb13u1,CVE-2026-18393,MEDIUM,,fix_deferred,https://avd.aquasec.com/nvd/cve-2026-18393,,,UPSTREAM_FIXED_VERSION_VERIFIED,,https://security-tracker.debian.org/tracker/CVE-2026-18393,,"Reviewed upstream release threshold 7:8.1.1-1; runtime version and source hash verified. See preserved tracker feed, SHA256 d059b671f7cbb86a0341f779543f41813d93412e26c745d2c2473c49f89a81ac.",OPEN_MISSING_VENDOR_EVIDENCE,UPSTREAM_FIXED_VERSION_VERIFIED
sha256:4662cac700d64379a481f34fc0783e70b52eaa25bdef4d93b22e49b406da67c1 (debian 13.7),debian,ffmpeg,libavfilter10,7:7.1.5-0+deb13u1,CVE-2026-38350,MEDIUM,,fix_deferred,https://avd.aquasec.com/nvd/cve-2026-38350,,,UPSTREAM_FIXED_VERSION_VERIFIED,,https://security-tracker.debian.org/tracker/CVE-2026-38350,,"Reviewed upstream release threshold 7:8.0.1-2; runtime version and source hash verified. See preserved tracker feed, SHA256 d059b671f7cbb86a0341f779543f41813d93412e26c745d2c2473c49f89a81ac.",OPEN_MISSING_VENDOR_EVIDENCE,UPSTREAM_FIXED_VERSION_VERIFIED
sha256:4662cac700d64379a481f34fc0783e70b52eaa25bdef4d93b22e49b406da67c1 (debian 13.7),debian,ffmpeg,libavfilter10,7:7.1.5-0+deb13u1,CVE-2026-6385,MEDIUM,,fix_deferred,https://avd.aquasec.com/nvd/cve-2026-6385,,,VULNERABLE_CODE_EXCLUDED_VERIFIED,,https://security-tracker.debian.org/tracker/CVE-2026-6385,,DVD subtitle decoder/parser and MPEG-PS demuxer disabled; installed configuration and decoder list verified. Not an upstream version fix.,OPEN_MISSING_VENDOR_EVIDENCE,VULNERABLE_CODE_EXCLUDED_VERIFIED
sha256:4662cac700d64379a481f34fc0783e70b52eaa25bdef4d93b22e49b406da67c1 (debian 13.7),debian,ffmpeg,libavfilter10,7:7.1.5-0+deb13u1,CVE-2026-65703,MEDIUM,,fix_deferred,https://avd.aquasec.com/nvd/cve-2026-65703,,,UPSTREAM_FIXED_VERSION_VERIFIED,,https://security-tracker.debian.org/tracker/CVE-2026-65703,,"Reviewed upstream release threshold 7:9.0.2-1; runtime version and source hash verified. See preserved tracker feed, SHA256 d059b671f7cbb86a0341f779543f41813d93412e26c745d2c2473c49f89a81ac.",OPEN_MISSING_VENDOR_EVIDENCE,UPSTREAM_FIXED_VERSION_VERIFIED
sha256:4662cac700d64379a481f34fc0783e70b52eaa25bdef4d93b22e49b406da67c1 (debian 13.7),debian,ffmpeg,libavfilter10,7:7.1.5-0+deb13u1,CVE-2026-65704,MEDIUM,,fix_deferred,https://avd.aquasec.com/nvd/cve-2026-65704,,,UPSTREAM_FIXED_VERSION_VERIFIED,,https://security-tracker.debian.org/tracker/CVE-2026-65704,,"Reviewed upstream release threshold 7:9.0.2-1; runtime version and source hash verified. See preserved tracker feed, SHA256 d059b671f7cbb86a0341f779543f41813d93412e26c745d2c2473c49f89a81ac.",OPEN_MISSING_VENDOR_EVIDENCE,UPSTREAM_FIXED_VERSION_VERIFIED
sha256:4662cac700d64379a481f34fc0783e70b52eaa25bdef4d93b22e49b406da67c1 (debian 13.7),debian,ffmpeg,libavfilter10,7:7.1.5-0+deb13u1,CVE-2026-65705,MEDIUM,,fix_deferred,https://avd.aquasec.com/nvd/cve-2026-65705,,,UPSTREAM_FIXED_VERSION_VERIFIED,,https://security-tracker.debian.org/tracker/CVE-2026-65705,,"Reviewed upstream release threshold 7:9.0.2-1; runtime version and source hash verified. See preserved tracker feed, SHA256 d059b671f7cbb86a0341f779543f41813d93412e26c745d2c2473c49f89a81ac.",OPEN_MISSING_VENDOR_EVIDENCE,UPSTREAM_FIXED_VERSION_VERIFIED
sha256:4662cac700d64379a481f34fc0783e70b52eaa25bdef4d93b22e49b406da67c1 (debian 13.7),debian,ffmpeg,libavfilter10,7:7.1.5-0+deb13u1,CVE-2026-65706,MEDIUM,,fix_deferred,https://avd.aquasec.com/nvd/cve-2026-65706,,,UPSTREAM_FIXED_VERSION_VERIFIED,,https://security-tracker.debian.org/tracker/CVE-2026-65706,,"Reviewed upstream release threshold 7:9.0.2-1; runtime version and source hash verified. See preserved tracker feed, SHA256 d059b671f7cbb86a0341f779543f41813d93412e26c745d2c2473c49f89a81ac.",OPEN_MISSING_VENDOR_EVIDENCE,UPSTREAM_FIXED_VERSION_VERIFIED
sha256:4662cac700d64379a481f34fc0783e70b52eaa25bdef4d93b22e49b406da67c1 (debian 13.7),debian,ffmpeg,libavfilter10,7:7.1.5-0+deb13u1,CVE-2026-66037,MEDIUM,,fix_deferred,https://avd.aquasec.com/nvd/cve-2026-66037,,,UPSTREAM_FIXED_VERSION_VERIFIED,,https://security-tracker.debian.org/tracker/CVE-2026-66037,,"Reviewed upstream release threshold 7:9.0.2-1; runtime version and source hash verified. See preserved tracker feed, SHA256 d059b671f7cbb86a0341f779543f41813d93412e26c745d2c2473c49f89a81ac.",OPEN_MISSING_VENDOR_EVIDENCE,UPSTREAM_FIXED_VERSION_VERIFIED
sha256:4662cac700d64379a481f34fc0783e70b52eaa25bdef4d93b22e49b406da67c1 (debian 13.7),debian,ffmpeg,libavfilter10,7:7.1.5-0+deb13u1,CVE-2026-66038,MEDIUM,,fix_deferred,https://avd.aquasec.com/nvd/cve-2026-66038,,,UPSTREAM_FIXED_VERSION_VERIFIED,,https://security-tracker.debian.org/tracker/CVE-2026-66038,,"Reviewed upstream release threshold 7:9.0.2-1; runtime version and source hash verified. See preserved tracker feed, SHA256 d059b671f7cbb86a0341f779543f41813d93412e26c745d2c2473c49f89a81ac.",OPEN_MISSING_VENDOR_EVIDENCE,UPSTREAM_FIXED_VERSION_VERIFIED
sha256:4662cac700d64379a481f34fc0783e70b52eaa25bdef4d93b22e49b406da67c1 (debian 13.7),debian,ffmpeg,libavfilter10,7:7.1.5-0+deb13u1,CVE-2026-70629,MEDIUM,,fix_deferred,https://avd.aquasec.com/nvd/cve-2026-70629,,,UPSTREAM_FIXED_VERSION_VERIFIED,,https://security-tracker.debian.org/tracker/CVE-2026-70629,,"Reviewed upstream release threshold 7:9.0.2-1; runtime version and source hash verified. See preserved tracker feed, SHA256 d059b671f7cbb86a0341f779543f41813d93412e26c745d2c2473c49f89a81ac.",OPEN_MISSING_VENDOR_EVIDENCE,UPSTREAM_FIXED_VERSION_VERIFIED
sha256:4662cac700d64379a481f34fc0783e70b52eaa25bdef4d93b22e49b406da67c1 (debian 13.7),debian,ffmpeg,libavfilter10,7:7.1.5-0+deb13u1,CVE-2026-70630,MEDIUM,,fix_deferred,https://avd.aquasec.com/nvd/cve-2026-70630,,,UPSTREAM_FIXED_VERSION_VERIFIED,,https://security-tracker.debian.org/tracker/CVE-2026-70630,,"Reviewed upstream release threshold 7:9.0.2-1; runtime version and source hash verified. See preserved tracker feed, SHA256 d059b671f7cbb86a0341f779543f41813d93412e26c745d2c2473c49f89a81ac.",OPEN_MISSING_VENDOR_EVIDENCE,UPSTREAM_FIXED_VERSION_VERIFIED
sha256:4662cac700d64379a481f34fc0783e70b52eaa25bdef4d93b22e49b406da67c1 (debian 13.7),debian,ffmpeg,libavfilter10,7:7.1.5-0+deb13u1,CVE-2026-70631,MEDIUM,,fix_deferred,https://avd.aquasec.com/nvd/cve-2026-70631,,,UPSTREAM_FIXED_VERSION_VERIFIED,,https://security-tracker.debian.org/tracker/CVE-2026-70631,,"Reviewed upstream release threshold 7:9.0.2-1; runtime version and source hash verified. See preserved tracker feed, SHA256 d059b671f7cbb86a0341f779543f41813d93412e26c745d2c2473c49f89a81ac.",OPEN_MISSING_VENDOR_EVIDENCE,UPSTREAM_FIXED_VERSION_VERIFIED
sha256:4662cac700d64379a481f34fc0783e70b52eaa25bdef4d93b22e49b406da67c1 (debian 13.7),debian,ffmpeg,libavfilter10,7:7.1.5-0+deb13u1,CVE-2026-75141,MEDIUM,,fix_deferred,https://avd.aquasec.com/nvd/cve-2026-75141,,,UPSTREAM_FIXED_VERSION_VERIFIED,,https://security-tracker.debian.org/tracker/CVE-2026-75141,,"Reviewed upstream release threshold 7:9.0.2-1; runtime version and source hash verified. See preserved tracker feed, SHA256 d059b671f7cbb86a0341f779543f41813d93412e26c745d2c2473c49f89a81ac.",OPEN_MISSING_VENDOR_EVIDENCE,UPSTREAM_FIXED_VERSION_VERIFIED
sha256:4662cac700d64379a481f34fc0783e70b52eaa25bdef4d93b22e49b406da67c1 (debian 13.7),debian,ffmpeg,libavfilter10,7:7.1.5-0+deb13u1,CVE-2026-90816,MEDIUM,,will_not_fix,https://avd.aquasec.com/nvd/cve-2026-90816,,,UPSTREAM_FIXED_VERSION_VERIFIED,,https://security-tracker.debian.org/tracker/CVE-2026-90816,,"Reviewed upstream release threshold 7:8.1-1; runtime version and source hash verified. See preserved tracker feed, SHA256 d059b671f7cbb86a0341f779543f41813d93412e26c745d2c2473c49f89a81ac.",OPEN_MISSING_VENDOR_EVIDENCE,UPSTREAM_FIXED_VERSION_VERIFIED
sha256:4662cac700d64379a481f34fc0783e70b52eaa25bdef4d93b22e49b406da67c1 (debian 13.7),debian,ffmpeg,libavfilter10,7:7.1.5-0+deb13u1,CVE-2026-30999,LOW,,affected,https://avd.aquasec.com/nvd/cve-2026-30999,,,UPSTREAM_FIXED_VERSION_VERIFIED,,https://security-tracker.debian.org/tracker/CVE-2026-30999,,"Reviewed upstream release threshold 7:8.1.2-1; runtime version and source hash verified. See preserved tracker feed, SHA256 d059b671f7cbb86a0341f779543f41813d93412e26c745d2c2473c49f89a81ac.",OPEN_MISSING_VENDOR_EVIDENCE,UPSTREAM_FIXED_VERSION_VERIFIED
sha256:4662cac700d64379a481f34fc0783e70b52eaa25bdef4d93b22e49b406da67c1 (debian 13.7),debian,ffmpeg,libavformat61,7:7.1.5-0+deb13u1,CVE-2026-58049,HIGH,,fix_deferred,https://avd.aquasec.com/nvd/cve-2026-58049,,,UPSTREAM_FIXED_VERSION_VERIFIED,,https://security-tracker.debian.org/tracker/CVE-2026-58049,,"Reviewed upstream release threshold 7:9.0.2-1; runtime version and source hash verified. See preserved tracker feed, SHA256 d059b671f7cbb86a0341f779543f41813d93412e26c745d2c2473c49f89a81ac.",OPEN_MISSING_VENDOR_EVIDENCE,UPSTREAM_FIXED_VERSION_VERIFIED
sha256:4662cac700d64379a481f34fc0783e70b52eaa25bdef4d93b22e49b406da67c1 (debian 13.7),debian,ffmpeg,libavformat61,7:7.1.5-0+deb13u1,CVE-2026-64830,HIGH,,fix_deferred,https://avd.aquasec.com/nvd/cve-2026-64830,,,UPSTREAM_FIXED_VERSION_VERIFIED,,https://security-tracker.debian.org/tracker/CVE-2026-64830,,"Reviewed upstream release threshold 7:9.0.2-1; runtime version and source hash verified. See preserved tracker feed, SHA256 d059b671f7cbb86a0341f779543f41813d93412e26c745d2c2473c49f89a81ac.",OPEN_MISSING_VENDOR_EVIDENCE,UPSTREAM_FIXED_VERSION_VERIFIED
sha256:4662cac700d64379a481f34fc0783e70b52eaa25bdef4d93b22e49b406da67c1 (debian 13.7),debian,ffmpeg,libavformat61,7:7.1.5-0+deb13u1,CVE-2026-64832,HIGH,,fix_deferred,https://avd.aquasec.com/nvd/cve-2026-64832,,,UPSTREAM_FIXED_VERSION_VERIFIED,,https://security-tracker.debian.org/tracker/CVE-2026-64832,,"Reviewed upstream release threshold 7:9.0.2-1; runtime version and source hash verified. See preserved tracker feed, SHA256 d059b671f7cbb86a0341f779543f41813d93412e26c745d2c2473c49f89a81ac.",OPEN_MISSING_VENDOR_EVIDENCE,UPSTREAM_FIXED_VERSION_VERIFIED
sha256:4662cac700d64379a481f34fc0783e70b52eaa25bdef4d93b22e49b406da67c1 (debian 13.7),debian,ffmpeg,libavformat61,7:7.1.5-0+deb13u1,CVE-2026-64833,HIGH,,fix_deferred,https://avd.aquasec.com/nvd/cve-2026-64833,,,UPSTREAM_FIXED_VERSION_VERIFIED,,https://security-tracker.debian.org/tracker/CVE-2026-64833,,"Reviewed upstream release threshold 7:9.0.2-1; runtime version and source hash verified. See preserved tracker feed, SHA256 d059b671f7cbb86a0341f779543f41813d93412e26c745d2c2473c49f89a81ac.",OPEN_MISSING_VENDOR_EVIDENCE,UPSTREAM_FIXED_VERSION_VERIFIED
sha256:4662cac700d64379a481f34fc0783e70b52eaa25bdef4d93b22e49b406da67c1 (debian 13.7),debian,ffmpeg,libavformat61,7:7.1.5-0+deb13u1,CVE-2026-64834,HIGH,,fix_deferred,https://avd.aquasec.com/nvd/cve-2026-64834,,,UPSTREAM_FIXED_VERSION_VERIFIED,,https://security-tracker.debian.org/tracker/CVE-2026-64834,,"Reviewed upstream release threshold 7:9.0.2-1; runtime version and source hash verified. See preserved tracker feed, SHA256 d059b671f7cbb86a0341f779543f41813d93412e26c745d2c2473c49f89a81ac.",OPEN_MISSING_VENDOR_EVIDENCE,UPSTREAM_FIXED_VERSION_VERIFIED
sha256:4662cac700d64379a481f34fc0783e70b52eaa25bdef4d93b22e49b406da67c1 (debian 13.7),debian,ffmpeg,libavformat61,7:7.1.5-0+deb13u1,CVE-2026-64835,HIGH,,fix_deferred,https://avd.aquasec.com/nvd/cve-2026-64835,,,UPSTREAM_FIXED_VERSION_VERIFIED,,https://security-tracker.debian.org/tracker/CVE-2026-64835,,"Reviewed upstream release threshold 7:9.0.2-1; runtime version and source hash verified. See preserved tracker feed, SHA256 d059b671f7cbb86a0341f779543f41813d93412e26c745d2c2473c49f89a81ac.",OPEN_MISSING_VENDOR_EVIDENCE,UPSTREAM_FIXED_VERSION_VERIFIED
sha256:4662cac700d64379a481f34fc0783e70b52eaa25bdef4d93b22e49b406da67c1 (debian 13.7),debian,ffmpeg,libavformat61,7:7.1.5-0+deb13u1,CVE-2026-66036,HIGH,,fix_deferred,https://avd.aquasec.com/nvd/cve-2026-66036,,,UPSTREAM_FIXED_VERSION_VERIFIED,,https://security-tracker.debian.org/tracker/CVE-2026-66036,,"Reviewed upstream release threshold 7:9.0.2-1; runtime version and source hash verified. See preserved tracker feed, SHA256 d059b671f7cbb86a0341f779543f41813d93412e26c745d2c2473c49f89a81ac.",OPEN_MISSING_VENDOR_EVIDENCE,UPSTREAM_FIXED_VERSION_VERIFIED
sha256:4662cac700d64379a481f34fc0783e70b52eaa25bdef4d93b22e49b406da67c1 (debian 13.7),debian,ffmpeg,libavformat61,7:7.1.5-0+deb13u1,CVE-2026-66039,HIGH,,fix_deferred,https://avd.aquasec.com/nvd/cve-2026-66039,,,UPSTREAM_FIXED_VERSION_VERIFIED,,https://security-tracker.debian.org/tracker/CVE-2026-66039,,"Reviewed upstream release threshold 7:9.0.2-1; runtime version and source hash verified. See preserved tracker feed, SHA256 d059b671f7cbb86a0341f779543f41813d93412e26c745d2c2473c49f89a81ac.",OPEN_MISSING_VENDOR_EVIDENCE,UPSTREAM_FIXED_VERSION_VERIFIED
sha256:4662cac700d64379a481f34fc0783e70b52eaa25bdef4d93b22e49b406da67c1 (debian 13.7),debian,ffmpeg,libavformat61,7:7.1.5-0+deb13u1,CVE-2026-66040,HIGH,,fix_deferred,https://avd.aquasec.com/nvd/cve-2026-66040,,,UPSTREAM_FIXED_VERSION_VERIFIED,,https://security-tracker.debian.org/tracker/CVE-2026-66040,,"Reviewed upstream release threshold 7:9.0.2-1; runtime version and source hash verified. See preserved tracker feed, SHA256 d059b671f7cbb86a0341f779543f41813d93412e26c745d2c2473c49f89a81ac.",OPEN_MISSING_VENDOR_EVIDENCE,UPSTREAM_FIXED_VERSION_VERIFIED
sha256:4662cac700d64379a481f34fc0783e70b52eaa25bdef4d93b22e49b406da67c1 (debian 13.7),debian,ffmpeg,libavformat61,7:7.1.5-0+deb13u1,CVE-2026-66041,HIGH,,fix_deferred,https://avd.aquasec.com/nvd/cve-2026-66041,,,UPSTREAM_FIXED_VERSION_VERIFIED,,https://security-tracker.debian.org/tracker/CVE-2026-66041,,"Reviewed upstream release threshold 7:9.0.2-1; runtime version and source hash verified. See preserved tracker feed, SHA256 d059b671f7cbb86a0341f779543f41813d93412e26c745d2c2473c49f89a81ac.",OPEN_MISSING_VENDOR_EVIDENCE,UPSTREAM_FIXED_VERSION_VERIFIED
sha256:4662cac700d64379a481f34fc0783e70b52eaa25bdef4d93b22e49b406da67c1 (debian 13.7),debian,ffmpeg,libavformat61,7:7.1.5-0+deb13u1,CVE-2026-70628,HIGH,,fix_deferred,https://avd.aquasec.com/nvd/cve-2026-70628,,,UPSTREAM_FIXED_VERSION_VERIFIED,,https://security-tracker.debian.org/tracker/CVE-2026-70628,,"Reviewed upstream release threshold 7:9.0.2-1; runtime version and source hash verified. See preserved tracker feed, SHA256 d059b671f7cbb86a0341f779543f41813d93412e26c745d2c2473c49f89a81ac.",OPEN_MISSING_VENDOR_EVIDENCE,UPSTREAM_FIXED_VERSION_VERIFIED
sha256:4662cac700d64379a481f34fc0783e70b52eaa25bdef4d93b22e49b406da67c1 (debian 13.7),debian,ffmpeg,libavformat61,7:7.1.5-0+deb13u1,CVE-2026-70632,HIGH,,fix_deferred,https://avd.aquasec.com/nvd/cve-2026-70632,,,UPSTREAM_FIXED_VERSION_VERIFIED,,https://security-tracker.debian.org/tracker/CVE-2026-70632,,"Reviewed upstream release threshold 7:9.0.2-1; runtime version and source hash verified. See preserved tracker feed, SHA256 d059b671f7cbb86a0341f779543f41813d93412e26c745d2c2473c49f89a81ac.",OPEN_MISSING_VENDOR_EVIDENCE,UPSTREAM_FIXED_VERSION_VERIFIED
sha256:4662cac700d64379a481f34fc0783e70b52eaa25bdef4d93b22e49b406da67c1 (debian 13.7),debian,ffmpeg,libavformat61,7:7.1.5-0+deb13u1,CVE-2026-75142,HIGH,,fix_deferred,https://avd.aquasec.com/nvd/cve-2026-75142,,,UPSTREAM_FIXED_VERSION_VERIFIED,,https://security-tracker.debian.org/tracker/CVE-2026-75142,,"Reviewed upstream release threshold 7:9.0.2-1; runtime version and source hash verified. See preserved tracker feed, SHA256 d059b671f7cbb86a0341f779543f41813d93412e26c745d2c2473c49f89a81ac.",OPEN_MISSING_VENDOR_EVIDENCE,UPSTREAM_FIXED_VERSION_VERIFIED
sha256:4662cac700d64379a481f34fc0783e70b52eaa25bdef4d93b22e49b406da67c1 (debian 13.7),debian,ffmpeg,libavformat61,7:7.1.5-0+deb13u1,CVE-2026-75143,HIGH,,fix_deferred,https://avd.aquasec.com/nvd/cve-2026-75143,,,UPSTREAM_FIXED_VERSION_VERIFIED,,https://security-tracker.debian.org/tracker/CVE-2026-75143,,"Reviewed upstream release threshold 7:9.0.2-1; runtime version and source hash verified. See preserved tracker feed, SHA256 d059b671f7cbb86a0341f779543f41813d93412e26c745d2c2473c49f89a81ac.",OPEN_MISSING_VENDOR_EVIDENCE,UPSTREAM_FIXED_VERSION_VERIFIED
sha256:4662cac700d64379a481f34fc0783e70b52eaa25bdef4d93b22e49b406da67c1 (debian 13.7),debian,ffmpeg,libavformat61,7:7.1.5-0+deb13u1,CVE-2026-75144,HIGH,,fix_deferred,https://avd.aquasec.com/nvd/cve-2026-75144,,,UPSTREAM_FIXED_VERSION_VERIFIED,,https://security-tracker.debian.org/tracker/CVE-2026-75144,,"Reviewed upstream release threshold 7:9.0.2-1; runtime version and source hash verified. See preserved tracker feed, SHA256 d059b671f7cbb86a0341f779543f41813d93412e26c745d2c2473c49f89a81ac.",OPEN_MISSING_VENDOR_EVIDENCE,UPSTREAM_FIXED_VERSION_VERIFIED
sha256:4662cac700d64379a481f34fc0783e70b52eaa25bdef4d93b22e49b406da67c1 (debian 13.7),debian,ffmpeg,libavformat61,7:7.1.5-0+deb13u1,CVE-2026-75146,HIGH,,fix_deferred,https://avd.aquasec.com/nvd/cve-2026-75146,,,UPSTREAM_FIXED_VERSION_VERIFIED,,https://security-tracker.debian.org/tracker/CVE-2026-75146,,"Reviewed upstream release threshold 7:9.0.2-1; runtime version and source hash verified. See preserved tracker feed, SHA256 d059b671f7cbb86a0341f779543f41813d93412e26c745d2c2473c49f89a81ac.",OPEN_MISSING_VENDOR_EVIDENCE,UPSTREAM_FIXED_VERSION_VERIFIED
sha256:4662cac700d64379a481f34fc0783e70b52eaa25bdef4d93b22e49b406da67c1 (debian 13.7),debian,ffmpeg,libavformat61,7:7.1.5-0+deb13u1,CVE-2026-18393,MEDIUM,,fix_deferred,https://avd.aquasec.com/nvd/cve-2026-18393,,,UPSTREAM_FIXED_VERSION_VERIFIED,,https://security-tracker.debian.org/tracker/CVE-2026-18393,,"Reviewed upstream release threshold 7:8.1.1-1; runtime version and source hash verified. See preserved tracker feed, SHA256 d059b671f7cbb86a0341f779543f41813d93412e26c745d2c2473c49f89a81ac.",OPEN_MISSING_VENDOR_EVIDENCE,UPSTREAM_FIXED_VERSION_VERIFIED
sha256:4662cac700d64379a481f34fc0783e70b52eaa25bdef4d93b22e49b406da67c1 (debian 13.7),debian,ffmpeg,libavformat61,7:7.1.5-0+deb13u1,CVE-2026-38350,MEDIUM,,fix_deferred,https://avd.aquasec.com/nvd/cve-2026-38350,,,UPSTREAM_FIXED_VERSION_VERIFIED,,https://security-tracker.debian.org/tracker/CVE-2026-38350,,"Reviewed upstream release threshold 7:8.0.1-2; runtime version and source hash verified. See preserved tracker feed, SHA256 d059b671f7cbb86a0341f779543f41813d93412e26c745d2c2473c49f89a81ac.",OPEN_MISSING_VENDOR_EVIDENCE,UPSTREAM_FIXED_VERSION_VERIFIED
sha256:4662cac700d64379a481f34fc0783e70b52eaa25bdef4d93b22e49b406da67c1 (debian 13.7),debian,ffmpeg,libavformat61,7:7.1.5-0+deb13u1,CVE-2026-6385,MEDIUM,,fix_deferred,https://avd.aquasec.com/nvd/cve-2026-6385,,,VULNERABLE_CODE_EXCLUDED_VERIFIED,,https://security-tracker.debian.org/tracker/CVE-2026-6385,,DVD subtitle decoder/parser and MPEG-PS demuxer disabled; installed configuration and decoder list verified. Not an upstream version fix.,OPEN_MISSING_VENDOR_EVIDENCE,VULNERABLE_CODE_EXCLUDED_VERIFIED
sha256:4662cac700d64379a481f34fc0783e70b52eaa25bdef4d93b22e49b406da67c1 (debian 13.7),debian,ffmpeg,libavformat61,7:7.1.5-0+deb13u1,CVE-2026-65703,MEDIUM,,fix_deferred,https://avd.aquasec.com/nvd/cve-2026-65703,,,UPSTREAM_FIXED_VERSION_VERIFIED,,https://security-tracker.debian.org/tracker/CVE-2026-65703,,"Reviewed upstream release threshold 7:9.0.2-1; runtime version and source hash verified. See preserved tracker feed, SHA256 d059b671f7cbb86a0341f779543f41813d93412e26c745d2c2473c49f89a81ac.",OPEN_MISSING_VENDOR_EVIDENCE,UPSTREAM_FIXED_VERSION_VERIFIED
sha256:4662cac700d64379a481f34fc0783e70b52eaa25bdef4d93b22e49b406da67c1 (debian 13.7),debian,ffmpeg,libavformat61,7:7.1.5-0+deb13u1,CVE-2026-65704,MEDIUM,,fix_deferred,https://avd.aquasec.com/nvd/cve-2026-65704,,,UPSTREAM_FIXED_VERSION_VERIFIED,,https://security-tracker.debian.org/tracker/CVE-2026-65704,,"Reviewed upstream release threshold 7:9.0.2-1; runtime version and source hash verified. See preserved tracker feed, SHA256 d059b671f7cbb86a0341f779543f41813d93412e26c745d2c2473c49f89a81ac.",OPEN_MISSING_VENDOR_EVIDENCE,UPSTREAM_FIXED_VERSION_VERIFIED
sha256:4662cac700d64379a481f34fc0783e70b52eaa25bdef4d93b22e49b406da67c1 (debian 13.7),debian,ffmpeg,libavformat61,7:7.1.5-0+deb13u1,CVE-2026-65705,MEDIUM,,fix_deferred,https://avd.aquasec.com/nvd/cve-2026-65705,,,UPSTREAM_FIXED_VERSION_VERIFIED,,https://security-tracker.debian.org/tracker/CVE-2026-65705,,"Reviewed upstream release threshold 7:9.0.2-1; runtime version and source hash verified. See preserved tracker feed, SHA256 d059b671f7cbb86a0341f779543f41813d93412e26c745d2c2473c49f89a81ac.",OPEN_MISSING_VENDOR_EVIDENCE,UPSTREAM_FIXED_VERSION_VERIFIED
sha256:4662cac700d64379a481f34fc0783e70b52eaa25bdef4d93b22e49b406da67c1 (debian 13.7),debian,ffmpeg,libavformat61,7:7.1.5-0+deb13u1,CVE-2026-65706,MEDIUM,,fix_deferred,https://avd.aquasec.com/nvd/cve-2026-65706,,,UPSTREAM_FIXED_VERSION_VERIFIED,,https://security-tracker.debian.org/tracker/CVE-2026-65706,,"Reviewed upstream release threshold 7:9.0.2-1; runtime version and source hash verified. See preserved tracker feed, SHA256 d059b671f7cbb86a0341f779543f41813d93412e26c745d2c2473c49f89a81ac.",OPEN_MISSING_VENDOR_EVIDENCE,UPSTREAM_FIXED_VERSION_VERIFIED
sha256:4662cac700d64379a481f34fc0783e70b52eaa25bdef4d93b22e49b406da67c1 (debian 13.7),debian,ffmpeg,libavformat61,7:7.1.5-0+deb13u1,CVE-2026-66037,MEDIUM,,fix_deferred,https://avd.aquasec.com/nvd/cve-2026-66037,,,UPSTREAM_FIXED_VERSION_VERIFIED,,https://security-tracker.debian.org/tracker/CVE-2026-66037,,"Reviewed upstream release threshold 7:9.0.2-1; runtime version and source hash verified. See preserved tracker feed, SHA256 d059b671f7cbb86a0341f779543f41813d93412e26c745d2c2473c49f89a81ac.",OPEN_MISSING_VENDOR_EVIDENCE,UPSTREAM_FIXED_VERSION_VERIFIED
sha256:4662cac700d64379a481f34fc0783e70b52eaa25bdef4d93b22e49b406da67c1 (debian 13.7),debian,ffmpeg,libavformat61,7:7.1.5-0+deb13u1,CVE-2026-66038,MEDIUM,,fix_deferred,https://avd.aquasec.com/nvd/cve-2026-66038,,,UPSTREAM_FIXED_VERSION_VERIFIED,,https://security-tracker.debian.org/tracker/CVE-2026-66038,,"Reviewed upstream release threshold 7:9.0.2-1; runtime version and source hash verified. See preserved tracker feed, SHA256 d059b671f7cbb86a0341f779543f41813d93412e26c745d2c2473c49f89a81ac.",OPEN_MISSING_VENDOR_EVIDENCE,UPSTREAM_FIXED_VERSION_VERIFIED
sha256:4662cac700d64379a481f34fc0783e70b52eaa25bdef4d93b22e49b406da67c1 (debian 13.7),debian,ffmpeg,libavformat61,7:7.1.5-0+deb13u1,CVE-2026-70629,MEDIUM,,fix_deferred,https://avd.aquasec.com/nvd/cve-2026-70629,,,UPSTREAM_FIXED_VERSION_VERIFIED,,https://security-tracker.debian.org/tracker/CVE-2026-70629,,"Reviewed upstream release threshold 7:9.0.2-1; runtime version and source hash verified. See preserved tracker feed, SHA256 d059b671f7cbb86a0341f779543f41813d93412e26c745d2c2473c49f89a81ac.",OPEN_MISSING_VENDOR_EVIDENCE,UPSTREAM_FIXED_VERSION_VERIFIED
sha256:4662cac700d64379a481f34fc0783e70b52eaa25bdef4d93b22e49b406da67c1 (debian 13.7),debian,ffmpeg,libavformat61,7:7.1.5-0+deb13u1,CVE-2026-70630,MEDIUM,,fix_deferred,https://avd.aquasec.com/nvd/cve-2026-70630,,,UPSTREAM_FIXED_VERSION_VERIFIED,,https://security-tracker.debian.org/tracker/CVE-2026-70630,,"Reviewed upstream release threshold 7:9.0.2-1; runtime version and source hash verified. See preserved tracker feed, SHA256 d059b671f7cbb86a0341f779543f41813d93412e26c745d2c2473c49f89a81ac.",OPEN_MISSING_VENDOR_EVIDENCE,UPSTREAM_FIXED_VERSION_VERIFIED
sha256:4662cac700d64379a481f34fc0783e70b52eaa25bdef4d93b22e49b406da67c1 (debian 13.7),debian,ffmpeg,libavformat61,7:7.1.5-0+deb13u1,CVE-2026-70631,MEDIUM,,fix_deferred,https://avd.aquasec.com/nvd/cve-2026-70631,,,UPSTREAM_FIXED_VERSION_VERIFIED,,https://security-tracker.debian.org/tracker/CVE-2026-70631,,"Reviewed upstream release threshold 7:9.0.2-1; runtime version and source hash verified. See preserved tracker feed, SHA256 d059b671f7cbb86a0341f779543f41813d93412e26c745d2c2473c49f89a81ac.",OPEN_MISSING_VENDOR_EVIDENCE,UPSTREAM_FIXED_VERSION_VERIFIED
sha256:4662cac700d64379a481f34fc0783e70b52eaa25bdef4d93b22e49b406da67c1 (debian 13.7),debian,ffmpeg,libavformat61,7:7.1.5-0+deb13u1,CVE-2026-75141,MEDIUM,,fix_deferred,https://avd.aquasec.com/nvd/cve-2026-75141,,,UPSTREAM_FIXED_VERSION_VERIFIED,,https://security-tracker.debian.org/tracker/CVE-2026-75141,,"Reviewed upstream release threshold 7:9.0.2-1; runtime version and source hash verified. See preserved tracker feed, SHA256 d059b671f7cbb86a0341f779543f41813d93412e26c745d2c2473c49f89a81ac.",OPEN_MISSING_VENDOR_EVIDENCE,UPSTREAM_FIXED_VERSION_VERIFIED
sha256:4662cac700d64379a481f34fc0783e70b52eaa25bdef4d93b22e49b406da67c1 (debian 13.7),debian,ffmpeg,libavformat61,7:7.1.5-0+deb13u1,CVE-2026-90816,MEDIUM,,will_not_fix,https://avd.aquasec.com/nvd/cve-2026-90816,,,UPSTREAM_FIXED_VERSION_VERIFIED,,https://security-tracker.debian.org/tracker/CVE-2026-90816,,"Reviewed upstream release threshold 7:8.1-1; runtime version and source hash verified. See preserved tracker feed, SHA256 d059b671f7cbb86a0341f779543f41813d93412e26c745d2c2473c49f89a81ac.",OPEN_MISSING_VENDOR_EVIDENCE,UPSTREAM_FIXED_VERSION_VERIFIED
sha256:4662cac700d64379a481f34fc0783e70b52eaa25bdef4d93b22e49b406da67c1 (debian 13.7),debian,ffmpeg,libavformat61,7:7.1.5-0+deb13u1,CVE-2026-30999,LOW,,affected,https://avd.aquasec.com/nvd/cve-2026-30999,,,UPSTREAM_FIXED_VERSION_VERIFIED,,https://security-tracker.debian.org/tracker/CVE-2026-30999,,"Reviewed upstream release threshold 7:8.1.2-1; runtime version and source hash verified. See preserved tracker feed, SHA256 d059b671f7cbb86a0341f779543f41813d93412e26c745d2c2473c49f89a81ac.",OPEN_MISSING_VENDOR_EVIDENCE,UPSTREAM_FIXED_VERSION_VERIFIED
sha256:4662cac700d64379a481f34fc0783e70b52eaa25bdef4d93b22e49b406da67c1 (debian 13.7),debian,ffmpeg,libavutil59,7:7.1.5-0+deb13u1,CVE-2026-58049,HIGH,,fix_deferred,https://avd.aquasec.com/nvd/cve-2026-58049,,,UPSTREAM_FIXED_VERSION_VERIFIED,,https://security-tracker.debian.org/tracker/CVE-2026-58049,,"Reviewed upstream release threshold 7:9.0.2-1; runtime version and source hash verified. See preserved tracker feed, SHA256 d059b671f7cbb86a0341f779543f41813d93412e26c745d2c2473c49f89a81ac.",OPEN_MISSING_VENDOR_EVIDENCE,UPSTREAM_FIXED_VERSION_VERIFIED
sha256:4662cac700d64379a481f34fc0783e70b52eaa25bdef4d93b22e49b406da67c1 (debian 13.7),debian,ffmpeg,libavutil59,7:7.1.5-0+deb13u1,CVE-2026-64830,HIGH,,fix_deferred,https://avd.aquasec.com/nvd/cve-2026-64830,,,UPSTREAM_FIXED_VERSION_VERIFIED,,https://security-tracker.debian.org/tracker/CVE-2026-64830,,"Reviewed upstream release threshold 7:9.0.2-1; runtime version and source hash verified. See preserved tracker feed, SHA256 d059b671f7cbb86a0341f779543f41813d93412e26c745d2c2473c49f89a81ac.",OPEN_MISSING_VENDOR_EVIDENCE,UPSTREAM_FIXED_VERSION_VERIFIED
sha256:4662cac700d64379a481f34fc0783e70b52eaa25bdef4d93b22e49b406da67c1 (debian 13.7),debian,ffmpeg,libavutil59,7:7.1.5-0+deb13u1,CVE-2026-64832,HIGH,,fix_deferred,https://avd.aquasec.com/nvd/cve-2026-64832,,,UPSTREAM_FIXED_VERSION_VERIFIED,,https://security-tracker.debian.org/tracker/CVE-2026-64832,,"Reviewed upstream release threshold 7:9.0.2-1; runtime version and source hash verified. See preserved tracker feed, SHA256 d059b671f7cbb86a0341f779543f41813d93412e26c745d2c2473c49f89a81ac.",OPEN_MISSING_VENDOR_EVIDENCE,UPSTREAM_FIXED_VERSION_VERIFIED
sha256:4662cac700d64379a481f34fc0783e70b52eaa25bdef4d93b22e49b406da67c1 (debian 13.7),debian,ffmpeg,libavutil59,7:7.1.5-0+deb13u1,CVE-2026-64833,HIGH,,fix_deferred,https://avd.aquasec.com/nvd/cve-2026-64833,,,UPSTREAM_FIXED_VERSION_VERIFIED,,https://security-tracker.debian.org/tracker/CVE-2026-64833,,"Reviewed upstream release threshold 7:9.0.2-1; runtime version and source hash verified. See preserved tracker feed, SHA256 d059b671f7cbb86a0341f779543f41813d93412e26c745d2c2473c49f89a81ac.",OPEN_MISSING_VENDOR_EVIDENCE,UPSTREAM_FIXED_VERSION_VERIFIED
sha256:4662cac700d64379a481f34fc0783e70b52eaa25bdef4d93b22e49b406da67c1 (debian 13.7),debian,ffmpeg,libavutil59,7:7.1.5-0+deb13u1,CVE-2026-64834,HIGH,,fix_deferred,https://avd.aquasec.com/nvd/cve-2026-64834,,,UPSTREAM_FIXED_VERSION_VERIFIED,,https://security-tracker.debian.org/tracker/CVE-2026-64834,,"Reviewed upstream release threshold 7:9.0.2-1; runtime version and source hash verified. See preserved tracker feed, SHA256 d059b671f7cbb86a0341f779543f41813d93412e26c745d2c2473c49f89a81ac.",OPEN_MISSING_VENDOR_EVIDENCE,UPSTREAM_FIXED_VERSION_VERIFIED
sha256:4662cac700d64379a481f34fc0783e70b52eaa25bdef4d93b22e49b406da67c1 (debian 13.7),debian,ffmpeg,libavutil59,7:7.1.5-0+deb13u1,CVE-2026-64835,HIGH,,fix_deferred,https://avd.aquasec.com/nvd/cve-2026-64835,,,UPSTREAM_FIXED_VERSION_VERIFIED,,https://security-tracker.debian.org/tracker/CVE-2026-64835,,"Reviewed upstream release threshold 7:9.0.2-1; runtime version and source hash verified. See preserved tracker feed, SHA256 d059b671f7cbb86a0341f779543f41813d93412e26c745d2c2473c49f89a81ac.",OPEN_MISSING_VENDOR_EVIDENCE,UPSTREAM_FIXED_VERSION_VERIFIED
sha256:4662cac700d64379a481f34fc0783e70b52eaa25bdef4d93b22e49b406da67c1 (debian 13.7),debian,ffmpeg,libavutil59,7:7.1.5-0+deb13u1,CVE-2026-66036,HIGH,,fix_deferred,https://avd.aquasec.com/nvd/cve-2026-66036,,,UPSTREAM_FIXED_VERSION_VERIFIED,,https://security-tracker.debian.org/tracker/CVE-2026-66036,,"Reviewed upstream release threshold 7:9.0.2-1; runtime version and source hash verified. See preserved tracker feed, SHA256 d059b671f7cbb86a0341f779543f41813d93412e26c745d2c2473c49f89a81ac.",OPEN_MISSING_VENDOR_EVIDENCE,UPSTREAM_FIXED_VERSION_VERIFIED
sha256:4662cac700d64379a481f34fc0783e70b52eaa25bdef4d93b22e49b406da67c1 (debian 13.7),debian,ffmpeg,libavutil59,7:7.1.5-0+deb13u1,CVE-2026-66039,HIGH,,fix_deferred,https://avd.aquasec.com/nvd/cve-2026-66039,,,UPSTREAM_FIXED_VERSION_VERIFIED,,https://security-tracker.debian.org/tracker/CVE-2026-66039,,"Reviewed upstream release threshold 7:9.0.2-1; runtime version and source hash verified. See preserved tracker feed, SHA256 d059b671f7cbb86a0341f779543f41813d93412e26c745d2c2473c49f89a81ac.",OPEN_MISSING_VENDOR_EVIDENCE,UPSTREAM_FIXED_VERSION_VERIFIED
sha256:4662cac700d64379a481f34fc0783e70b52eaa25bdef4d93b22e49b406da67c1 (debian 13.7),debian,ffmpeg,libavutil59,7:7.1.5-0+deb13u1,CVE-2026-66040,HIGH,,fix_deferred,https://avd.aquasec.com/nvd/cve-2026-66040,,,UPSTREAM_FIXED_VERSION_VERIFIED,,https://security-tracker.debian.org/tracker/CVE-2026-66040,,"Reviewed upstream release threshold 7:9.0.2-1; runtime version and source hash verified. See preserved tracker feed, SHA256 d059b671f7cbb86a0341f779543f41813d93412e26c745d2c2473c49f89a81ac.",OPEN_MISSING_VENDOR_EVIDENCE,UPSTREAM_FIXED_VERSION_VERIFIED
sha256:4662cac700d64379a481f34fc0783e70b52eaa25bdef4d93b22e49b406da67c1 (debian 13.7),debian,ffmpeg,libavutil59,7:7.1.5-0+deb13u1,CVE-2026-66041,HIGH,,fix_deferred,https://avd.aquasec.com/nvd/cve-2026-66041,,,UPSTREAM_FIXED_VERSION_VERIFIED,,https://security-tracker.debian.org/tracker/CVE-2026-66041,,"Reviewed upstream release threshold 7:9.0.2-1; runtime version and source hash verified. See preserved tracker feed, SHA256 d059b671f7cbb86a0341f779543f41813d93412e26c745d2c2473c49f89a81ac.",OPEN_MISSING_VENDOR_EVIDENCE,UPSTREAM_FIXED_VERSION_VERIFIED
sha256:4662cac700d64379a481f34fc0783e70b52eaa25bdef4d93b22e49b406da67c1 (debian 13.7),debian,ffmpeg,libavutil59,7:7.1.5-0+deb13u1,CVE-2026-70628,HIGH,,fix_deferred,https://avd.aquasec.com/nvd/cve-2026-70628,,,UPSTREAM_FIXED_VERSION_VERIFIED,,https://security-tracker.debian.org/tracker/CVE-2026-70628,,"Reviewed upstream release threshold 7:9.0.2-1; runtime version and source hash verified. See preserved tracker feed, SHA256 d059b671f7cbb86a0341f779543f41813d93412e26c745d2c2473c49f89a81ac.",OPEN_MISSING_VENDOR_EVIDENCE,UPSTREAM_FIXED_VERSION_VERIFIED
sha256:4662cac700d64379a481f34fc0783e70b52eaa25bdef4d93b22e49b406da67c1 (debian 13.7),debian,ffmpeg,libavutil59,7:7.1.5-0+deb13u1,CVE-2026-70632,HIGH,,fix_deferred,https://avd.aquasec.com/nvd/cve-2026-70632,,,UPSTREAM_FIXED_VERSION_VERIFIED,,https://security-tracker.debian.org/tracker/CVE-2026-70632,,"Reviewed upstream release threshold 7:9.0.2-1; runtime version and source hash verified. See preserved tracker feed, SHA256 d059b671f7cbb86a0341f779543f41813d93412e26c745d2c2473c49f89a81ac.",OPEN_MISSING_VENDOR_EVIDENCE,UPSTREAM_FIXED_VERSION_VERIFIED
sha256:4662cac700d64379a481f34fc0783e70b52eaa25bdef4d93b22e49b406da67c1 (debian 13.7),debian,ffmpeg,libavutil59,7:7.1.5-0+deb13u1,CVE-2026-75142,HIGH,,fix_deferred,https://avd.aquasec.com/nvd/cve-2026-75142,,,UPSTREAM_FIXED_VERSION_VERIFIED,,https://security-tracker.debian.org/tracker/CVE-2026-75142,,"Reviewed upstream release threshold 7:9.0.2-1; runtime version and source hash verified. See preserved tracker feed, SHA256 d059b671f7cbb86a0341f779543f41813d93412e26c745d2c2473c49f89a81ac.",OPEN_MISSING_VENDOR_EVIDENCE,UPSTREAM_FIXED_VERSION_VERIFIED
sha256:4662cac700d64379a481f34fc0783e70b52eaa25bdef4d93b22e49b406da67c1 (debian 13.7),debian,ffmpeg,libavutil59,7:7.1.5-0+deb13u1,CVE-2026-75143,HIGH,,fix_deferred,https://avd.aquasec.com/nvd/cve-2026-75143,,,UPSTREAM_FIXED_VERSION_VERIFIED,,https://security-tracker.debian.org/tracker/CVE-2026-75143,,"Reviewed upstream release threshold 7:9.0.2-1; runtime version and source hash verified. See preserved tracker feed, SHA256 d059b671f7cbb86a0341f779543f41813d93412e26c745d2c2473c49f89a81ac.",OPEN_MISSING_VENDOR_EVIDENCE,UPSTREAM_FIXED_VERSION_VERIFIED
sha256:4662cac700d64379a481f34fc0783e70b52eaa25bdef4d93b22e49b406da67c1 (debian 13.7),debian,ffmpeg,libavutil59,7:7.1.5-0+deb13u1,CVE-2026-75144,HIGH,,fix_deferred,https://avd.aquasec.com/nvd/cve-2026-75144,,,UPSTREAM_FIXED_VERSION_VERIFIED,,https://security-tracker.debian.org/tracker/CVE-2026-75144,,"Reviewed upstream release threshold 7:9.0.2-1; runtime version and source hash verified. See preserved tracker feed, SHA256 d059b671f7cbb86a0341f779543f41813d93412e26c745d2c2473c49f89a81ac.",OPEN_MISSING_VENDOR_EVIDENCE,UPSTREAM_FIXED_VERSION_VERIFIED
sha256:4662cac700d64379a481f34fc0783e70b52eaa25bdef4d93b22e49b406da67c1 (debian 13.7),debian,ffmpeg,libavutil59,7:7.1.5-0+deb13u1,CVE-2026-75146,HIGH,,fix_deferred,https://avd.aquasec.com/nvd/cve-2026-75146,,,UPSTREAM_FIXED_VERSION_VERIFIED,,https://security-tracker.debian.org/tracker/CVE-2026-75146,,"Reviewed upstream release threshold 7:9.0.2-1; runtime version and source hash verified. See preserved tracker feed, SHA256 d059b671f7cbb86a0341f779543f41813d93412e26c745d2c2473c49f89a81ac.",OPEN_MISSING_VENDOR_EVIDENCE,UPSTREAM_FIXED_VERSION_VERIFIED
sha256:4662cac700d64379a481f34fc0783e70b52eaa25bdef4d93b22e49b406da67c1 (debian 13.7),debian,ffmpeg,libavutil59,7:7.1.5-0+deb13u1,CVE-2026-18393,MEDIUM,,fix_deferred,https://avd.aquasec.com/nvd/cve-2026-18393,,,UPSTREAM_FIXED_VERSION_VERIFIED,,https://security-tracker.debian.org/tracker/CVE-2026-18393,,"Reviewed upstream release threshold 7:8.1.1-1; runtime version and source hash verified. See preserved tracker feed, SHA256 d059b671f7cbb86a0341f779543f41813d93412e26c745d2c2473c49f89a81ac.",OPEN_MISSING_VENDOR_EVIDENCE,UPSTREAM_FIXED_VERSION_VERIFIED
sha256:4662cac700d64379a481f34fc0783e70b52eaa25bdef4d93b22e49b406da67c1 (debian 13.7),debian,ffmpeg,libavutil59,7:7.1.5-0+deb13u1,CVE-2026-38350,MEDIUM,,fix_deferred,https://avd.aquasec.com/nvd/cve-2026-38350,,,UPSTREAM_FIXED_VERSION_VERIFIED,,https://security-tracker.debian.org/tracker/CVE-2026-38350,,"Reviewed upstream release threshold 7:8.0.1-2; runtime version and source hash verified. See preserved tracker feed, SHA256 d059b671f7cbb86a0341f779543f41813d93412e26c745d2c2473c49f89a81ac.",OPEN_MISSING_VENDOR_EVIDENCE,UPSTREAM_FIXED_VERSION_VERIFIED
sha256:4662cac700d64379a481f34fc0783e70b52eaa25bdef4d93b22e49b406da67c1 (debian 13.7),debian,ffmpeg,libavutil59,7:7.1.5-0+deb13u1,CVE-2026-6385,MEDIUM,,fix_deferred,https://avd.aquasec.com/nvd/cve-2026-6385,,,VULNERABLE_CODE_EXCLUDED_VERIFIED,,https://security-tracker.debian.org/tracker/CVE-2026-6385,,DVD subtitle decoder/parser and MPEG-PS demuxer disabled; installed configuration and decoder list verified. Not an upstream version fix.,OPEN_MISSING_VENDOR_EVIDENCE,VULNERABLE_CODE_EXCLUDED_VERIFIED
sha256:4662cac700d64379a481f34fc0783e70b52eaa25bdef4d93b22e49b406da67c1 (debian 13.7),debian,ffmpeg,libavutil59,7:7.1.5-0+deb13u1,CVE-2026-65703,MEDIUM,,fix_deferred,https://avd.aquasec.com/nvd/cve-2026-65703,,,UPSTREAM_FIXED_VERSION_VERIFIED,,https://security-tracker.debian.org/tracker/CVE-2026-65703,,"Reviewed upstream release threshold 7:9.0.2-1; runtime version and source hash verified. See preserved tracker feed, SHA256 d059b671f7cbb86a0341f779543f41813d93412e26c745d2c2473c49f89a81ac.",OPEN_MISSING_VENDOR_EVIDENCE,UPSTREAM_FIXED_VERSION_VERIFIED
sha256:4662cac700d64379a481f34fc0783e70b52eaa25bdef4d93b22e49b406da67c1 (debian 13.7),debian,ffmpeg,libavutil59,7:7.1.5-0+deb13u1,CVE-2026-65704,MEDIUM,,fix_deferred,https://avd.aquasec.com/nvd/cve-2026-65704,,,UPSTREAM_FIXED_VERSION_VERIFIED,,https://security-tracker.debian.org/tracker/CVE-2026-65704,,"Reviewed upstream release threshold 7:9.0.2-1; runtime version and source hash verified. See preserved tracker feed, SHA256 d059b671f7cbb86a0341f779543f41813d93412e26c745d2c2473c49f89a81ac.",OPEN_MISSING_VENDOR_EVIDENCE,UPSTREAM_FIXED_VERSION_VERIFIED
sha256:4662cac700d64379a481f34fc0783e70b52eaa25bdef4d93b22e49b406da67c1 (debian 13.7),debian,ffmpeg,libavutil59,7:7.1.5-0+deb13u1,CVE-2026-65705,MEDIUM,,fix_deferred,https://avd.aquasec.com/nvd/cve-2026-65705,,,UPSTREAM_FIXED_VERSION_VERIFIED,,https://security-tracker.debian.org/tracker/CVE-2026-65705,,"Reviewed upstream release threshold 7:9.0.2-1; runtime version and source hash verified. See preserved tracker feed, SHA256 d059b671f7cbb86a0341f779543f41813d93412e26c745d2c2473c49f89a81ac.",OPEN_MISSING_VENDOR_EVIDENCE,UPSTREAM_FIXED_VERSION_VERIFIED
sha256:4662cac700d64379a481f34fc0783e70b52eaa25bdef4d93b22e49b406da67c1 (debian 13.7),debian,ffmpeg,libavutil59,7:7.1.5-0+deb13u1,CVE-2026-65706,MEDIUM,,fix_deferred,https://avd.aquasec.com/nvd/cve-2026-65706,,,UPSTREAM_FIXED_VERSION_VERIFIED,,https://security-tracker.debian.org/tracker/CVE-2026-65706,,"Reviewed upstream release threshold 7:9.0.2-1; runtime version and source hash verified. See preserved tracker feed, SHA256 d059b671f7cbb86a0341f779543f41813d93412e26c745d2c2473c49f89a81ac.",OPEN_MISSING_VENDOR_EVIDENCE,UPSTREAM_FIXED_VERSION_VERIFIED
sha256:4662cac700d64379a481f34fc0783e70b52eaa25bdef4d93b22e49b406da67c1 (debian 13.7),debian,ffmpeg,libavutil59,7:7.1.5-0+deb13u1,CVE-2026-66037,MEDIUM,,fix_deferred,https://avd.aquasec.com/nvd/cve-2026-66037,,,UPSTREAM_FIXED_VERSION_VERIFIED,,https://security-tracker.debian.org/tracker/CVE-2026-66037,,"Reviewed upstream release threshold 7:9.0.2-1; runtime version and source hash verified. See preserved tracker feed, SHA256 d059b671f7cbb86a0341f779543f41813d93412e26c745d2c2473c49f89a81ac.",OPEN_MISSING_VENDOR_EVIDENCE,UPSTREAM_FIXED_VERSION_VERIFIED
sha256:4662cac700d64379a481f34fc0783e70b52eaa25bdef4d93b22e49b406da67c1 (debian 13.7),debian,ffmpeg,libavutil59,7:7.1.5-0+deb13u1,CVE-2026-66038,MEDIUM,,fix_deferred,https://avd.aquasec.com/nvd/cve-2026-66038,,,UPSTREAM_FIXED_VERSION_VERIFIED,,https://security-tracker.debian.org/tracker/CVE-2026-66038,,"Reviewed upstream release threshold 7:9.0.2-1; runtime version and source hash verified. See preserved tracker feed, SHA256 d059b671f7cbb86a0341f779543f41813d93412e26c745d2c2473c49f89a81ac.",OPEN_MISSING_VENDOR_EVIDENCE,UPSTREAM_FIXED_VERSION_VERIFIED
sha256:4662cac700d64379a481f34fc0783e70b52eaa25bdef4d93b22e49b406da67c1 (debian 13.7),debian,ffmpeg,libavutil59,7:7.1.5-0+deb13u1,CVE-2026-70629,MEDIUM,,fix_deferred,https://avd.aquasec.com/nvd/cve-2026-70629,,,UPSTREAM_FIXED_VERSION_VERIFIED,,https://security-tracker.debian.org/tracker/CVE-2026-70629,,"Reviewed upstream release threshold 7:9.0.2-1; runtime version and source hash verified. See preserved tracker feed, SHA256 d059b671f7cbb86a0341f779543f41813d93412e26c745d2c2473c49f89a81ac.",OPEN_MISSING_VENDOR_EVIDENCE,UPSTREAM_FIXED_VERSION_VERIFIED
sha256:4662cac700d64379a481f34fc0783e70b52eaa25bdef4d93b22e49b406da67c1 (debian 13.7),debian,ffmpeg,libavutil59,7:7.1.5-0+deb13u1,CVE-2026-70630,MEDIUM,,fix_deferred,https://avd.aquasec.com/nvd/cve-2026-70630,,,UPSTREAM_FIXED_VERSION_VERIFIED,,https://security-tracker.debian.org/tracker/CVE-2026-70630,,"Reviewed upstream release threshold 7:9.0.2-1; runtime version and source hash verified. See preserved tracker feed, SHA256 d059b671f7cbb86a0341f779543f41813d93412e26c745d2c2473c49f89a81ac.",OPEN_MISSING_VENDOR_EVIDENCE,UPSTREAM_FIXED_VERSION_VERIFIED
sha256:4662cac700d64379a481f34fc0783e70b52eaa25bdef4d93b22e49b406da67c1 (debian 13.7),debian,ffmpeg,libavutil59,7:7.1.5-0+deb13u1,CVE-2026-70631,MEDIUM,,fix_deferred,https://avd.aquasec.com/nvd/cve-2026-70631,,,UPSTREAM_FIXED_VERSION_VERIFIED,,https://security-tracker.debian.org/tracker/CVE-2026-70631,,"Reviewed upstream release threshold 7:9.0.2-1; runtime version and source hash verified. See preserved tracker feed, SHA256 d059b671f7cbb86a0341f779543f41813d93412e26c745d2c2473c49f89a81ac.",OPEN_MISSING_VENDOR_EVIDENCE,UPSTREAM_FIXED_VERSION_VERIFIED
sha256:4662cac700d64379a481f34fc0783e70b52eaa25bdef4d93b22e49b406da67c1 (debian 13.7),debian,ffmpeg,libavutil59,7:7.1.5-0+deb13u1,CVE-2026-75141,MEDIUM,,fix_deferred,https://avd.aquasec.com/nvd/cve-2026-75141,,,UPSTREAM_FIXED_VERSION_VERIFIED,,https://security-tracker.debian.org/tracker/CVE-2026-75141,,"Reviewed upstream release threshold 7:9.0.2-1; runtime version and source hash verified. See preserved tracker feed, SHA256 d059b671f7cbb86a0341f779543f41813d93412e26c745d2c2473c49f89a81ac.",OPEN_MISSING_VENDOR_EVIDENCE,UPSTREAM_FIXED_VERSION_VERIFIED
sha256:4662cac700d64379a481f34fc0783e70b52eaa25bdef4d93b22e49b406da67c1 (debian 13.7),debian,ffmpeg,libavutil59,7:7.1.5-0+deb13u1,CVE-2026-90816,MEDIUM,,will_not_fix,https://avd.aquasec.com/nvd/cve-2026-90816,,,UPSTREAM_FIXED_VERSION_VERIFIED,,https://security-tracker.debian.org/tracker/CVE-2026-90816,,"Reviewed upstream release threshold 7:8.1-1; runtime version and source hash verified. See preserved tracker feed, SHA256 d059b671f7cbb86a0341f779543f41813d93412e26c745d2c2473c49f89a81ac.",OPEN_MISSING_VENDOR_EVIDENCE,UPSTREAM_FIXED_VERSION_VERIFIED
sha256:4662cac700d64379a481f34fc0783e70b52eaa25bdef4d93b22e49b406da67c1 (debian 13.7),debian,ffmpeg,libavutil59,7:7.1.5-0+deb13u1,CVE-2026-30999,LOW,,affected,https://avd.aquasec.com/nvd/cve-2026-30999,,,UPSTREAM_FIXED_VERSION_VERIFIED,,https://security-tracker.debian.org/tracker/CVE-2026-30999,,"Reviewed upstream release threshold 7:8.1.2-1; runtime version and source hash verified. See preserved tracker feed, SHA256 d059b671f7cbb86a0341f779543f41813d93412e26c745d2c2473c49f89a81ac.",OPEN_MISSING_VENDOR_EVIDENCE,UPSTREAM_FIXED_VERSION_VERIFIED
sha256:4662cac700d64379a481f34fc0783e70b52eaa25bdef4d93b22e49b406da67c1 (debian 13.7),debian,util-linux,libblkid1,2.41.5-0+deb13u1,CVE-2026-76642,HIGH,,affected,https://avd.aquasec.com/nvd/cve-2026-76642,2.41.3-3ubuntu2.2 (other utilities); 2.42.4+lms1 (reviewed affected components),,UPSTREAM_AFFECTED_COMPONENTS_FIXED_VERIFIED,under_investigation,https://security-tracker.debian.org/tracker/CVE-2026-76642,pkg:deb/ubuntu/util-linux@2.41.3-3ubuntu2.2?arch=source&distro=resolute,"Affected mount/umount/nsenter and libmount code upgraded to upstream 2.42.4; hashes, versioned ABI exports and runtime compatibility checked. Other Ubuntu util-linux binaries retain their original versions. This closes only four reviewed advisories.",OPEN_UNDER_INVESTIGATION,OPEN_UNDER_INVESTIGATION
sha256:4662cac700d64379a481f34fc0783e70b52eaa25bdef4d93b22e49b406da67c1 (debian 13.7),debian,util-linux,libblkid1,2.41.5-0+deb13u1,CVE-2026-78408,HIGH,,affected,https://avd.aquasec.com/nvd/cve-2026-78408,2.41.3-3ubuntu2.2 (other utilities); 2.42.4+lms1 (reviewed affected components),,UPSTREAM_AFFECTED_COMPONENTS_FIXED_VERIFIED,under_investigation,https://security-tracker.debian.org/tracker/CVE-2026-78408,pkg:deb/ubuntu/util-linux@2.41.3-3ubuntu2.2?arch=source&distro=resolute,"Affected mount/umount/nsenter and libmount code upgraded to upstream 2.42.4; hashes, versioned ABI exports and runtime compatibility checked. Other Ubuntu util-linux binaries retain their original versions. This closes only four reviewed advisories.",OPEN_UNDER_INVESTIGATION,OPEN_UNDER_INVESTIGATION
sha256:4662cac700d64379a481f34fc0783e70b52eaa25bdef4d93b22e49b406da67c1 (debian 13.7),debian,util-linux,libblkid1,2.41.5-0+deb13u1,CVE-2026-78409,HIGH,,affected,https://avd.aquasec.com/nvd/cve-2026-78409,2.41.3-3ubuntu2.2 (other utilities); 2.42.4+lms1 (reviewed affected components),,UPSTREAM_AFFECTED_COMPONENTS_FIXED_VERIFIED,under_investigation,https://security-tracker.debian.org/tracker/CVE-2026-78409,pkg:deb/ubuntu/util-linux@2.41.3-3ubuntu2.2?arch=source&distro=resolute,"Affected mount/umount/nsenter and libmount code upgraded to upstream 2.42.4; hashes, versioned ABI exports and runtime compatibility checked. Other Ubuntu util-linux binaries retain their original versions. This closes only four reviewed advisories.",OPEN_UNDER_INVESTIGATION,OPEN_UNDER_INVESTIGATION
sha256:4662cac700d64379a481f34fc0783e70b52eaa25bdef4d93b22e49b406da67c1 (debian 13.7),debian,util-linux,libblkid1,2.41.5-0+deb13u1,CVE-2026-78410,HIGH,,affected,https://avd.aquasec.com/nvd/cve-2026-78410,2.41.3-3ubuntu2.2 (other utilities); 2.42.4+lms1 (reviewed affected components),,UPSTREAM_AFFECTED_COMPONENTS_FIXED_VERIFIED,under_investigation,https://security-tracker.debian.org/tracker/CVE-2026-78410,pkg:deb/ubuntu/util-linux@2.41.3-3ubuntu2.2?arch=source&distro=resolute,"Affected mount/umount/nsenter and libmount code upgraded to upstream 2.42.4; hashes, versioned ABI exports and runtime compatibility checked. Other Ubuntu util-linux binaries retain their original versions. This closes only four reviewed advisories.",OPEN_UNDER_INVESTIGATION,OPEN_UNDER_INVESTIGATION
sha256:4662cac700d64379a481f34fc0783e70b52eaa25bdef4d93b22e49b406da67c1 (debian 13.7),debian,util-linux,libblkid1,2.41.5-0+deb13u1,CVE-2026-3184,MEDIUM,,affected,https://avd.aquasec.com/nvd/cve-2026-3184,2.41.3-3ubuntu2.2,,VENDOR_FIXED_VERSION_CONFIRMED,fixed,https://raw.githubusercontent.com/canonical/ubuntu-security-notices/a3f40224dd201a816b4725891b70d22f7809225f/vex/cve/2026/CVE-2026-3184.json,pkg:deb/ubuntu/util-linux@2.41.3-3ubuntu2.2?arch=source&distro=resolute,"This package (for the given release) was vulnerable, but an update has been uploaded and published.",VENDOR_FIXED_VERSION_CONFIRMED,VENDOR_FIXED_VERSION_CONFIRMED
sha256:4662cac700d64379a481f34fc0783e70b52eaa25bdef4d93b22e49b406da67c1 (debian 13.7),debian,util-linux,libblkid1,2.41.5-0+deb13u1,CVE-2022-0563,LOW,,affected,https://avd.aquasec.com/nvd/cve-2022-0563,2.41.3-3ubuntu2.2,,OPEN_MISSING_VENDOR_EVIDENCE,,https://raw.githubusercontent.com/canonical/ubuntu-security-notices/a3f40224dd201a816b4725891b70d22f7809225f/vex/cve/2022/CVE-2022-0563.json,,No applicable vendor statement; missing matches are not fixes.,OPEN_MISSING_VENDOR_EVIDENCE,OPEN_MISSING_VENDOR_EVIDENCE
sha256:4662cac700d64379a481f34fc0783e70b52eaa25bdef4d93b22e49b406da67c1 (debian 13.7),debian,bzip2,libbz2-1.0,1.0.8-6,CVE-2026-42250,MEDIUM,,affected,https://avd.aquasec.com/nvd/cve-2026-42250,1.0.8-6ubuntu0.1,,VENDOR_FIXED_VERSION_CONFIRMED,fixed,https://raw.githubusercontent.com/canonical/ubuntu-security-notices/a3f40224dd201a816b4725891b70d22f7809225f/vex/cve/2026/CVE-2026-42250.json,pkg:deb/ubuntu/bzip2@1.0.8-6ubuntu0.1?arch=source&distro=resolute,"This package (for the given release) was vulnerable, but an update has been uploaded and published.",VENDOR_FIXED_VERSION_CONFIRMED,VENDOR_FIXED_VERSION_CONFIRMED
sha256:4662cac700d64379a481f34fc0783e70b52eaa25bdef4d93b22e49b406da67c1 (debian 13.7),debian,glibc,libc-bin,2.41-12+deb13u4,CVE-2026-18374,MEDIUM,,affected,https://avd.aquasec.com/nvd/cve-2026-18374,2.43-2ubuntu2.4,MEDIUM,OPEN_AFFECTED,affected,https://raw.githubusercontent.com/canonical/ubuntu-security-notices/a3f40224dd201a816b4725891b70d22f7809225f/vex/cve/2026/CVE-2026-18374.json,pkg:deb/ubuntu/glibc@2.43-2ubuntu2.4?arch=source&distro=resolute,Ubuntu Security Team classified this CVE as of Medium priority.,OPEN_AFFECTED,OPEN_AFFECTED
sha256:4662cac700d64379a481f34fc0783e70b52eaa25bdef4d93b22e49b406da67c1 (debian 13.7),debian,glibc,libc-bin,2.41-12+deb13u4,CVE-2026-19499,MEDIUM,,affected,https://avd.aquasec.com/nvd/cve-2026-19499,2.43-2ubuntu2.4,,VENDOR_FIXED_VERSION_CONFIRMED,fixed,https://raw.githubusercontent.com/canonical/ubuntu-security-notices/a3f40224dd201a816b4725891b70d22f7809225f/vex/cve/2026/CVE-2026-19499.json,pkg:deb/ubuntu/glibc@2.43-2ubuntu2.4?arch=source&distro=resolute,"This package (for the given release) was vulnerable, but an update has been uploaded and published.",VENDOR_FIXED_VERSION_CONFIRMED,VENDOR_FIXED_VERSION_CONFIRMED
sha256:4662cac700d64379a481f34fc0783e70b52eaa25bdef4d93b22e49b406da67c1 (debian 13.7),debian,glibc,libc-bin,2.41-12+deb13u4,CVE-2026-19542,MEDIUM,,affected,https://avd.aquasec.com/nvd/cve-2026-19542,2.43-2ubuntu2.4,,VENDOR_FIXED_VERSION_CONFIRMED,fixed,https://raw.githubusercontent.com/canonical/ubuntu-security-notices/a3f40224dd201a816b4725891b70d22f7809225f/vex/cve/2026/CVE-2026-19542.json,pkg:deb/ubuntu/glibc@2.43-2ubuntu2.4?arch=source&distro=resolute,"This package (for the given release) was vulnerable, but an update has been uploaded and published.",VENDOR_FIXED_VERSION_CONFIRMED,VENDOR_FIXED_VERSION_CONFIRMED
sha256:4662cac700d64379a481f34fc0783e70b52eaa25bdef4d93b22e49b406da67c1 (debian 13.7),debian,glibc,libc-bin,2.41-12+deb13u4,CVE-2026-5435,MEDIUM,,affected,https://avd.aquasec.com/nvd/cve-2026-5435,2.43-2ubuntu2.4,,VENDOR_FIXED_VERSION_CONFIRMED,fixed,https://raw.githubusercontent.com/canonical/ubuntu-security-notices/a3f40224dd201a816b4725891b70d22f7809225f/vex/cve/2026/CVE-2026-5435.json,pkg:deb/ubuntu/glibc@2.43-2ubuntu2.4?arch=source&distro=resolute,"This package (for the given release) was vulnerable, but an update has been uploaded and published.",VENDOR_FIXED_VERSION_CONFIRMED,VENDOR_FIXED_VERSION_CONFIRMED
sha256:4662cac700d64379a481f34fc0783e70b52eaa25bdef4d93b22e49b406da67c1 (debian 13.7),debian,glibc,libc-bin,2.41-12+deb13u4,CVE-2026-6238,MEDIUM,,affected,https://avd.aquasec.com/nvd/cve-2026-6238,2.43-2ubuntu2.4,,VENDOR_FIXED_VERSION_CONFIRMED,fixed,https://raw.githubusercontent.com/canonical/ubuntu-security-notices/a3f40224dd201a816b4725891b70d22f7809225f/vex/cve/2026/CVE-2026-6238.json,pkg:deb/ubuntu/glibc@2.43-2ubuntu2.4?arch=source&distro=resolute,"This package (for the given release) was vulnerable, but an update has been uploaded and published.",VENDOR_FIXED_VERSION_CONFIRMED,VENDOR_FIXED_VERSION_CONFIRMED
sha256:4662cac700d64379a481f34fc0783e70b52eaa25bdef4d93b22e49b406da67c1 (debian 13.7),debian,glibc,libc-bin,2.41-12+deb13u4,CVE-2026-6368,MEDIUM,,affected,https://avd.aquasec.com/nvd/cve-2026-6368,2.43-2ubuntu2.4,,VENDOR_FIXED_VERSION_CONFIRMED,fixed,https://raw.githubusercontent.com/canonical/ubuntu-security-notices/a3f40224dd201a816b4725891b70d22f7809225f/vex/cve/2026/CVE-2026-6368.json,pkg:deb/ubuntu/glibc@2.43-2ubuntu2.4?arch=source&distro=resolute,"This package (for the given release) was vulnerable, but an update has been uploaded and published.",VENDOR_FIXED_VERSION_CONFIRMED,VENDOR_FIXED_VERSION_CONFIRMED
sha256:4662cac700d64379a481f34fc0783e70b52eaa25bdef4d93b22e49b406da67c1 (debian 13.7),debian,glibc,libc-bin,2.41-12+deb13u4,CVE-2026-6791,MEDIUM,,affected,https://avd.aquasec.com/nvd/cve-2026-6791,2.43-2ubuntu2.4,,VENDOR_FIXED_VERSION_CONFIRMED,fixed,https://raw.githubusercontent.com/canonical/ubuntu-security-notices/a3f40224dd201a816b4725891b70d22f7809225f/vex/cve/2026/CVE-2026-6791.json,pkg:deb/ubuntu/glibc@2.43-2ubuntu2.4?arch=source&distro=resolute,"This package (for the given release) was vulnerable, but an update has been uploaded and published.",VENDOR_FIXED_VERSION_CONFIRMED,VENDOR_FIXED_VERSION_CONFIRMED
sha256:4662cac700d64379a481f34fc0783e70b52eaa25bdef4d93b22e49b406da67c1 (debian 13.7),debian,glibc,libc-bin,2.41-12+deb13u4,CVE-2026-77117,MEDIUM,,affected,https://avd.aquasec.com/nvd/cve-2026-77117,2.43-2ubuntu2.4,,VENDOR_FIXED_VERSION_CONFIRMED,fixed,https://raw.githubusercontent.com/canonical/ubuntu-security-notices/a3f40224dd201a816b4725891b70d22f7809225f/vex/cve/2026/CVE-2026-77117.json,pkg:deb/ubuntu/glibc@2.43-2ubuntu2.4?arch=source&distro=resolute,"This package (for the given release) was vulnerable, but an update has been uploaded and published.",VENDOR_FIXED_VERSION_CONFIRMED,VENDOR_FIXED_VERSION_CONFIRMED
sha256:4662cac700d64379a481f34fc0783e70b52eaa25bdef4d93b22e49b406da67c1 (debian 13.7),debian,glibc,libc-bin,2.41-12+deb13u4,CVE-2026-80489,MEDIUM,,affected,https://avd.aquasec.com/nvd/cve-2026-80489,2.43-2ubuntu2.4,,VENDOR_FIXED_VERSION_CONFIRMED,fixed,https://raw.githubusercontent.com/canonical/ubuntu-security-notices/a3f40224dd201a816b4725891b70d22f7809225f/vex/cve/2026/CVE-2026-80489.json,pkg:deb/ubuntu/glibc@2.43-2ubuntu2.4?arch=source&distro=resolute,"This package (for the given release) was vulnerable, but an update has been uploaded and published.",VENDOR_FIXED_VERSION_CONFIRMED,VENDOR_FIXED_VERSION_CONFIRMED
sha256:4662cac700d64379a481f34fc0783e70b52eaa25bdef4d93b22e49b406da67c1 (debian 13.7),debian,glibc,libc-bin,2.41-12+deb13u4,CVE-2026-8674,MEDIUM,,affected,https://avd.aquasec.com/nvd/cve-2026-8674,2.43-2ubuntu2.4,,OPEN_UNDER_INVESTIGATION,under_investigation,https://raw.githubusercontent.com/canonical/ubuntu-security-notices/a3f40224dd201a816b4725891b70d22f7809225f/vex/cve/2026/CVE-2026-8674.json,pkg:deb/ubuntu/glibc@2.43-2ubuntu2.4?arch=source&distro=resolute,Ubuntu Security Team classified this CVE as of Medium priority.,OPEN_UNDER_INVESTIGATION,OPEN_UNDER_INVESTIGATION
sha256:4662cac700d64379a481f34fc0783e70b52eaa25bdef4d93b22e49b406da67c1 (debian 13.7),debian,glibc,libc-bin,2.41-12+deb13u4,CVE-2026-86805,MEDIUM,,affected,https://avd.aquasec.com/nvd/cve-2026-86805,2.43-2ubuntu2.4,,OPEN_UNDER_INVESTIGATION,under_investigation,https://raw.githubusercontent.com/canonical/ubuntu-security-notices/a3f40224dd201a816b4725891b70d22f7809225f/vex/cve/2026/CVE-2026-86805.json,pkg:deb/ubuntu/glibc@2.43-2ubuntu2.4?arch=source&distro=resolute,Ubuntu Security Team classified this CVE as of Medium priority.,OPEN_UNDER_INVESTIGATION,OPEN_UNDER_INVESTIGATION
sha256:4662cac700d64379a481f34fc0783e70b52eaa25bdef4d93b22e49b406da67c1 (debian 13.7),debian,glibc,libc-bin,2.41-12+deb13u4,CVE-2026-89092,MEDIUM,,affected,https://avd.aquasec.com/nvd/cve-2026-89092,2.43-2ubuntu2.4,MEDIUM,OPEN_AFFECTED,affected,https://raw.githubusercontent.com/canonical/ubuntu-security-notices/a3f40224dd201a816b4725891b70d22f7809225f/vex/cve/2026/CVE-2026-89092.json,pkg:deb/ubuntu/glibc@2.43-2ubuntu2.4?arch=source&distro=resolute,Ubuntu Security Team classified this CVE as of Medium priority.,OPEN_AFFECTED,OPEN_AFFECTED
sha256:4662cac700d64379a481f34fc0783e70b52eaa25bdef4d93b22e49b406da67c1 (debian 13.7),debian,glibc,libc-bin,2.41-12+deb13u4,CVE-2026-95818,MEDIUM,,affected,https://avd.aquasec.com/nvd/cve-2026-95818,2.43-2ubuntu2.4,,OPEN_UNDER_INVESTIGATION,under_investigation,https://raw.githubusercontent.com/canonical/ubuntu-security-notices/a3f40224dd201a816b4725891b70d22f7809225f/vex/cve/2026/CVE-2026-95818.json,pkg:deb/ubuntu/glibc@2.43-2ubuntu2.4?arch=source&distro=resolute,Ubuntu Security Team classified this CVE as of Medium priority.,OPEN_UNDER_INVESTIGATION,OPEN_UNDER_INVESTIGATION
sha256:4662cac700d64379a481f34fc0783e70b52eaa25bdef4d93b22e49b406da67c1 (debian 13.7),debian,glibc,libc-bin,2.41-12+deb13u4,CVE-2010-4756,LOW,,affected,https://avd.aquasec.com/nvd/cve-2010-4756,2.43-2ubuntu2.4,,OPEN_MISSING_VENDOR_EVIDENCE,,https://raw.githubusercontent.com/canonical/ubuntu-security-notices/a3f40224dd201a816b4725891b70d22f7809225f/vex/cve/2010/CVE-2010-4756.json,,No applicable vendor statement; missing matches are not fixes.,OPEN_MISSING_VENDOR_EVIDENCE,OPEN_MISSING_VENDOR_EVIDENCE
sha256:4662cac700d64379a481f34fc0783e70b52eaa25bdef4d93b22e49b406da67c1 (debian 13.7),debian,glibc,libc-bin,2.41-12+deb13u4,CVE-2018-20796,LOW,,affected,https://avd.aquasec.com/nvd/cve-2018-20796,2.43-2ubuntu2.4,,OPEN_MISSING_VENDOR_EVIDENCE,,https://raw.githubusercontent.com/canonical/ubuntu-security-notices/a3f40224dd201a816b4725891b70d22f7809225f/vex/cve/2018/CVE-2018-20796.json,,No applicable vendor statement; missing matches are not fixes.,OPEN_MISSING_VENDOR_EVIDENCE,OPEN_MISSING_VENDOR_EVIDENCE
sha256:4662cac700d64379a481f34fc0783e70b52eaa25bdef4d93b22e49b406da67c1 (debian 13.7),debian,glibc,libc-bin,2.41-12+deb13u4,CVE-2019-1010022,LOW,,affected,https://avd.aquasec.com/nvd/cve-2019-1010022,2.43-2ubuntu2.4,,OPEN_MISSING_VENDOR_EVIDENCE,,https://raw.githubusercontent.com/canonical/ubuntu-security-notices/a3f40224dd201a816b4725891b70d22f7809225f/vex/cve/2019/CVE-2019-1010022.json,,No applicable vendor statement; missing matches are not fixes.,OPEN_MISSING_VENDOR_EVIDENCE,OPEN_MISSING_VENDOR_EVIDENCE
sha256:4662cac700d64379a481f34fc0783e70b52eaa25bdef4d93b22e49b406da67c1 (debian 13.7),debian,glibc,libc-bin,2.41-12+deb13u4,CVE-2019-1010023,LOW,,affected,https://avd.aquasec.com/nvd/cve-2019-1010023,2.43-2ubuntu2.4,,OPEN_MISSING_VENDOR_EVIDENCE,,https://raw.githubusercontent.com/canonical/ubuntu-security-notices/a3f40224dd201a816b4725891b70d22f7809225f/vex/cve/2019/CVE-2019-1010023.json,,No applicable vendor statement; missing matches are not fixes.,OPEN_MISSING_VENDOR_EVIDENCE,OPEN_MISSING_VENDOR_EVIDENCE
sha256:4662cac700d64379a481f34fc0783e70b52eaa25bdef4d93b22e49b406da67c1 (debian 13.7),debian,glibc,libc-bin,2.41-12+deb13u4,CVE-2019-1010024,LOW,,affected,https://avd.aquasec.com/nvd/cve-2019-1010024,2.43-2ubuntu2.4,,OPEN_MISSING_VENDOR_EVIDENCE,,https://raw.githubusercontent.com/canonical/ubuntu-security-notices/a3f40224dd201a816b4725891b70d22f7809225f/vex/cve/2019/CVE-2019-1010024.json,,No applicable vendor statement; missing matches are not fixes.,OPEN_MISSING_VENDOR_EVIDENCE,OPEN_MISSING_VENDOR_EVIDENCE
sha256:4662cac700d64379a481f34fc0783e70b52eaa25bdef4d93b22e49b406da67c1 (debian 13.7),debian,glibc,libc-bin,2.41-12+deb13u4,CVE-2019-1010025,LOW,,affected,https://avd.aquasec.com/nvd/cve-2019-1010025,2.43-2ubuntu2.4,,OPEN_MISSING_VENDOR_EVIDENCE,,https://raw.githubusercontent.com/canonical/ubuntu-security-notices/a3f40224dd201a816b4725891b70d22f7809225f/vex/cve/2019/CVE-2019-1010025.json,,No applicable vendor statement; missing matches are not fixes.,OPEN_MISSING_VENDOR_EVIDENCE,OPEN_MISSING_VENDOR_EVIDENCE
sha256:4662cac700d64379a481f34fc0783e70b52eaa25bdef4d93b22e49b406da67c1 (debian 13.7),debian,glibc,libc-bin,2.41-12+deb13u4,CVE-2019-9192,LOW,,affected,https://avd.aquasec.com/nvd/cve-2019-9192,2.43-2ubuntu2.4,,OPEN_MISSING_VENDOR_EVIDENCE,,https://raw.githubusercontent.com/canonical/ubuntu-security-notices/a3f40224dd201a816b4725891b70d22f7809225f/vex/cve/2019/CVE-2019-9192.json,,No applicable vendor statement; missing matches are not fixes.,OPEN_MISSING_VENDOR_EVIDENCE,OPEN_MISSING_VENDOR_EVIDENCE
sha256:4662cac700d64379a481f34fc0783e70b52eaa25bdef4d93b22e49b406da67c1 (debian 13.7),debian,glibc,libc-bin,2.41-12+deb13u4,CVE-2026-97399,LOW,,affected,https://avd.aquasec.com/nvd/cve-2026-97399,2.43-2ubuntu2.4,,OPEN_UNDER_INVESTIGATION,under_investigation,https://raw.githubusercontent.com/canonical/ubuntu-security-notices/a3f40224dd201a816b4725891b70d22f7809225f/vex/cve/2026/CVE-2026-97399.json,pkg:deb/ubuntu/glibc@2.43-2ubuntu2.4?arch=source&distro=resolute,Ubuntu Security Team classified this CVE as of Medium priority.,OPEN_UNDER_INVESTIGATION,OPEN_UNDER_INVESTIGATION
sha256:4662cac700d64379a481f34fc0783e70b52eaa25bdef4d93b22e49b406da67c1 (debian 13.7),debian,glibc,libc6,2.41-12+deb13u4,CVE-2026-18374,MEDIUM,,affected,https://avd.aquasec.com/nvd/cve-2026-18374,2.43-2ubuntu2.4,MEDIUM,OPEN_AFFECTED,affected,https://raw.githubusercontent.com/canonical/ubuntu-security-notices/a3f40224dd201a816b4725891b70d22f7809225f/vex/cve/2026/CVE-2026-18374.json,pkg:deb/ubuntu/glibc@2.43-2ubuntu2.4?arch=source&distro=resolute,Ubuntu Security Team classified this CVE as of Medium priority.,OPEN_AFFECTED,OPEN_AFFECTED
sha256:4662cac700d64379a481f34fc0783e70b52eaa25bdef4d93b22e49b406da67c1 (debian 13.7),debian,glibc,libc6,2.41-12+deb13u4,CVE-2026-19499,MEDIUM,,affected,https://avd.aquasec.com/nvd/cve-2026-19499,2.43-2ubuntu2.4,,VENDOR_FIXED_VERSION_CONFIRMED,fixed,https://raw.githubusercontent.com/canonical/ubuntu-security-notices/a3f40224dd201a816b4725891b70d22f7809225f/vex/cve/2026/CVE-2026-19499.json,pkg:deb/ubuntu/glibc@2.43-2ubuntu2.4?arch=source&distro=resolute,"This package (for the given release) was vulnerable, but an update has been uploaded and published.",VENDOR_FIXED_VERSION_CONFIRMED,VENDOR_FIXED_VERSION_CONFIRMED
sha256:4662cac700d64379a481f34fc0783e70b52eaa25bdef4d93b22e49b406da67c1 (debian 13.7),debian,glibc,libc6,2.41-12+deb13u4,CVE-2026-19542,MEDIUM,,affected,https://avd.aquasec.com/nvd/cve-2026-19542,2.43-2ubuntu2.4,,VENDOR_FIXED_VERSION_CONFIRMED,fixed,https://raw.githubusercontent.com/canonical/ubuntu-security-notices/a3f40224dd201a816b4725891b70d22f7809225f/vex/cve/2026/CVE-2026-19542.json,pkg:deb/ubuntu/glibc@2.43-2ubuntu2.4?arch=source&distro=resolute,"This package (for the given release) was vulnerable, but an update has been uploaded and published.",VENDOR_FIXED_VERSION_CONFIRMED,VENDOR_FIXED_VERSION_CONFIRMED
sha256:4662cac700d64379a481f34fc0783e70b52eaa25bdef4d93b22e49b406da67c1 (debian 13.7),debian,glibc,libc6,2.41-12+deb13u4,CVE-2026-5435,MEDIUM,,affected,https://avd.aquasec.com/nvd/cve-2026-5435,2.43-2ubuntu2.4,,VENDOR_FIXED_VERSION_CONFIRMED,fixed,https://raw.githubusercontent.com/canonical/ubuntu-security-notices/a3f40224dd201a816b4725891b70d22f7809225f/vex/cve/2026/CVE-2026-5435.json,pkg:deb/ubuntu/glibc@2.43-2ubuntu2.4?arch=source&distro=resolute,"This package (for the given release) was vulnerable, but an update has been uploaded and published.",VENDOR_FIXED_VERSION_CONFIRMED,VENDOR_FIXED_VERSION_CONFIRMED
sha256:4662cac700d64379a481f34fc0783e70b52eaa25bdef4d93b22e49b406da67c1 (debian 13.7),debian,glibc,libc6,2.41-12+deb13u4,CVE-2026-6238,MEDIUM,,affected,https://avd.aquasec.com/nvd/cve-2026-6238,2.43-2ubuntu2.4,,VENDOR_FIXED_VERSION_CONFIRMED,fixed,https://raw.githubusercontent.com/canonical/ubuntu-security-notices/a3f40224dd201a816b4725891b70d22f7809225f/vex/cve/2026/CVE-2026-6238.json,pkg:deb/ubuntu/glibc@2.43-2ubuntu2.4?arch=source&distro=resolute,"This package (for the given release) was vulnerable, but an update has been uploaded and published.",VENDOR_FIXED_VERSION_CONFIRMED,VENDOR_FIXED_VERSION_CONFIRMED
sha256:4662cac700d64379a481f34fc0783e70b52eaa25bdef4d93b22e49b406da67c1 (debian 13.7),debian,glibc,libc6,2.41-12+deb13u4,CVE-2026-6368,MEDIUM,,affected,https://avd.aquasec.com/nvd/cve-2026-6368,2.43-2ubuntu2.4,,VENDOR_FIXED_VERSION_CONFIRMED,fixed,https://raw.githubusercontent.com/canonical/ubuntu-security-notices/a3f40224dd201a816b4725891b70d22f7809225f/vex/cve/2026/CVE-2026-6368.json,pkg:deb/ubuntu/glibc@2.43-2ubuntu2.4?arch=source&distro=resolute,"This package (for the given release) was vulnerable, but an update has been uploaded and published.",VENDOR_FIXED_VERSION_CONFIRMED,VENDOR_FIXED_VERSION_CONFIRMED
sha256:4662cac700d64379a481f34fc0783e70b52eaa25bdef4d93b22e49b406da67c1 (debian 13.7),debian,glibc,libc6,2.41-12+deb13u4,CVE-2026-6791,MEDIUM,,affected,https://avd.aquasec.com/nvd/cve-2026-6791,2.43-2ubuntu2.4,,VENDOR_FIXED_VERSION_CONFIRMED,fixed,https://raw.githubusercontent.com/canonical/ubuntu-security-notices/a3f40224dd201a816b4725891b70d22f7809225f/vex/cve/2026/CVE-2026-6791.json,pkg:deb/ubuntu/glibc@2.43-2ubuntu2.4?arch=source&distro=resolute,"This package (for the given release) was vulnerable, but an update has been uploaded and published.",VENDOR_FIXED_VERSION_CONFIRMED,VENDOR_FIXED_VERSION_CONFIRMED
sha256:4662cac700d64379a481f34fc0783e70b52eaa25bdef4d93b22e49b406da67c1 (debian 13.7),debian,glibc,libc6,2.41-12+deb13u4,CVE-2026-77117,MEDIUM,,affected,https://avd.aquasec.com/nvd/cve-2026-77117,2.43-2ubuntu2.4,,VENDOR_FIXED_VERSION_CONFIRMED,fixed,https://raw.githubusercontent.com/canonical/ubuntu-security-notices/a3f40224dd201a816b4725891b70d22f7809225f/vex/cve/2026/CVE-2026-77117.json,pkg:deb/ubuntu/glibc@2.43-2ubuntu2.4?arch=source&distro=resolute,"This package (for the given release) was vulnerable, but an update has been uploaded and published.",VENDOR_FIXED_VERSION_CONFIRMED,VENDOR_FIXED_VERSION_CONFIRMED
sha256:4662cac700d64379a481f34fc0783e70b52eaa25bdef4d93b22e49b406da67c1 (debian 13.7),debian,glibc,libc6,2.41-12+deb13u4,CVE-2026-80489,MEDIUM,,affected,https://avd.aquasec.com/nvd/cve-2026-80489,2.43-2ubuntu2.4,,VENDOR_FIXED_VERSION_CONFIRMED,fixed,https://raw.githubusercontent.com/canonical/ubuntu-security-notices/a3f40224dd201a816b4725891b70d22f7809225f/vex/cve/2026/CVE-2026-80489.json,pkg:deb/ubuntu/glibc@2.43-2ubuntu2.4?arch=source&distro=resolute,"This package (for the given release) was vulnerable, but an update has been uploaded and published.",VENDOR_FIXED_VERSION_CONFIRMED,VENDOR_FIXED_VERSION_CONFIRMED
sha256:4662cac700d64379a481f34fc0783e70b52eaa25bdef4d93b22e49b406da67c1 (debian 13.7),debian,glibc,libc6,2.41-12+deb13u4,CVE-2026-8674,MEDIUM,,affected,https://avd.aquasec.com/nvd/cve-2026-8674,2.43-2ubuntu2.4,,OPEN_UNDER_INVESTIGATION,under_investigation,https://raw.githubusercontent.com/canonical/ubuntu-security-notices/a3f40224dd201a816b4725891b70d22f7809225f/vex/cve/2026/CVE-2026-8674.json,pkg:deb/ubuntu/glibc@2.43-2ubuntu2.4?arch=source&distro=resolute,Ubuntu Security Team classified this CVE as of Medium priority.,OPEN_UNDER_INVESTIGATION,OPEN_UNDER_INVESTIGATION
sha256:4662cac700d64379a481f34fc0783e70b52eaa25bdef4d93b22e49b406da67c1 (debian 13.7),debian,glibc,libc6,2.41-12+deb13u4,CVE-2026-86805,MEDIUM,,affected,https://avd.aquasec.com/nvd/cve-2026-86805,2.43-2ubuntu2.4,,OPEN_UNDER_INVESTIGATION,under_investigation,https://raw.githubusercontent.com/canonical/ubuntu-security-notices/a3f40224dd201a816b4725891b70d22f7809225f/vex/cve/2026/CVE-2026-86805.json,pkg:deb/ubuntu/glibc@2.43-2ubuntu2.4?arch=source&distro=resolute,Ubuntu Security Team classified this CVE as of Medium priority.,OPEN_UNDER_INVESTIGATION,OPEN_UNDER_INVESTIGATION
sha256:4662cac700d64379a481f34fc0783e70b52eaa25bdef4d93b22e49b406da67c1 (debian 13.7),debian,glibc,libc6,2.41-12+deb13u4,CVE-2026-89092,MEDIUM,,affected,https://avd.aquasec.com/nvd/cve-2026-89092,2.43-2ubuntu2.4,MEDIUM,OPEN_AFFECTED,affected,https://raw.githubusercontent.com/canonical/ubuntu-security-notices/a3f40224dd201a816b4725891b70d22f7809225f/vex/cve/2026/CVE-2026-89092.json,pkg:deb/ubuntu/glibc@2.43-2ubuntu2.4?arch=source&distro=resolute,Ubuntu Security Team classified this CVE as of Medium priority.,OPEN_AFFECTED,OPEN_AFFECTED
sha256:4662cac700d64379a481f34fc0783e70b52eaa25bdef4d93b22e49b406da67c1 (debian 13.7),debian,glibc,libc6,2.41-12+deb13u4,CVE-2026-95818,MEDIUM,,affected,https://avd.aquasec.com/nvd/cve-2026-95818,2.43-2ubuntu2.4,,OPEN_UNDER_INVESTIGATION,under_investigation,https://raw.githubusercontent.com/canonical/ubuntu-security-notices/a3f40224dd201a816b4725891b70d22f7809225f/vex/cve/2026/CVE-2026-95818.json,pkg:deb/ubuntu/glibc@2.43-2ubuntu2.4?arch=source&distro=resolute,Ubuntu Security Team classified this CVE as of Medium priority.,OPEN_UNDER_INVESTIGATION,OPEN_UNDER_INVESTIGATION
sha256:4662cac700d64379a481f34fc0783e70b52eaa25bdef4d93b22e49b406da67c1 (debian 13.7),debian,glibc,libc6,2.41-12+deb13u4,CVE-2010-4756,LOW,,affected,https://avd.aquasec.com/nvd/cve-2010-4756,2.43-2ubuntu2.4,,OPEN_MISSING_VENDOR_EVIDENCE,,https://raw.githubusercontent.com/canonical/ubuntu-security-notices/a3f40224dd201a816b4725891b70d22f7809225f/vex/cve/2010/CVE-2010-4756.json,,No applicable vendor statement; missing matches are not fixes.,OPEN_MISSING_VENDOR_EVIDENCE,OPEN_MISSING_VENDOR_EVIDENCE
sha256:4662cac700d64379a481f34fc0783e70b52eaa25bdef4d93b22e49b406da67c1 (debian 13.7),debian,glibc,libc6,2.41-12+deb13u4,CVE-2018-20796,LOW,,affected,https://avd.aquasec.com/nvd/cve-2018-20796,2.43-2ubuntu2.4,,OPEN_MISSING_VENDOR_EVIDENCE,,https://raw.githubusercontent.com/canonical/ubuntu-security-notices/a3f40224dd201a816b4725891b70d22f7809225f/vex/cve/2018/CVE-2018-20796.json,,No applicable vendor statement; missing matches are not fixes.,OPEN_MISSING_VENDOR_EVIDENCE,OPEN_MISSING_VENDOR_EVIDENCE
sha256:4662cac700d64379a481f34fc0783e70b52eaa25bdef4d93b22e49b406da67c1 (debian 13.7),debian,glibc,libc6,2.41-12+deb13u4,CVE-2019-1010022,LOW,,affected,https://avd.aquasec.com/nvd/cve-2019-1010022,2.43-2ubuntu2.4,,OPEN_MISSING_VENDOR_EVIDENCE,,https://raw.githubusercontent.com/canonical/ubuntu-security-notices/a3f40224dd201a816b4725891b70d22f7809225f/vex/cve/2019/CVE-2019-1010022.json,,No applicable vendor statement; missing matches are not fixes.,OPEN_MISSING_VENDOR_EVIDENCE,OPEN_MISSING_VENDOR_EVIDENCE
sha256:4662cac700d64379a481f34fc0783e70b52eaa25bdef4d93b22e49b406da67c1 (debian 13.7),debian,glibc,libc6,2.41-12+deb13u4,CVE-2019-1010023,LOW,,affected,https://avd.aquasec.com/nvd/cve-2019-1010023,2.43-2ubuntu2.4,,OPEN_MISSING_VENDOR_EVIDENCE,,https://raw.githubusercontent.com/canonical/ubuntu-security-notices/a3f40224dd201a816b4725891b70d22f7809225f/vex/cve/2019/CVE-2019-1010023.json,,No applicable vendor statement; missing matches are not fixes.,OPEN_MISSING_VENDOR_EVIDENCE,OPEN_MISSING_VENDOR_EVIDENCE
sha256:4662cac700d64379a481f34fc0783e70b52eaa25bdef4d93b22e49b406da67c1 (debian 13.7),debian,glibc,libc6,2.41-12+deb13u4,CVE-2019-1010024,LOW,,affected,https://avd.aquasec.com/nvd/cve-2019-1010024,2.43-2ubuntu2.4,,OPEN_MISSING_VENDOR_EVIDENCE,,https://raw.githubusercontent.com/canonical/ubuntu-security-notices/a3f40224dd201a816b4725891b70d22f7809225f/vex/cve/2019/CVE-2019-1010024.json,,No applicable vendor statement; missing matches are not fixes.,OPEN_MISSING_VENDOR_EVIDENCE,OPEN_MISSING_VENDOR_EVIDENCE
sha256:4662cac700d64379a481f34fc0783e70b52eaa25bdef4d93b22e49b406da67c1 (debian 13.7),debian,glibc,libc6,2.41-12+deb13u4,CVE-2019-1010025,LOW,,affected,https://avd.aquasec.com/nvd/cve-2019-1010025,2.43-2ubuntu2.4,,OPEN_MISSING_VENDOR_EVIDENCE,,https://raw.githubusercontent.com/canonical/ubuntu-security-notices/a3f40224dd201a816b4725891b70d22f7809225f/vex/cve/2019/CVE-2019-1010025.json,,No applicable vendor statement; missing matches are not fixes.,OPEN_MISSING_VENDOR_EVIDENCE,OPEN_MISSING_VENDOR_EVIDENCE
sha256:4662cac700d64379a481f34fc0783e70b52eaa25bdef4d93b22e49b406da67c1 (debian 13.7),debian,glibc,libc6,2.41-12+deb13u4,CVE-2019-9192,LOW,,affected,https://avd.aquasec.com/nvd/cve-2019-9192,2.43-2ubuntu2.4,,OPEN_MISSING_VENDOR_EVIDENCE,,https://raw.githubusercontent.com/canonical/ubuntu-security-notices/a3f40224dd201a816b4725891b70d22f7809225f/vex/cve/2019/CVE-2019-9192.json,,No applicable vendor statement; missing matches are not fixes.,OPEN_MISSING_VENDOR_EVIDENCE,OPEN_MISSING_VENDOR_EVIDENCE
sha256:4662cac700d64379a481f34fc0783e70b52eaa25bdef4d93b22e49b406da67c1 (debian 13.7),debian,glibc,libc6,2.41-12+deb13u4,CVE-2026-97399,LOW,,affected,https://avd.aquasec.com/nvd/cve-2026-97399,2.43-2ubuntu2.4,,OPEN_UNDER_INVESTIGATION,under_investigation,https://raw.githubusercontent.com/canonical/ubuntu-security-notices/a3f40224dd201a816b4725891b70d22f7809225f/vex/cve/2026/CVE-2026-97399.json,pkg:deb/ubuntu/glibc@2.43-2ubuntu2.4?arch=source&distro=resolute,Ubuntu Security Team classified this CVE as of Medium priority.,OPEN_UNDER_INVESTIGATION,OPEN_UNDER_INVESTIGATION
sha256:4662cac700d64379a481f34fc0783e70b52eaa25bdef4d93b22e49b406da67c1 (debian 13.7),debian,libcaca,libcaca0,0.99.beta20-5+deb13u1,CVE-2022-0856,LOW,,affected,https://avd.aquasec.com/nvd/cve-2022-0856,,,OPEN_MISSING_VENDOR_EVIDENCE,,https://raw.githubusercontent.com/canonical/ubuntu-security-notices/a3f40224dd201a816b4725891b70d22f7809225f/vex/cve/2022/CVE-2022-0856.json,,No applicable vendor statement; missing matches are not fixes.,OPEN_MISSING_VENDOR_EVIDENCE,OPEN_MISSING_VENDOR_EVIDENCE
sha256:4662cac700d64379a481f34fc0783e70b52eaa25bdef4d93b22e49b406da67c1 (debian 13.7),debian,cairo,libcairo-gobject2,1.18.4-1+b1,CVE-2017-7475,LOW,,will_not_fix,https://avd.aquasec.com/nvd/cve-2017-7475,1.18.4-3,LOW,OPEN_UNDER_INVESTIGATION,under_investigation,https://raw.githubusercontent.com/canonical/ubuntu-security-notices/a3f40224dd201a816b4725891b70d22f7809225f/vex/cve/2017/CVE-2017-7475.json,pkg:deb/ubuntu/cairo@1.18.4-3?arch=source&distro=resolute,"This package (for the given release) is vulnerable to the CVE, the problem is understood, but it is currently deferred. CVE Notes / justification: as of 2020-11-26, no complete fix from upstream as of 2022-05-02, no complete fix from upstream is available. and it seems like it was ignored and won't get a proper fix.",OPEN_UNDER_INVESTIGATION,OPEN_UNDER_INVESTIGATION
sha256:4662cac700d64379a481f34fc0783e70b52eaa25bdef4d93b22e49b406da67c1 (debian 13.7),debian,cairo,libcairo-gobject2,1.18.4-1+b1,CVE-2018-18064,LOW,,affected,https://avd.aquasec.com/nvd/cve-2018-18064,1.18.4-3,LOW,OPEN_UNDER_INVESTIGATION,under_investigation,https://raw.githubusercontent.com/canonical/ubuntu-security-notices/a3f40224dd201a816b4725891b70d22f7809225f/vex/cve/2018/CVE-2018-18064.json,pkg:deb/ubuntu/cairo@1.18.4-3?arch=source&distro=resolute,"This package (for the given release) is vulnerable to the CVE, the problem is understood, but it is currently deferred. CVE Notes / justification: as of 2020-11-26, no upstream fix as of 2022-05-03, there is still no upstream fix.",OPEN_UNDER_INVESTIGATION,OPEN_UNDER_INVESTIGATION
sha256:4662cac700d64379a481f34fc0783e70b52eaa25bdef4d93b22e49b406da67c1 (debian 13.7),debian,cairo,libcairo-gobject2,1.18.4-1+b1,CVE-2025-50422,LOW,,fix_deferred,https://avd.aquasec.com/nvd/cve-2025-50422,1.18.4-3,,OPEN_UNDER_INVESTIGATION,under_investigation,https://raw.githubusercontent.com/canonical/ubuntu-security-notices/a3f40224dd201a816b4725891b70d22f7809225f/vex/cve/2025/CVE-2025-50422.json,pkg:deb/ubuntu/cairo@1.18.4-3?arch=source&distro=resolute,Ubuntu Security Team classified this CVE as of Low priority.,OPEN_UNDER_INVESTIGATION,OPEN_UNDER_INVESTIGATION
sha256:4662cac700d64379a481f34fc0783e70b52eaa25bdef4d93b22e49b406da67c1 (debian 13.7),debian,cairo,libcairo2,1.18.4-1+b1,CVE-2017-7475,LOW,,will_not_fix,https://avd.aquasec.com/nvd/cve-2017-7475,1.18.4-3,LOW,OPEN_UNDER_INVESTIGATION,under_investigation,https://raw.githubusercontent.com/canonical/ubuntu-security-notices/a3f40224dd201a816b4725891b70d22f7809225f/vex/cve/2017/CVE-2017-7475.json,pkg:deb/ubuntu/cairo@1.18.4-3?arch=source&distro=resolute,"This package (for the given release) is vulnerable to the CVE, the problem is understood, but it is currently deferred. CVE Notes / justification: as of 2020-11-26, no complete fix from upstream as of 2022-05-02, no complete fix from upstream is available. and it seems like it was ignored and won't get a proper fix.",OPEN_UNDER_INVESTIGATION,OPEN_UNDER_INVESTIGATION
sha256:4662cac700d64379a481f34fc0783e70b52eaa25bdef4d93b22e49b406da67c1 (debian 13.7),debian,cairo,libcairo2,1.18.4-1+b1,CVE-2018-18064,LOW,,affected,https://avd.aquasec.com/nvd/cve-2018-18064,1.18.4-3,LOW,OPEN_UNDER_INVESTIGATION,under_investigation,https://raw.githubusercontent.com/canonical/ubuntu-security-notices/a3f40224dd201a816b4725891b70d22f7809225f/vex/cve/2018/CVE-2018-18064.json,pkg:deb/ubuntu/cairo@1.18.4-3?arch=source&distro=resolute,"This package (for the given release) is vulnerable to the CVE, the problem is understood, but it is currently deferred. CVE Notes / justification: as of 2020-11-26, no upstream fix as of 2022-05-03, there is still no upstream fix.",OPEN_UNDER_INVESTIGATION,OPEN_UNDER_INVESTIGATION
sha256:4662cac700d64379a481f34fc0783e70b52eaa25bdef4d93b22e49b406da67c1 (debian 13.7),debian,cairo,libcairo2,1.18.4-1+b1,CVE-2025-50422,LOW,,fix_deferred,https://avd.aquasec.com/nvd/cve-2025-50422,1.18.4-3,,OPEN_UNDER_INVESTIGATION,under_investigation,https://raw.githubusercontent.com/canonical/ubuntu-security-notices/a3f40224dd201a816b4725891b70d22f7809225f/vex/cve/2025/CVE-2025-50422.json,pkg:deb/ubuntu/cairo@1.18.4-3?arch=source&distro=resolute,Ubuntu Security Team classified this CVE as of Low priority.,OPEN_UNDER_INVESTIGATION,OPEN_UNDER_INVESTIGATION
sha256:4662cac700d64379a481f34fc0783e70b52eaa25bdef4d93b22e49b406da67c1 (debian 13.7),debian,cjson,libcjson1,1.7.18-3.1+deb13u1,CVE-2026-16554,HIGH,,affected,https://avd.aquasec.com/nvd/cve-2026-16554,,,OPEN_SOURCE_ABSENT_BUNDLE_REVIEW,under_investigation,https://raw.githubusercontent.com/canonical/ubuntu-security-notices/a3f40224dd201a816b4725891b70d22f7809225f/vex/cve/2026/CVE-2026-16554.json,pkg:deb/ubuntu/cjson@1.7.19-2?arch=source&distro=resolute,Source package absent; separately check bundled/native components.,OPEN_SOURCE_ABSENT_BUNDLE_REVIEW,OPEN_SOURCE_ABSENT_BUNDLE_REVIEW
sha256:4662cac700d64379a481f34fc0783e70b52eaa25bdef4d93b22e49b406da67c1 (debian 13.7),debian,cjson,libcjson1,1.7.18-3.1+deb13u1,CVE-2026-29036,HIGH,,affected,https://avd.aquasec.com/nvd/cve-2026-29036,,,OPEN_SOURCE_ABSENT_BUNDLE_REVIEW,under_investigation,https://raw.githubusercontent.com/canonical/ubuntu-security-notices/a3f40224dd201a816b4725891b70d22f7809225f/vex/cve/2026/CVE-2026-29036.json,pkg:deb/ubuntu/cjson@1.7.19-2?arch=source&distro=resolute,Source package absent; separately check bundled/native components.,OPEN_SOURCE_ABSENT_BUNDLE_REVIEW,OPEN_SOURCE_ABSENT_BUNDLE_REVIEW
sha256:4662cac700d64379a481f34fc0783e70b52eaa25bdef4d93b22e49b406da67c1 (debian 13.7),debian,cjson,libcjson1,1.7.18-3.1+deb13u1,CVE-2026-67215,HIGH,,affected,https://avd.aquasec.com/nvd/cve-2026-67215,,,OPEN_SOURCE_ABSENT_BUNDLE_REVIEW,under_investigation,https://raw.githubusercontent.com/canonical/ubuntu-security-notices/a3f40224dd201a816b4725891b70d22f7809225f/vex/cve/2026/CVE-2026-67215.json,pkg:deb/ubuntu/cjson@1.7.19-2?arch=source&distro=resolute,Source package absent; separately check bundled/native components.,OPEN_SOURCE_ABSENT_BUNDLE_REVIEW,OPEN_SOURCE_ABSENT_BUNDLE_REVIEW
sha256:4662cac700d64379a481f34fc0783e70b52eaa25bdef4d93b22e49b406da67c1 (debian 13.7),debian,cjson,libcjson1,1.7.18-3.1+deb13u1,CVE-2026-67216,HIGH,,affected,https://avd.aquasec.com/nvd/cve-2026-67216,,,OPEN_SOURCE_ABSENT_BUNDLE_REVIEW,under_investigation,https://raw.githubusercontent.com/canonical/ubuntu-security-notices/a3f40224dd201a816b4725891b70d22f7809225f/vex/cve/2026/CVE-2026-67216.json,pkg:deb/ubuntu/cjson@1.7.19-2?arch=source&distro=resolute,Source package absent; separately check bundled/native components.,OPEN_SOURCE_ABSENT_BUNDLE_REVIEW,OPEN_SOURCE_ABSENT_BUNDLE_REVIEW
sha256:4662cac700d64379a481f34fc0783e70b52eaa25bdef4d93b22e49b406da67c1 (debian 13.7),debian,cjson,libcjson1,1.7.18-3.1+deb13u1,CVE-2026-87933,HIGH,,affected,https://avd.aquasec.com/nvd/cve-2026-87933,,,OPEN_SOURCE_ABSENT_BUNDLE_REVIEW,under_investigation,https://raw.githubusercontent.com/canonical/ubuntu-security-notices/a3f40224dd201a816b4725891b70d22f7809225f/vex/cve/2026/CVE-2026-87933.json,pkg:deb/ubuntu/cjson@1.7.19-2?arch=source&distro=resolute,Source package absent; separately check bundled/native components.,OPEN_SOURCE_ABSENT_BUNDLE_REVIEW,OPEN_SOURCE_ABSENT_BUNDLE_REVIEW
sha256:4662cac700d64379a481f34fc0783e70b52eaa25bdef4d93b22e49b406da67c1 (debian 13.7),debian,cjson,libcjson1,1.7.18-3.1+deb13u1,CVE-2026-67217,MEDIUM,,affected,https://avd.aquasec.com/nvd/cve-2026-67217,,,OPEN_SOURCE_ABSENT_BUNDLE_REVIEW,under_investigation,https://raw.githubusercontent.com/canonical/ubuntu-security-notices/a3f40224dd201a816b4725891b70d22f7809225f/vex/cve/2026/CVE-2026-67217.json,pkg:deb/ubuntu/cjson@1.7.19-2?arch=source&distro=resolute,Source package absent; separately check bundled/native components.,OPEN_SOURCE_ABSENT_BUNDLE_REVIEW,OPEN_SOURCE_ABSENT_BUNDLE_REVIEW
sha256:4662cac700d64379a481f34fc0783e70b52eaa25bdef4d93b22e49b406da67c1 (debian 13.7),debian,cups,libcups2t64,2.4.10-3+deb13u2,CVE-2026-34980,HIGH,,affected,https://avd.aquasec.com/nvd/cve-2026-34980,2.4.16-1ubuntu1.3,,VENDOR_FIXED_VERSION_CONFIRMED,fixed,https://raw.githubusercontent.com/canonical/ubuntu-security-notices/a3f40224dd201a816b4725891b70d22f7809225f/vex/cve/2026/CVE-2026-34980.json,pkg:deb/ubuntu/cups@2.4.16-1ubuntu1.3?arch=source&distro=resolute,"This package (for the given release) was vulnerable, but an update has been uploaded and published.",VENDOR_FIXED_VERSION_CONFIRMED,VENDOR_FIXED_VERSION_CONFIRMED
sha256:4662cac700d64379a481f34fc0783e70b52eaa25bdef4d93b22e49b406da67c1 (debian 13.7),debian,cups,libcups2t64,2.4.10-3+deb13u2,CVE-2025-58436,MEDIUM,,affected,https://avd.aquasec.com/nvd/cve-2025-58436,2.4.16-1ubuntu1.3,,OPEN_MISSING_VENDOR_EVIDENCE,,https://raw.githubusercontent.com/canonical/ubuntu-security-notices/a3f40224dd201a816b4725891b70d22f7809225f/vex/cve/2025/CVE-2025-58436.json,,No applicable vendor statement; missing matches are not fixes.,OPEN_MISSING_VENDOR_EVIDENCE,OPEN_MISSING_VENDOR_EVIDENCE
sha256:4662cac700d64379a481f34fc0783e70b52eaa25bdef4d93b22e49b406da67c1 (debian 13.7),debian,cups,libcups2t64,2.4.10-3+deb13u2,CVE-2025-61915,MEDIUM,,affected,https://avd.aquasec.com/nvd/cve-2025-61915,2.4.16-1ubuntu1.3,,OPEN_MISSING_VENDOR_EVIDENCE,,https://raw.githubusercontent.com/canonical/ubuntu-security-notices/a3f40224dd201a816b4725891b70d22f7809225f/vex/cve/2025/CVE-2025-61915.json,,No applicable vendor statement; missing matches are not fixes.,OPEN_MISSING_VENDOR_EVIDENCE,OPEN_MISSING_VENDOR_EVIDENCE
sha256:4662cac700d64379a481f34fc0783e70b52eaa25bdef4d93b22e49b406da67c1 (debian 13.7),debian,cups,libcups2t64,2.4.10-3+deb13u2,CVE-2026-27447,MEDIUM,,affected,https://avd.aquasec.com/nvd/cve-2026-27447,2.4.16-1ubuntu1.3,,VENDOR_FIXED_VERSION_CONFIRMED,fixed,https://raw.githubusercontent.com/canonical/ubuntu-security-notices/a3f40224dd201a816b4725891b70d22f7809225f/vex/cve/2026/CVE-2026-27447.json,pkg:deb/ubuntu/cups@2.4.16-1ubuntu1.3?arch=source&distro=resolute,"This package (for the given release) was vulnerable, but an update has been uploaded and published.",VENDOR_FIXED_VERSION_CONFIRMED,VENDOR_FIXED_VERSION_CONFIRMED
sha256:4662cac700d64379a481f34fc0783e70b52eaa25bdef4d93b22e49b406da67c1 (debian 13.7),debian,cups,libcups2t64,2.4.10-3+deb13u2,CVE-2026-34978,MEDIUM,,affected,https://avd.aquasec.com/nvd/cve-2026-34978,2.4.16-1ubuntu1.3,,VENDOR_FIXED_VERSION_CONFIRMED,fixed,https://raw.githubusercontent.com/canonical/ubuntu-security-notices/a3f40224dd201a816b4725891b70d22f7809225f/vex/cve/2026/CVE-2026-34978.json,pkg:deb/ubuntu/cups@2.4.16-1ubuntu1.3?arch=source&distro=resolute,"This package (for the given release) was vulnerable, but an update has been uploaded and published.",VENDOR_FIXED_VERSION_CONFIRMED,VENDOR_FIXED_VERSION_CONFIRMED
sha256:4662cac700d64379a481f34fc0783e70b52eaa25bdef4d93b22e49b406da67c1 (debian 13.7),debian,cups,libcups2t64,2.4.10-3+deb13u2,CVE-2026-34979,MEDIUM,,affected,https://avd.aquasec.com/nvd/cve-2026-34979,2.4.16-1ubuntu1.3,,VENDOR_FIXED_VERSION_CONFIRMED,fixed,https://raw.githubusercontent.com/canonical/ubuntu-security-notices/a3f40224dd201a816b4725891b70d22f7809225f/vex/cve/2026/CVE-2026-34979.json,pkg:deb/ubuntu/cups@2.4.16-1ubuntu1.3?arch=source&distro=resolute,"This package (for the given release) was vulnerable, but an update has been uploaded and published.",VENDOR_FIXED_VERSION_CONFIRMED,VENDOR_FIXED_VERSION_CONFIRMED
sha256:4662cac700d64379a481f34fc0783e70b52eaa25bdef4d93b22e49b406da67c1 (debian 13.7),debian,cups,libcups2t64,2.4.10-3+deb13u2,CVE-2026-34990,MEDIUM,,affected,https://avd.aquasec.com/nvd/cve-2026-34990,2.4.16-1ubuntu1.3,,VENDOR_FIXED_VERSION_CONFIRMED,fixed,https://raw.githubusercontent.com/canonical/ubuntu-security-notices/a3f40224dd201a816b4725891b70d22f7809225f/vex/cve/2026/CVE-2026-34990.json,pkg:deb/ubuntu/cups@2.4.16-1ubuntu1.3?arch=source&distro=resolute,"This package (for the given release) was vulnerable, but an update has been uploaded and published.",VENDOR_FIXED_VERSION_CONFIRMED,VENDOR_FIXED_VERSION_CONFIRMED
sha256:4662cac700d64379a481f34fc0783e70b52eaa25bdef4d93b22e49b406da67c1 (debian 13.7),debian,cups,libcups2t64,2.4.10-3+deb13u2,CVE-2026-39314,MEDIUM,,affected,https://avd.aquasec.com/nvd/cve-2026-39314,2.4.16-1ubuntu1.3,,VENDOR_FIXED_VERSION_CONFIRMED,fixed,https://raw.githubusercontent.com/canonical/ubuntu-security-notices/a3f40224dd201a816b4725891b70d22f7809225f/vex/cve/2026/CVE-2026-39314.json,pkg:deb/ubuntu/cups@2.4.16-1ubuntu1.3?arch=source&distro=resolute,"This package (for the given release) was vulnerable, but an update has been uploaded and published.",VENDOR_FIXED_VERSION_CONFIRMED,VENDOR_FIXED_VERSION_CONFIRMED
sha256:4662cac700d64379a481f34fc0783e70b52eaa25bdef4d93b22e49b406da67c1 (debian 13.7),debian,cups,libcups2t64,2.4.10-3+deb13u2,CVE-2026-39316,MEDIUM,,affected,https://avd.aquasec.com/nvd/cve-2026-39316,2.4.16-1ubuntu1.3,,VENDOR_FIXED_VERSION_CONFIRMED,fixed,https://raw.githubusercontent.com/canonical/ubuntu-security-notices/a3f40224dd201a816b4725891b70d22f7809225f/vex/cve/2026/CVE-2026-39316.json,pkg:deb/ubuntu/cups@2.4.16-1ubuntu1.3?arch=source&distro=resolute,"This package (for the given release) was vulnerable, but an update has been uploaded and published.",VENDOR_FIXED_VERSION_CONFIRMED,VENDOR_FIXED_VERSION_CONFIRMED
sha256:4662cac700d64379a481f34fc0783e70b52eaa25bdef4d93b22e49b406da67c1 (debian 13.7),debian,cups,libcups2t64,2.4.10-3+deb13u2,CVE-2026-41079,MEDIUM,,affected,https://avd.aquasec.com/nvd/cve-2026-41079,2.4.16-1ubuntu1.3,,VENDOR_FIXED_VERSION_CONFIRMED,fixed,https://raw.githubusercontent.com/canonical/ubuntu-security-notices/a3f40224dd201a816b4725891b70d22f7809225f/vex/cve/2026/CVE-2026-41079.json,pkg:deb/ubuntu/cups@2.4.16-1ubuntu1.3?arch=source&distro=resolute,"This package (for the given release) was vulnerable, but an update has been uploaded and published.",VENDOR_FIXED_VERSION_CONFIRMED,VENDOR_FIXED_VERSION_CONFIRMED
sha256:4662cac700d64379a481f34fc0783e70b52eaa25bdef4d93b22e49b406da67c1 (debian 13.7),debian,cups,libcups2t64,2.4.10-3+deb13u2,CVE-2026-87875,MEDIUM,,affected,https://avd.aquasec.com/nvd/cve-2026-87875,2.4.16-1ubuntu1.3,,OPEN_UNDER_INVESTIGATION,under_investigation,https://raw.githubusercontent.com/canonical/ubuntu-security-notices/a3f40224dd201a816b4725891b70d22f7809225f/vex/cve/2026/CVE-2026-87875.json,pkg:deb/ubuntu/cups@2.4.16-1ubuntu1.3?arch=source&distro=resolute,Ubuntu Security Team classified this CVE as of Medium priority.,OPEN_UNDER_INVESTIGATION,OPEN_UNDER_INVESTIGATION
sha256:4662cac700d64379a481f34fc0783e70b52eaa25bdef4d93b22e49b406da67c1 (debian 13.7),debian,cups,libcups2t64,2.4.10-3+deb13u2,CVE-2014-8166,LOW,,affected,https://avd.aquasec.com/nvd/cve-2014-8166,2.4.16-1ubuntu1.3,,OPEN_MISSING_VENDOR_EVIDENCE,,https://raw.githubusercontent.com/canonical/ubuntu-security-notices/a3f40224dd201a816b4725891b70d22f7809225f/vex/cve/2014/CVE-2014-8166.json,,No applicable vendor statement; missing matches are not fixes.,OPEN_MISSING_VENDOR_EVIDENCE,OPEN_MISSING_VENDOR_EVIDENCE
sha256:4662cac700d64379a481f34fc0783e70b52eaa25bdef4d93b22e49b406da67c1 (debian 13.7),debian,cups,libcups2t64,2.4.10-3+deb13u2,CVE-2026-87876,LOW,,affected,https://avd.aquasec.com/nvd/cve-2026-87876,2.4.16-1ubuntu1.3,,OPEN_UNDER_INVESTIGATION,under_investigation,https://raw.githubusercontent.com/canonical/ubuntu-security-notices/a3f40224dd201a816b4725891b70d22f7809225f/vex/cve/2026/CVE-2026-87876.json,pkg:deb/ubuntu/cups@2.4.16-1ubuntu1.3?arch=source&distro=resolute,Ubuntu Security Team classified this CVE as of Medium priority.,OPEN_UNDER_INVESTIGATION,OPEN_UNDER_INVESTIGATION
sha256:4662cac700d64379a481f34fc0783e70b52eaa25bdef4d93b22e49b406da67c1 (debian 13.7),debian,curl,libcurl3t64-gnutls,8.14.1-2+deb13u5,CVE-2026-12064,HIGH,,affected,https://avd.aquasec.com/nvd/cve-2026-12064,8.18.0-1ubuntu2.7,,VENDOR_FIXED_VERSION_CONFIRMED,fixed,https://raw.githubusercontent.com/canonical/ubuntu-security-notices/a3f40224dd201a816b4725891b70d22f7809225f/vex/cve/2026/CVE-2026-12064.json,pkg:deb/ubuntu/curl@8.18.0-1ubuntu2.7?arch=source&distro=resolute,"This package (for the given release) was vulnerable, but an update has been uploaded and published.",VENDOR_FIXED_VERSION_CONFIRMED,VENDOR_FIXED_VERSION_CONFIRMED
sha256:4662cac700d64379a481f34fc0783e70b52eaa25bdef4d93b22e49b406da67c1 (debian 13.7),debian,curl,libcurl3t64-gnutls,8.14.1-2+deb13u5,CVE-2026-8286,HIGH,,affected,https://avd.aquasec.com/nvd/cve-2026-8286,8.18.0-1ubuntu2.7,,VENDOR_FIXED_VERSION_CONFIRMED,fixed,https://raw.githubusercontent.com/canonical/ubuntu-security-notices/a3f40224dd201a816b4725891b70d22f7809225f/vex/cve/2026/CVE-2026-8286.json,pkg:deb/ubuntu/curl@8.18.0-1ubuntu2.7?arch=source&distro=resolute,"This package (for the given release) was vulnerable, but an update has been uploaded and published.",VENDOR_FIXED_VERSION_CONFIRMED,VENDOR_FIXED_VERSION_CONFIRMED
sha256:4662cac700d64379a481f34fc0783e70b52eaa25bdef4d93b22e49b406da67c1 (debian 13.7),debian,curl,libcurl3t64-gnutls,8.14.1-2+deb13u5,CVE-2026-8458,HIGH,,affected,https://avd.aquasec.com/nvd/cve-2026-8458,8.18.0-1ubuntu2.7,,VENDOR_FIXED_VERSION_CONFIRMED,fixed,https://raw.githubusercontent.com/canonical/ubuntu-security-notices/a3f40224dd201a816b4725891b70d22f7809225f/vex/cve/2026/CVE-2026-8458.json,pkg:deb/ubuntu/curl@8.18.0-1ubuntu2.7?arch=source&distro=resolute,"This package (for the given release) was vulnerable, but an update has been uploaded and published.",VENDOR_FIXED_VERSION_CONFIRMED,VENDOR_FIXED_VERSION_CONFIRMED
sha256:4662cac700d64379a481f34fc0783e70b52eaa25bdef4d93b22e49b406da67c1 (debian 13.7),debian,curl,libcurl3t64-gnutls,8.14.1-2+deb13u5,CVE-2026-8927,HIGH,,affected,https://avd.aquasec.com/nvd/cve-2026-8927,8.18.0-1ubuntu2.7,,VENDOR_FIXED_VERSION_CONFIRMED,fixed,https://raw.githubusercontent.com/canonical/ubuntu-security-notices/a3f40224dd201a816b4725891b70d22f7809225f/vex/cve/2026/CVE-2026-8927.json,pkg:deb/ubuntu/curl@8.18.0-1ubuntu2.7?arch=source&distro=resolute,"This package (for the given release) was vulnerable, but an update has been uploaded and published.",VENDOR_FIXED_VERSION_CONFIRMED,VENDOR_FIXED_VERSION_CONFIRMED
sha256:4662cac700d64379a481f34fc0783e70b52eaa25bdef4d93b22e49b406da67c1 (debian 13.7),debian,curl,libcurl3t64-gnutls,8.14.1-2+deb13u5,CVE-2026-10536,MEDIUM,,affected,https://avd.aquasec.com/nvd/cve-2026-10536,8.18.0-1ubuntu2.7,,VENDOR_FIXED_VERSION_CONFIRMED,fixed,https://raw.githubusercontent.com/canonical/ubuntu-security-notices/a3f40224dd201a816b4725891b70d22f7809225f/vex/cve/2026/CVE-2026-10536.json,pkg:deb/ubuntu/curl@8.18.0-1ubuntu2.7?arch=source&distro=resolute,"This package (for the given release) was vulnerable, but an update has been uploaded and published.",VENDOR_FIXED_VERSION_CONFIRMED,VENDOR_FIXED_VERSION_CONFIRMED
sha256:4662cac700d64379a481f34fc0783e70b52eaa25bdef4d93b22e49b406da67c1 (debian 13.7),debian,curl,libcurl3t64-gnutls,8.14.1-2+deb13u5,CVE-2026-11856,MEDIUM,,affected,https://avd.aquasec.com/nvd/cve-2026-11856,8.18.0-1ubuntu2.7,,VENDOR_FIXED_VERSION_CONFIRMED,fixed,https://raw.githubusercontent.com/canonical/ubuntu-security-notices/a3f40224dd201a816b4725891b70d22f7809225f/vex/cve/2026/CVE-2026-11856.json,pkg:deb/ubuntu/curl@8.18.0-1ubuntu2.7?arch=source&distro=resolute,"This package (for the given release) was vulnerable, but an update has been uploaded and published.",VENDOR_FIXED_VERSION_CONFIRMED,VENDOR_FIXED_VERSION_CONFIRMED
sha256:4662cac700d64379a481f34fc0783e70b52eaa25bdef4d93b22e49b406da67c1 (debian 13.7),debian,curl,libcurl3t64-gnutls,8.14.1-2+deb13u5,CVE-2026-19931,MEDIUM,,affected,https://avd.aquasec.com/nvd/cve-2026-19931,8.18.0-1ubuntu2.7,,VENDOR_NOT_AFFECTED_EXACT_VERSION,not_affected,https://raw.githubusercontent.com/canonical/ubuntu-security-notices/a3f40224dd201a816b4725891b70d22f7809225f/vex/cve/2026/CVE-2026-19931.json,pkg:deb/ubuntu/curl@8.18.0-1ubuntu2.7?arch=source&distro=resolute,"This package (for the given release), while related to the CVE in some way, is not affected by the issue. CVE Notes / justification: The upstream advisory cites 7103a93 (the middle commit below) as the necessary fix, but in reality, there are three relevant upstream commits (see references above): - 1a17959: adds fn to fix the issue - 7103a93: big refactor which touches that fn - 1c58877: completely removes that fn That third commit explains that the fix has been reverted in favor of documenting the issue here: https://curl.se/libcurl/c/CURLOPT_USERNAME.html. Curl 8.22.0 contains all three of these commits, so it actually ignores the issue entirely and remains vulnerable to it. Thus, Ubuntu releases are considered not-affected due to their equivalence to upstream.",VENDOR_NOT_AFFECTED_EXACT_VERSION,VENDOR_NOT_AFFECTED_EXACT_VERSION
sha256:4662cac700d64379a481f34fc0783e70b52eaa25bdef4d93b22e49b406da67c1 (debian 13.7),debian,curl,libcurl3t64-gnutls,8.14.1-2+deb13u5,CVE-2026-80229,MEDIUM,,affected,https://avd.aquasec.com/nvd/cve-2026-80229,8.18.0-1ubuntu2.7,,VENDOR_FIXED_VERSION_CONFIRMED,fixed,https://raw.githubusercontent.com/canonical/ubuntu-security-notices/a3f40224dd201a816b4725891b70d22f7809225f/vex/cve/2026/CVE-2026-80229.json,pkg:deb/ubuntu/curl@8.18.0-1ubuntu2.7?arch=source&distro=resolute,"This package (for the given release) was vulnerable, but an update has been uploaded and published.",VENDOR_FIXED_VERSION_CONFIRMED,VENDOR_FIXED_VERSION_CONFIRMED
sha256:4662cac700d64379a481f34fc0783e70b52eaa25bdef4d93b22e49b406da67c1 (debian 13.7),debian,curl,libcurl3t64-gnutls,8.14.1-2+deb13u5,CVE-2026-8924,MEDIUM,,affected,https://avd.aquasec.com/nvd/cve-2026-8924,8.18.0-1ubuntu2.7,,VENDOR_FIXED_VERSION_CONFIRMED,fixed,https://raw.githubusercontent.com/canonical/ubuntu-security-notices/a3f40224dd201a816b4725891b70d22f7809225f/vex/cve/2026/CVE-2026-8924.json,pkg:deb/ubuntu/curl@8.18.0-1ubuntu2.7?arch=source&distro=resolute,"This package (for the given release) was vulnerable, but an update has been uploaded and published.",VENDOR_FIXED_VERSION_CONFIRMED,VENDOR_FIXED_VERSION_CONFIRMED
sha256:4662cac700d64379a481f34fc0783e70b52eaa25bdef4d93b22e49b406da67c1 (debian 13.7),debian,curl,libcurl3t64-gnutls,8.14.1-2+deb13u5,CVE-2026-8926,MEDIUM,,affected,https://avd.aquasec.com/nvd/cve-2026-8926,8.18.0-1ubuntu2.7,,VENDOR_FIXED_VERSION_CONFIRMED,fixed,https://raw.githubusercontent.com/canonical/ubuntu-security-notices/a3f40224dd201a816b4725891b70d22f7809225f/vex/cve/2026/CVE-2026-8926.json,pkg:deb/ubuntu/curl@8.18.0-1ubuntu2.7?arch=source&distro=resolute,"This package (for the given release) was vulnerable, but an update has been uploaded and published.",VENDOR_FIXED_VERSION_CONFIRMED,VENDOR_FIXED_VERSION_CONFIRMED
sha256:4662cac700d64379a481f34fc0783e70b52eaa25bdef4d93b22e49b406da67c1 (debian 13.7),debian,curl,libcurl3t64-gnutls,8.14.1-2+deb13u5,CVE-2026-8932,MEDIUM,,affected,https://avd.aquasec.com/nvd/cve-2026-8932,8.18.0-1ubuntu2.7,,VENDOR_FIXED_VERSION_CONFIRMED,fixed,https://raw.githubusercontent.com/canonical/ubuntu-security-notices/a3f40224dd201a816b4725891b70d22f7809225f/vex/cve/2026/CVE-2026-8932.json,pkg:deb/ubuntu/curl@8.18.0-1ubuntu2.7?arch=source&distro=resolute,"This package (for the given release) was vulnerable, but an update has been uploaded and published.",VENDOR_FIXED_VERSION_CONFIRMED,VENDOR_FIXED_VERSION_CONFIRMED
sha256:4662cac700d64379a481f34fc0783e70b52eaa25bdef4d93b22e49b406da67c1 (debian 13.7),debian,curl,libcurl3t64-gnutls,8.14.1-2+deb13u5,CVE-2026-9079,MEDIUM,,affected,https://avd.aquasec.com/nvd/cve-2026-9079,8.18.0-1ubuntu2.7,,VENDOR_FIXED_VERSION_CONFIRMED,fixed,https://raw.githubusercontent.com/canonical/ubuntu-security-notices/a3f40224dd201a816b4725891b70d22f7809225f/vex/cve/2026/CVE-2026-9079.json,pkg:deb/ubuntu/curl@8.18.0-1ubuntu2.7?arch=source&distro=resolute,"This package (for the given release) was vulnerable, but an update has been uploaded and published.",VENDOR_FIXED_VERSION_CONFIRMED,VENDOR_FIXED_VERSION_CONFIRMED
sha256:4662cac700d64379a481f34fc0783e70b52eaa25bdef4d93b22e49b406da67c1 (debian 13.7),debian,curl,libcurl3t64-gnutls,8.14.1-2+deb13u5,CVE-2026-9080,MEDIUM,,affected,https://avd.aquasec.com/nvd/cve-2026-9080,8.18.0-1ubuntu2.7,,VENDOR_FIXED_VERSION_CONFIRMED,fixed,https://raw.githubusercontent.com/canonical/ubuntu-security-notices/a3f40224dd201a816b4725891b70d22f7809225f/vex/cve/2026/CVE-2026-9080.json,pkg:deb/ubuntu/curl@8.18.0-1ubuntu2.7?arch=source&distro=resolute,"This package (for the given release) was vulnerable, but an update has been uploaded and published.",VENDOR_FIXED_VERSION_CONFIRMED,VENDOR_FIXED_VERSION_CONFIRMED
sha256:4662cac700d64379a481f34fc0783e70b52eaa25bdef4d93b22e49b406da67c1 (debian 13.7),debian,curl,libcurl3t64-gnutls,8.14.1-2+deb13u5,CVE-2026-9545,MEDIUM,,affected,https://avd.aquasec.com/nvd/cve-2026-9545,8.18.0-1ubuntu2.7,,VENDOR_FIXED_VERSION_CONFIRMED,fixed,https://raw.githubusercontent.com/canonical/ubuntu-security-notices/a3f40224dd201a816b4725891b70d22f7809225f/vex/cve/2026/CVE-2026-9545.json,pkg:deb/ubuntu/curl@8.18.0-1ubuntu2.7?arch=source&distro=resolute,"This package (for the given release) was vulnerable, but an update has been uploaded and published.",VENDOR_FIXED_VERSION_CONFIRMED,VENDOR_FIXED_VERSION_CONFIRMED
sha256:4662cac700d64379a481f34fc0783e70b52eaa25bdef4d93b22e49b406da67c1 (debian 13.7),debian,curl,libcurl3t64-gnutls,8.14.1-2+deb13u5,CVE-2025-10966,LOW,,affected,https://avd.aquasec.com/nvd/cve-2025-10966,8.18.0-1ubuntu2.7,,OPEN_MISSING_VENDOR_EVIDENCE,,https://raw.githubusercontent.com/canonical/ubuntu-security-notices/a3f40224dd201a816b4725891b70d22f7809225f/vex/cve/2025/CVE-2025-10966.json,,No applicable vendor statement; missing matches are not fixes.,OPEN_MISSING_VENDOR_EVIDENCE,OPEN_MISSING_VENDOR_EVIDENCE
sha256:4662cac700d64379a481f34fc0783e70b52eaa25bdef4d93b22e49b406da67c1 (debian 13.7),debian,curl,libcurl3t64-gnutls,8.14.1-2+deb13u5,CVE-2025-14017,LOW,,affected,https://avd.aquasec.com/nvd/cve-2025-14017,8.18.0-1ubuntu2.7,,VENDOR_NOT_AFFECTED_EXACT_VERSION,not_affected,https://raw.githubusercontent.com/canonical/ubuntu-security-notices/a3f40224dd201a816b4725891b70d22f7809225f/vex/cve/2025/CVE-2025-14017.json,pkg:deb/ubuntu/curl@8.18.0-1ubuntu2.7?arch=source&distro=resolute,"This package (for the given release), while related to the CVE in some way, is not affected by the issue. CVE Notes / justification: ",VENDOR_NOT_AFFECTED_EXACT_VERSION,VENDOR_NOT_AFFECTED_EXACT_VERSION
sha256:4662cac700d64379a481f34fc0783e70b52eaa25bdef4d93b22e49b406da67c1 (debian 13.7),debian,curl,libcurl3t64-gnutls,8.14.1-2+deb13u5,CVE-2025-15079,LOW,,affected,https://avd.aquasec.com/nvd/cve-2025-15079,8.18.0-1ubuntu2.7,,VENDOR_NOT_AFFECTED_EXACT_VERSION,not_affected,https://raw.githubusercontent.com/canonical/ubuntu-security-notices/a3f40224dd201a816b4725891b70d22f7809225f/vex/cve/2025/CVE-2025-15079.json,pkg:deb/ubuntu/curl@8.18.0-1ubuntu2.7?arch=source&distro=resolute,"This package (for the given release), while related to the CVE in some way, is not affected by the issue. CVE Notes / justification: only affects curl built with the libssh, not libssh2 in plucky+, libssh2 is used for builds",VENDOR_NOT_AFFECTED_EXACT_VERSION,VENDOR_NOT_AFFECTED_EXACT_VERSION
sha256:4662cac700d64379a481f34fc0783e70b52eaa25bdef4d93b22e49b406da67c1 (debian 13.7),debian,curl,libcurl3t64-gnutls,8.14.1-2+deb13u5,CVE-2025-15224,LOW,,affected,https://avd.aquasec.com/nvd/cve-2025-15224,8.18.0-1ubuntu2.7,,VENDOR_NOT_AFFECTED_EXACT_VERSION,not_affected,https://raw.githubusercontent.com/canonical/ubuntu-security-notices/a3f40224dd201a816b4725891b70d22f7809225f/vex/cve/2025/CVE-2025-15224.json,pkg:deb/ubuntu/curl@8.18.0-1ubuntu2.7?arch=source&distro=resolute,"This package (for the given release), while related to the CVE in some way, is not affected by the issue. CVE Notes / justification: only affects curl built with the libssh, not libssh2 in plucky+, libssh2 is used for builds",VENDOR_NOT_AFFECTED_EXACT_VERSION,VENDOR_NOT_AFFECTED_EXACT_VERSION
sha256:4662cac700d64379a481f34fc0783e70b52eaa25bdef4d93b22e49b406da67c1 (debian 13.7),debian,curl,libcurl3t64-gnutls,8.14.1-2+deb13u5,CVE-2026-13608,LOW,,affected,https://avd.aquasec.com/nvd/cve-2026-13608,8.18.0-1ubuntu2.7,,VENDOR_FIXED_VERSION_CONFIRMED,fixed,https://raw.githubusercontent.com/canonical/ubuntu-security-notices/a3f40224dd201a816b4725891b70d22f7809225f/vex/cve/2026/CVE-2026-13608.json,pkg:deb/ubuntu/curl@8.18.0-1ubuntu2.7?arch=source&distro=resolute,"This package (for the given release) was vulnerable, but an update has been uploaded and published.",VENDOR_FIXED_VERSION_CONFIRMED,VENDOR_FIXED_VERSION_CONFIRMED
sha256:4662cac700d64379a481f34fc0783e70b52eaa25bdef4d93b22e49b406da67c1 (debian 13.7),debian,curl,libcurl3t64-gnutls,8.14.1-2+deb13u5,CVE-2026-18924,LOW,,affected,https://avd.aquasec.com/nvd/cve-2026-18924,8.18.0-1ubuntu2.7,,VENDOR_FIXED_VERSION_CONFIRMED,fixed,https://raw.githubusercontent.com/canonical/ubuntu-security-notices/a3f40224dd201a816b4725891b70d22f7809225f/vex/cve/2026/CVE-2026-18924.json,pkg:deb/ubuntu/curl@8.18.0-1ubuntu2.7?arch=source&distro=resolute,"This package (for the given release) was vulnerable, but an update has been uploaded and published.",VENDOR_FIXED_VERSION_CONFIRMED,VENDOR_FIXED_VERSION_CONFIRMED
sha256:4662cac700d64379a481f34fc0783e70b52eaa25bdef4d93b22e49b406da67c1 (debian 13.7),debian,curl,libcurl3t64-gnutls,8.14.1-2+deb13u5,CVE-2026-80230,LOW,,affected,https://avd.aquasec.com/nvd/cve-2026-80230,8.18.0-1ubuntu2.7,,VENDOR_FIXED_VERSION_CONFIRMED,fixed,https://raw.githubusercontent.com/canonical/ubuntu-security-notices/a3f40224dd201a816b4725891b70d22f7809225f/vex/cve/2026/CVE-2026-80230.json,pkg:deb/ubuntu/curl@8.18.0-1ubuntu2.7?arch=source&distro=resolute,"This package (for the given release) was vulnerable, but an update has been uploaded and published.",VENDOR_FIXED_VERSION_CONFIRMED,VENDOR_FIXED_VERSION_CONFIRMED
sha256:4662cac700d64379a481f34fc0783e70b52eaa25bdef4d93b22e49b406da67c1 (debian 13.7),debian,curl,libcurl3t64-gnutls,8.14.1-2+deb13u5,CVE-2026-80255,LOW,,affected,https://avd.aquasec.com/nvd/cve-2026-80255,8.18.0-1ubuntu2.7,,VENDOR_FIXED_VERSION_CONFIRMED,fixed,https://raw.githubusercontent.com/canonical/ubuntu-security-notices/a3f40224dd201a816b4725891b70d22f7809225f/vex/cve/2026/CVE-2026-80255.json,pkg:deb/ubuntu/curl@8.18.0-1ubuntu2.7?arch=source&distro=resolute,"This package (for the given release) was vulnerable, but an update has been uploaded and published.",VENDOR_FIXED_VERSION_CONFIRMED,VENDOR_FIXED_VERSION_CONFIRMED
sha256:4662cac700d64379a481f34fc0783e70b52eaa25bdef4d93b22e49b406da67c1 (debian 13.7),debian,curl,libcurl3t64-gnutls,8.14.1-2+deb13u5,CVE-2026-82208,LOW,,affected,https://avd.aquasec.com/nvd/cve-2026-82208,8.18.0-1ubuntu2.7,,VENDOR_NOT_AFFECTED_EXACT_VERSION,not_affected,https://raw.githubusercontent.com/canonical/ubuntu-security-notices/a3f40224dd201a816b4725891b70d22f7809225f/vex/cve/2026/CVE-2026-82208.json,pkg:deb/ubuntu/curl@8.18.0-1ubuntu2.7?arch=source&distro=resolute,"This package (for the given release), while related to the CVE in some way, is not affected by the issue. CVE Notes / justification: As Debian tracker points out, Debian does not ship curl with wolfSSL support. That is also true of Ubuntu, so this issue does not affect any of our releases.",VENDOR_NOT_AFFECTED_EXACT_VERSION,VENDOR_NOT_AFFECTED_EXACT_VERSION
sha256:4662cac700d64379a481f34fc0783e70b52eaa25bdef4d93b22e49b406da67c1 (debian 13.7),debian,curl,libcurl3t64-gnutls,8.14.1-2+deb13u5,CVE-2026-82209,LOW,,affected,https://avd.aquasec.com/nvd/cve-2026-82209,8.18.0-1ubuntu2.7,,VENDOR_FIXED_VERSION_CONFIRMED,fixed,https://raw.githubusercontent.com/canonical/ubuntu-security-notices/a3f40224dd201a816b4725891b70d22f7809225f/vex/cve/2026/CVE-2026-82209.json,pkg:deb/ubuntu/curl@8.18.0-1ubuntu2.7?arch=source&distro=resolute,"This package (for the given release) was vulnerable, but an update has been uploaded and published.",VENDOR_FIXED_VERSION_CONFIRMED,VENDOR_FIXED_VERSION_CONFIRMED
sha256:4662cac700d64379a481f34fc0783e70b52eaa25bdef4d93b22e49b406da67c1 (debian 13.7),debian,curl,libcurl3t64-gnutls,8.14.1-2+deb13u5,CVE-2026-9547,LOW,,affected,https://avd.aquasec.com/nvd/cve-2026-9547,8.18.0-1ubuntu2.7,,VENDOR_FIXED_VERSION_CONFIRMED,fixed,https://raw.githubusercontent.com/canonical/ubuntu-security-notices/a3f40224dd201a816b4725891b70d22f7809225f/vex/cve/2026/CVE-2026-9547.json,pkg:deb/ubuntu/curl@8.18.0-1ubuntu2.7?arch=source&distro=resolute,"This package (for the given release) was vulnerable, but an update has been uploaded and published.",VENDOR_FIXED_VERSION_CONFIRMED,VENDOR_FIXED_VERSION_CONFIRMED
sha256:4662cac700d64379a481f34fc0783e70b52eaa25bdef4d93b22e49b406da67c1 (debian 13.7),debian,curl,libcurl4t64,8.14.1-2+deb13u5,CVE-2026-12064,HIGH,,affected,https://avd.aquasec.com/nvd/cve-2026-12064,8.18.0-1ubuntu2.7,,VENDOR_FIXED_VERSION_CONFIRMED,fixed,https://raw.githubusercontent.com/canonical/ubuntu-security-notices/a3f40224dd201a816b4725891b70d22f7809225f/vex/cve/2026/CVE-2026-12064.json,pkg:deb/ubuntu/curl@8.18.0-1ubuntu2.7?arch=source&distro=resolute,"This package (for the given release) was vulnerable, but an update has been uploaded and published.",VENDOR_FIXED_VERSION_CONFIRMED,VENDOR_FIXED_VERSION_CONFIRMED
sha256:4662cac700d64379a481f34fc0783e70b52eaa25bdef4d93b22e49b406da67c1 (debian 13.7),debian,curl,libcurl4t64,8.14.1-2+deb13u5,CVE-2026-8286,HIGH,,affected,https://avd.aquasec.com/nvd/cve-2026-8286,8.18.0-1ubuntu2.7,,VENDOR_FIXED_VERSION_CONFIRMED,fixed,https://raw.githubusercontent.com/canonical/ubuntu-security-notices/a3f40224dd201a816b4725891b70d22f7809225f/vex/cve/2026/CVE-2026-8286.json,pkg:deb/ubuntu/curl@8.18.0-1ubuntu2.7?arch=source&distro=resolute,"This package (for the given release) was vulnerable, but an update has been uploaded and published.",VENDOR_FIXED_VERSION_CONFIRMED,VENDOR_FIXED_VERSION_CONFIRMED
sha256:4662cac700d64379a481f34fc0783e70b52eaa25bdef4d93b22e49b406da67c1 (debian 13.7),debian,curl,libcurl4t64,8.14.1-2+deb13u5,CVE-2026-8458,HIGH,,affected,https://avd.aquasec.com/nvd/cve-2026-8458,8.18.0-1ubuntu2.7,,VENDOR_FIXED_VERSION_CONFIRMED,fixed,https://raw.githubusercontent.com/canonical/ubuntu-security-notices/a3f40224dd201a816b4725891b70d22f7809225f/vex/cve/2026/CVE-2026-8458.json,pkg:deb/ubuntu/curl@8.18.0-1ubuntu2.7?arch=source&distro=resolute,"This package (for the given release) was vulnerable, but an update has been uploaded and published.",VENDOR_FIXED_VERSION_CONFIRMED,VENDOR_FIXED_VERSION_CONFIRMED
sha256:4662cac700d64379a481f34fc0783e70b52eaa25bdef4d93b22e49b406da67c1 (debian 13.7),debian,curl,libcurl4t64,8.14.1-2+deb13u5,CVE-2026-8927,HIGH,,affected,https://avd.aquasec.com/nvd/cve-2026-8927,8.18.0-1ubuntu2.7,,VENDOR_FIXED_VERSION_CONFIRMED,fixed,https://raw.githubusercontent.com/canonical/ubuntu-security-notices/a3f40224dd201a816b4725891b70d22f7809225f/vex/cve/2026/CVE-2026-8927.json,pkg:deb/ubuntu/curl@8.18.0-1ubuntu2.7?arch=source&distro=resolute,"This package (for the given release) was vulnerable, but an update has been uploaded and published.",VENDOR_FIXED_VERSION_CONFIRMED,VENDOR_FIXED_VERSION_CONFIRMED
sha256:4662cac700d64379a481f34fc0783e70b52eaa25bdef4d93b22e49b406da67c1 (debian 13.7),debian,curl,libcurl4t64,8.14.1-2+deb13u5,CVE-2026-10536,MEDIUM,,affected,https://avd.aquasec.com/nvd/cve-2026-10536,8.18.0-1ubuntu2.7,,VENDOR_FIXED_VERSION_CONFIRMED,fixed,https://raw.githubusercontent.com/canonical/ubuntu-security-notices/a3f40224dd201a816b4725891b70d22f7809225f/vex/cve/2026/CVE-2026-10536.json,pkg:deb/ubuntu/curl@8.18.0-1ubuntu2.7?arch=source&distro=resolute,"This package (for the given release) was vulnerable, but an update has been uploaded and published.",VENDOR_FIXED_VERSION_CONFIRMED,VENDOR_FIXED_VERSION_CONFIRMED
sha256:4662cac700d64379a481f34fc0783e70b52eaa25bdef4d93b22e49b406da67c1 (debian 13.7),debian,curl,libcurl4t64,8.14.1-2+deb13u5,CVE-2026-11856,MEDIUM,,affected,https://avd.aquasec.com/nvd/cve-2026-11856,8.18.0-1ubuntu2.7,,VENDOR_FIXED_VERSION_CONFIRMED,fixed,https://raw.githubusercontent.com/canonical/ubuntu-security-notices/a3f40224dd201a816b4725891b70d22f7809225f/vex/cve/2026/CVE-2026-11856.json,pkg:deb/ubuntu/curl@8.18.0-1ubuntu2.7?arch=source&distro=resolute,"This package (for the given release) was vulnerable, but an update has been uploaded and published.",VENDOR_FIXED_VERSION_CONFIRMED,VENDOR_FIXED_VERSION_CONFIRMED
sha256:4662cac700d64379a481f34fc0783e70b52eaa25bdef4d93b22e49b406da67c1 (debian 13.7),debian,curl,libcurl4t64,8.14.1-2+deb13u5,CVE-2026-19931,MEDIUM,,affected,https://avd.aquasec.com/nvd/cve-2026-19931,8.18.0-1ubuntu2.7,,VENDOR_NOT_AFFECTED_EXACT_VERSION,not_affected,https://raw.githubusercontent.com/canonical/ubuntu-security-notices/a3f40224dd201a816b4725891b70d22f7809225f/vex/cve/2026/CVE-2026-19931.json,pkg:deb/ubuntu/curl@8.18.0-1ubuntu2.7?arch=source&distro=resolute,"This package (for the given release), while related to the CVE in some way, is not affected by the issue. CVE Notes / justification: The upstream advisory cites 7103a93 (the middle commit below) as the necessary fix, but in reality, there are three relevant upstream commits (see references above): - 1a17959: adds fn to fix the issue - 7103a93: big refactor which touches that fn - 1c58877: completely removes that fn That third commit explains that the fix has been reverted in favor of documenting the issue here: https://curl.se/libcurl/c/CURLOPT_USERNAME.html. Curl 8.22.0 contains all three of these commits, so it actually ignores the issue entirely and remains vulnerable to it. Thus, Ubuntu releases are considered not-affected due to their equivalence to upstream.",VENDOR_NOT_AFFECTED_EXACT_VERSION,VENDOR_NOT_AFFECTED_EXACT_VERSION
sha256:4662cac700d64379a481f34fc0783e70b52eaa25bdef4d93b22e49b406da67c1 (debian 13.7),debian,curl,libcurl4t64,8.14.1-2+deb13u5,CVE-2026-80229,MEDIUM,,affected,https://avd.aquasec.com/nvd/cve-2026-80229,8.18.0-1ubuntu2.7,,VENDOR_FIXED_VERSION_CONFIRMED,fixed,https://raw.githubusercontent.com/canonical/ubuntu-security-notices/a3f40224dd201a816b4725891b70d22f7809225f/vex/cve/2026/CVE-2026-80229.json,pkg:deb/ubuntu/curl@8.18.0-1ubuntu2.7?arch=source&distro=resolute,"This package (for the given release) was vulnerable, but an update has been uploaded and published.",VENDOR_FIXED_VERSION_CONFIRMED,VENDOR_FIXED_VERSION_CONFIRMED
sha256:4662cac700d64379a481f34fc0783e70b52eaa25bdef4d93b22e49b406da67c1 (debian 13.7),debian,curl,libcurl4t64,8.14.1-2+deb13u5,CVE-2026-8924,MEDIUM,,affected,https://avd.aquasec.com/nvd/cve-2026-8924,8.18.0-1ubuntu2.7,,VENDOR_FIXED_VERSION_CONFIRMED,fixed,https://raw.githubusercontent.com/canonical/ubuntu-security-notices/a3f40224dd201a816b4725891b70d22f7809225f/vex/cve/2026/CVE-2026-8924.json,pkg:deb/ubuntu/curl@8.18.0-1ubuntu2.7?arch=source&distro=resolute,"This package (for the given release) was vulnerable, but an update has been uploaded and published.",VENDOR_FIXED_VERSION_CONFIRMED,VENDOR_FIXED_VERSION_CONFIRMED
sha256:4662cac700d64379a481f34fc0783e70b52eaa25bdef4d93b22e49b406da67c1 (debian 13.7),debian,curl,libcurl4t64,8.14.1-2+deb13u5,CVE-2026-8926,MEDIUM,,affected,https://avd.aquasec.com/nvd/cve-2026-8926,8.18.0-1ubuntu2.7,,VENDOR_FIXED_VERSION_CONFIRMED,fixed,https://raw.githubusercontent.com/canonical/ubuntu-security-notices/a3f40224dd201a816b4725891b70d22f7809225f/vex/cve/2026/CVE-2026-8926.json,pkg:deb/ubuntu/curl@8.18.0-1ubuntu2.7?arch=source&distro=resolute,"This package (for the given release) was vulnerable, but an update has been uploaded and published.",VENDOR_FIXED_VERSION_CONFIRMED,VENDOR_FIXED_VERSION_CONFIRMED
sha256:4662cac700d64379a481f34fc0783e70b52eaa25bdef4d93b22e49b406da67c1 (debian 13.7),debian,curl,libcurl4t64,8.14.1-2+deb13u5,CVE-2026-8932,MEDIUM,,affected,https://avd.aquasec.com/nvd/cve-2026-8932,8.18.0-1ubuntu2.7,,VENDOR_FIXED_VERSION_CONFIRMED,fixed,https://raw.githubusercontent.com/canonical/ubuntu-security-notices/a3f40224dd201a816b4725891b70d22f7809225f/vex/cve/2026/CVE-2026-8932.json,pkg:deb/ubuntu/curl@8.18.0-1ubuntu2.7?arch=source&distro=resolute,"This package (for the given release) was vulnerable, but an update has been uploaded and published.",VENDOR_FIXED_VERSION_CONFIRMED,VENDOR_FIXED_VERSION_CONFIRMED
sha256:4662cac700d64379a481f34fc0783e70b52eaa25bdef4d93b22e49b406da67c1 (debian 13.7),debian,curl,libcurl4t64,8.14.1-2+deb13u5,CVE-2026-9079,MEDIUM,,affected,https://avd.aquasec.com/nvd/cve-2026-9079,8.18.0-1ubuntu2.7,,VENDOR_FIXED_VERSION_CONFIRMED,fixed,https://raw.githubusercontent.com/canonical/ubuntu-security-notices/a3f40224dd201a816b4725891b70d22f7809225f/vex/cve/2026/CVE-2026-9079.json,pkg:deb/ubuntu/curl@8.18.0-1ubuntu2.7?arch=source&distro=resolute,"This package (for the given release) was vulnerable, but an update has been uploaded and published.",VENDOR_FIXED_VERSION_CONFIRMED,VENDOR_FIXED_VERSION_CONFIRMED
sha256:4662cac700d64379a481f34fc0783e70b52eaa25bdef4d93b22e49b406da67c1 (debian 13.7),debian,curl,libcurl4t64,8.14.1-2+deb13u5,CVE-2026-9080,MEDIUM,,affected,https://avd.aquasec.com/nvd/cve-2026-9080,8.18.0-1ubuntu2.7,,VENDOR_FIXED_VERSION_CONFIRMED,fixed,https://raw.githubusercontent.com/canonical/ubuntu-security-notices/a3f40224dd201a816b4725891b70d22f7809225f/vex/cve/2026/CVE-2026-9080.json,pkg:deb/ubuntu/curl@8.18.0-1ubuntu2.7?arch=source&distro=resolute,"This package (for the given release) was vulnerable, but an update has been uploaded and published.",VENDOR_FIXED_VERSION_CONFIRMED,VENDOR_FIXED_VERSION_CONFIRMED
sha256:4662cac700d64379a481f34fc0783e70b52eaa25bdef4d93b22e49b406da67c1 (debian 13.7),debian,curl,libcurl4t64,8.14.1-2+deb13u5,CVE-2026-9545,MEDIUM,,affected,https://avd.aquasec.com/nvd/cve-2026-9545,8.18.0-1ubuntu2.7,,VENDOR_FIXED_VERSION_CONFIRMED,fixed,https://raw.githubusercontent.com/canonical/ubuntu-security-notices/a3f40224dd201a816b4725891b70d22f7809225f/vex/cve/2026/CVE-2026-9545.json,pkg:deb/ubuntu/curl@8.18.0-1ubuntu2.7?arch=source&distro=resolute,"This package (for the given release) was vulnerable, but an update has been uploaded and published.",VENDOR_FIXED_VERSION_CONFIRMED,VENDOR_FIXED_VERSION_CONFIRMED
sha256:4662cac700d64379a481f34fc0783e70b52eaa25bdef4d93b22e49b406da67c1 (debian 13.7),debian,curl,libcurl4t64,8.14.1-2+deb13u5,CVE-2025-10966,LOW,,affected,https://avd.aquasec.com/nvd/cve-2025-10966,8.18.0-1ubuntu2.7,,OPEN_MISSING_VENDOR_EVIDENCE,,https://raw.githubusercontent.com/canonical/ubuntu-security-notices/a3f40224dd201a816b4725891b70d22f7809225f/vex/cve/2025/CVE-2025-10966.json,,No applicable vendor statement; missing matches are not fixes.,OPEN_MISSING_VENDOR_EVIDENCE,OPEN_MISSING_VENDOR_EVIDENCE
sha256:4662cac700d64379a481f34fc0783e70b52eaa25bdef4d93b22e49b406da67c1 (debian 13.7),debian,curl,libcurl4t64,8.14.1-2+deb13u5,CVE-2025-14017,LOW,,affected,https://avd.aquasec.com/nvd/cve-2025-14017,8.18.0-1ubuntu2.7,,VENDOR_NOT_AFFECTED_EXACT_VERSION,not_affected,https://raw.githubusercontent.com/canonical/ubuntu-security-notices/a3f40224dd201a816b4725891b70d22f7809225f/vex/cve/2025/CVE-2025-14017.json,pkg:deb/ubuntu/curl@8.18.0-1ubuntu2.7?arch=source&distro=resolute,"This package (for the given release), while related to the CVE in some way, is not affected by the issue. CVE Notes / justification: ",VENDOR_NOT_AFFECTED_EXACT_VERSION,VENDOR_NOT_AFFECTED_EXACT_VERSION
sha256:4662cac700d64379a481f34fc0783e70b52eaa25bdef4d93b22e49b406da67c1 (debian 13.7),debian,curl,libcurl4t64,8.14.1-2+deb13u5,CVE-2025-15079,LOW,,affected,https://avd.aquasec.com/nvd/cve-2025-15079,8.18.0-1ubuntu2.7,,VENDOR_NOT_AFFECTED_EXACT_VERSION,not_affected,https://raw.githubusercontent.com/canonical/ubuntu-security-notices/a3f40224dd201a816b4725891b70d22f7809225f/vex/cve/2025/CVE-2025-15079.json,pkg:deb/ubuntu/curl@8.18.0-1ubuntu2.7?arch=source&distro=resolute,"This package (for the given release), while related to the CVE in some way, is not affected by the issue. CVE Notes / justification: only affects curl built with the libssh, not libssh2 in plucky+, libssh2 is used for builds",VENDOR_NOT_AFFECTED_EXACT_VERSION,VENDOR_NOT_AFFECTED_EXACT_VERSION
sha256:4662cac700d64379a481f34fc0783e70b52eaa25bdef4d93b22e49b406da67c1 (debian 13.7),debian,curl,libcurl4t64,8.14.1-2+deb13u5,CVE-2025-15224,LOW,,affected,https://avd.aquasec.com/nvd/cve-2025-15224,8.18.0-1ubuntu2.7,,VENDOR_NOT_AFFECTED_EXACT_VERSION,not_affected,https://raw.githubusercontent.com/canonical/ubuntu-security-notices/a3f40224dd201a816b4725891b70d22f7809225f/vex/cve/2025/CVE-2025-15224.json,pkg:deb/ubuntu/curl@8.18.0-1ubuntu2.7?arch=source&distro=resolute,"This package (for the given release), while related to the CVE in some way, is not affected by the issue. CVE Notes / justification: only affects curl built with the libssh, not libssh2 in plucky+, libssh2 is used for builds",VENDOR_NOT_AFFECTED_EXACT_VERSION,VENDOR_NOT_AFFECTED_EXACT_VERSION
sha256:4662cac700d64379a481f34fc0783e70b52eaa25bdef4d93b22e49b406da67c1 (debian 13.7),debian,curl,libcurl4t64,8.14.1-2+deb13u5,CVE-2026-13608,LOW,,affected,https://avd.aquasec.com/nvd/cve-2026-13608,8.18.0-1ubuntu2.7,,VENDOR_FIXED_VERSION_CONFIRMED,fixed,https://raw.githubusercontent.com/canonical/ubuntu-security-notices/a3f40224dd201a816b4725891b70d22f7809225f/vex/cve/2026/CVE-2026-13608.json,pkg:deb/ubuntu/curl@8.18.0-1ubuntu2.7?arch=source&distro=resolute,"This package (for the given release) was vulnerable, but an update has been uploaded and published.",VENDOR_FIXED_VERSION_CONFIRMED,VENDOR_FIXED_VERSION_CONFIRMED
sha256:4662cac700d64379a481f34fc0783e70b52eaa25bdef4d93b22e49b406da67c1 (debian 13.7),debian,curl,libcurl4t64,8.14.1-2+deb13u5,CVE-2026-18924,LOW,,affected,https://avd.aquasec.com/nvd/cve-2026-18924,8.18.0-1ubuntu2.7,,VENDOR_FIXED_VERSION_CONFIRMED,fixed,https://raw.githubusercontent.com/canonical/ubuntu-security-notices/a3f40224dd201a816b4725891b70d22f7809225f/vex/cve/2026/CVE-2026-18924.json,pkg:deb/ubuntu/curl@8.18.0-1ubuntu2.7?arch=source&distro=resolute,"This package (for the given release) was vulnerable, but an update has been uploaded and published.",VENDOR_FIXED_VERSION_CONFIRMED,VENDOR_FIXED_VERSION_CONFIRMED
sha256:4662cac700d64379a481f34fc0783e70b52eaa25bdef4d93b22e49b406da67c1 (debian 13.7),debian,curl,libcurl4t64,8.14.1-2+deb13u5,CVE-2026-80230,LOW,,affected,https://avd.aquasec.com/nvd/cve-2026-80230,8.18.0-1ubuntu2.7,,VENDOR_FIXED_VERSION_CONFIRMED,fixed,https://raw.githubusercontent.com/canonical/ubuntu-security-notices/a3f40224dd201a816b4725891b70d22f7809225f/vex/cve/2026/CVE-2026-80230.json,pkg:deb/ubuntu/curl@8.18.0-1ubuntu2.7?arch=source&distro=resolute,"This package (for the given release) was vulnerable, but an update has been uploaded and published.",VENDOR_FIXED_VERSION_CONFIRMED,VENDOR_FIXED_VERSION_CONFIRMED
sha256:4662cac700d64379a481f34fc0783e70b52eaa25bdef4d93b22e49b406da67c1 (debian 13.7),debian,curl,libcurl4t64,8.14.1-2+deb13u5,CVE-2026-80255,LOW,,affected,https://avd.aquasec.com/nvd/cve-2026-80255,8.18.0-1ubuntu2.7,,VENDOR_FIXED_VERSION_CONFIRMED,fixed,https://raw.githubusercontent.com/canonical/ubuntu-security-notices/a3f40224dd201a816b4725891b70d22f7809225f/vex/cve/2026/CVE-2026-80255.json,pkg:deb/ubuntu/curl@8.18.0-1ubuntu2.7?arch=source&distro=resolute,"This package (for the given release) was vulnerable, but an update has been uploaded and published.",VENDOR_FIXED_VERSION_CONFIRMED,VENDOR_FIXED_VERSION_CONFIRMED
sha256:4662cac700d64379a481f34fc0783e70b52eaa25bdef4d93b22e49b406da67c1 (debian 13.7),debian,curl,libcurl4t64,8.14.1-2+deb13u5,CVE-2026-82208,LOW,,affected,https://avd.aquasec.com/nvd/cve-2026-82208,8.18.0-1ubuntu2.7,,VENDOR_NOT_AFFECTED_EXACT_VERSION,not_affected,https://raw.githubusercontent.com/canonical/ubuntu-security-notices/a3f40224dd201a816b4725891b70d22f7809225f/vex/cve/2026/CVE-2026-82208.json,pkg:deb/ubuntu/curl@8.18.0-1ubuntu2.7?arch=source&distro=resolute,"This package (for the given release), while related to the CVE in some way, is not affected by the issue. CVE Notes / justification: As Debian tracker points out, Debian does not ship curl with wolfSSL support. That is also true of Ubuntu, so this issue does not affect any of our releases.",VENDOR_NOT_AFFECTED_EXACT_VERSION,VENDOR_NOT_AFFECTED_EXACT_VERSION
sha256:4662cac700d64379a481f34fc0783e70b52eaa25bdef4d93b22e49b406da67c1 (debian 13.7),debian,curl,libcurl4t64,8.14.1-2+deb13u5,CVE-2026-82209,LOW,,affected,https://avd.aquasec.com/nvd/cve-2026-82209,8.18.0-1ubuntu2.7,,VENDOR_FIXED_VERSION_CONFIRMED,fixed,https://raw.githubusercontent.com/canonical/ubuntu-security-notices/a3f40224dd201a816b4725891b70d22f7809225f/vex/cve/2026/CVE-2026-82209.json,pkg:deb/ubuntu/curl@8.18.0-1ubuntu2.7?arch=source&distro=resolute,"This package (for the given release) was vulnerable, but an update has been uploaded and published.",VENDOR_FIXED_VERSION_CONFIRMED,VENDOR_FIXED_VERSION_CONFIRMED
sha256:4662cac700d64379a481f34fc0783e70b52eaa25bdef4d93b22e49b406da67c1 (debian 13.7),debian,curl,libcurl4t64,8.14.1-2+deb13u5,CVE-2026-9547,LOW,,affected,https://avd.aquasec.com/nvd/cve-2026-9547,8.18.0-1ubuntu2.7,,VENDOR_FIXED_VERSION_CONFIRMED,fixed,https://raw.githubusercontent.com/canonical/ubuntu-security-notices/a3f40224dd201a816b4725891b70d22f7809225f/vex/cve/2026/CVE-2026-9547.json,pkg:deb/ubuntu/curl@8.18.0-1ubuntu2.7?arch=source&distro=resolute,"This package (for the given release) was vulnerable, but an update has been uploaded and published.",VENDOR_FIXED_VERSION_CONFIRMED,VENDOR_FIXED_VERSION_CONFIRMED
sha256:4662cac700d64379a481f34fc0783e70b52eaa25bdef4d93b22e49b406da67c1 (debian 13.7),debian,elfutils,libelf1t64,0.192-4,CVE-2024-25260,LOW,,affected,https://avd.aquasec.com/nvd/cve-2024-25260,0.194-4,,OPEN_MISSING_VENDOR_EVIDENCE,,https://raw.githubusercontent.com/canonical/ubuntu-security-notices/a3f40224dd201a816b4725891b70d22f7809225f/vex/cve/2024/CVE-2024-25260.json,,No applicable vendor statement; missing matches are not fixes.,OPEN_MISSING_VENDOR_EVIDENCE,OPEN_MISSING_VENDOR_EVIDENCE
sha256:4662cac700d64379a481f34fc0783e70b52eaa25bdef4d93b22e49b406da67c1 (debian 13.7),debian,elfutils,libelf1t64,0.192-4,CVE-2025-1352,LOW,,affected,https://avd.aquasec.com/nvd/cve-2025-1352,0.194-4,LOW,OPEN_AFFECTED,affected,https://raw.githubusercontent.com/canonical/ubuntu-security-notices/a3f40224dd201a816b4725891b70d22f7809225f/vex/cve/2025/CVE-2025-1352.json,pkg:deb/ubuntu/elfutils@0.194-4?arch=source&distro=resolute,Ubuntu Security Team classified this CVE as of Low priority.,OPEN_AFFECTED,OPEN_AFFECTED
sha256:4662cac700d64379a481f34fc0783e70b52eaa25bdef4d93b22e49b406da67c1 (debian 13.7),debian,elfutils,libelf1t64,0.192-4,CVE-2025-1365,LOW,,affected,https://avd.aquasec.com/nvd/cve-2025-1365,0.194-4,,OPEN_MISSING_VENDOR_EVIDENCE,,https://raw.githubusercontent.com/canonical/ubuntu-security-notices/a3f40224dd201a816b4725891b70d22f7809225f/vex/cve/2025/CVE-2025-1365.json,,No applicable vendor statement; missing matches are not fixes.,OPEN_MISSING_VENDOR_EVIDENCE,OPEN_MISSING_VENDOR_EVIDENCE
sha256:4662cac700d64379a481f34fc0783e70b52eaa25bdef4d93b22e49b406da67c1 (debian 13.7),debian,elfutils,libelf1t64,0.192-4,CVE-2025-1371,LOW,,affected,https://avd.aquasec.com/nvd/cve-2025-1371,0.194-4,,OPEN_MISSING_VENDOR_EVIDENCE,,https://raw.githubusercontent.com/canonical/ubuntu-security-notices/a3f40224dd201a816b4725891b70d22f7809225f/vex/cve/2025/CVE-2025-1371.json,,No applicable vendor statement; missing matches are not fixes.,OPEN_MISSING_VENDOR_EVIDENCE,OPEN_MISSING_VENDOR_EVIDENCE
sha256:4662cac700d64379a481f34fc0783e70b52eaa25bdef4d93b22e49b406da67c1 (debian 13.7),debian,elfutils,libelf1t64,0.192-4,CVE-2025-1372,LOW,,affected,https://avd.aquasec.com/nvd/cve-2025-1372,0.194-4,,OPEN_MISSING_VENDOR_EVIDENCE,,https://raw.githubusercontent.com/canonical/ubuntu-security-notices/a3f40224dd201a816b4725891b70d22f7809225f/vex/cve/2025/CVE-2025-1372.json,,No applicable vendor statement; missing matches are not fixes.,OPEN_MISSING_VENDOR_EVIDENCE,OPEN_MISSING_VENDOR_EVIDENCE
sha256:4662cac700d64379a481f34fc0783e70b52eaa25bdef4d93b22e49b406da67c1 (debian 13.7),debian,elfutils,libelf1t64,0.192-4,CVE-2025-1376,LOW,,affected,https://avd.aquasec.com/nvd/cve-2025-1376,0.194-4,LOW,OPEN_AFFECTED,affected,https://raw.githubusercontent.com/canonical/ubuntu-security-notices/a3f40224dd201a816b4725891b70d22f7809225f/vex/cve/2025/CVE-2025-1376.json,pkg:deb/ubuntu/elfutils@0.194-4?arch=source&distro=resolute,Ubuntu Security Team classified this CVE as of Low priority.,OPEN_AFFECTED,OPEN_AFFECTED
sha256:4662cac700d64379a481f34fc0783e70b52eaa25bdef4d93b22e49b406da67c1 (debian 13.7),debian,elfutils,libelf1t64,0.192-4,CVE-2025-1377,LOW,,affected,https://avd.aquasec.com/nvd/cve-2025-1377,0.194-4,,OPEN_MISSING_VENDOR_EVIDENCE,,https://raw.githubusercontent.com/canonical/ubuntu-security-notices/a3f40224dd201a816b4725891b70d22f7809225f/vex/cve/2025/CVE-2025-1377.json,,No applicable vendor statement; missing matches are not fixes.,OPEN_MISSING_VENDOR_EVIDENCE,OPEN_MISSING_VENDOR_EVIDENCE
sha256:4662cac700d64379a481f34fc0783e70b52eaa25bdef4d93b22e49b406da67c1 (debian 13.7),debian,expat,libexpat1,2.8.3-1~deb13u1,CVE-2026-66046,HIGH,,affected,https://avd.aquasec.com/nvd/cve-2026-66046,2.7.4-1ubuntu0.2,,VENDOR_FIXED_VERSION_CONFIRMED,fixed,https://raw.githubusercontent.com/canonical/ubuntu-security-notices/a3f40224dd201a816b4725891b70d22f7809225f/vex/cve/2026/CVE-2026-66046.json,pkg:deb/ubuntu/expat@2.7.4-1ubuntu0.2?arch=source&distro=resolute,"This package (for the given release) was vulnerable, but an update has been uploaded and published.",VENDOR_FIXED_VERSION_CONFIRMED,VENDOR_FIXED_VERSION_CONFIRMED
sha256:4662cac700d64379a481f34fc0783e70b52eaa25bdef4d93b22e49b406da67c1 (debian 13.7),debian,expat,libexpat1,2.8.3-1~deb13u1,CVE-2026-76956,HIGH,,affected,https://avd.aquasec.com/nvd/cve-2026-76956,2.7.4-1ubuntu0.2,,VENDOR_NOT_AFFECTED_EXACT_VERSION,not_affected,https://raw.githubusercontent.com/canonical/ubuntu-security-notices/a3f40224dd201a816b4725891b70d22f7809225f/vex/cve/2026/CVE-2026-76956.json,pkg:deb/ubuntu/expat@2.7.4-1ubuntu0.2?arch=source&distro=resolute,"This package (for the given release), while related to the CVE in some way, is not affected by the issue. CVE Notes / justification: paraview uses system expat xotcl uses system expat poco uses system expat gdcm uses system expat audacity uses system expat simgear uses system expat coin3 uses system expat as of 4.0.0~CMake~6f54f1602475+ds1-1 sitecopy uses system expat since 1:0.16.0-1 (dapper!) insighttoolkit uses system expat as of 4.12.1-dfsg1 apache2 uses system expat apr-util uses system expat cmake uses system expat ghostscript uses system expat firefox uses system expat thunderbird uses system expat matanza embeds an expat fork to parse its own config file, there is no attack vector there, we will not be fixing matanza.",VENDOR_NOT_AFFECTED_EXACT_VERSION,VENDOR_NOT_AFFECTED_EXACT_VERSION
sha256:4662cac700d64379a481f34fc0783e70b52eaa25bdef4d93b22e49b406da67c1 (debian 13.7),debian,expat,libexpat1,2.8.3-1~deb13u1,CVE-2026-76957,HIGH,,affected,https://avd.aquasec.com/nvd/cve-2026-76957,2.7.4-1ubuntu0.2,,VENDOR_FIXED_VERSION_CONFIRMED,fixed,https://raw.githubusercontent.com/canonical/ubuntu-security-notices/a3f40224dd201a816b4725891b70d22f7809225f/vex/cve/2026/CVE-2026-76957.json,pkg:deb/ubuntu/expat@2.7.4-1ubuntu0.2?arch=source&distro=resolute,"This package (for the given release) was vulnerable, but an update has been uploaded and published.",VENDOR_FIXED_VERSION_CONFIRMED,VENDOR_FIXED_VERSION_CONFIRMED
sha256:4662cac700d64379a481f34fc0783e70b52eaa25bdef4d93b22e49b406da67c1 (debian 13.7),debian,expat,libexpat1,2.8.3-1~deb13u1,CVE-2026-93990,HIGH,,affected,https://avd.aquasec.com/nvd/cve-2026-93990,2.7.4-1ubuntu0.2,,OPEN_UNDER_INVESTIGATION,under_investigation,https://raw.githubusercontent.com/canonical/ubuntu-security-notices/a3f40224dd201a816b4725891b70d22f7809225f/vex/cve/2026/CVE-2026-93990.json,pkg:deb/ubuntu/expat@2.7.4-1ubuntu0.2?arch=source&distro=resolute,Ubuntu Security Team classified this CVE as of Medium priority.,OPEN_UNDER_INVESTIGATION,OPEN_UNDER_INVESTIGATION
sha256:4662cac700d64379a481f34fc0783e70b52eaa25bdef4d93b22e49b406da67c1 (debian 13.7),debian,expat,libexpat1,2.8.3-1~deb13u1,CVE-2025-66382,MEDIUM,,fix_deferred,https://avd.aquasec.com/nvd/cve-2025-66382,2.7.4-1ubuntu0.2,MEDIUM,OPEN_UNDER_INVESTIGATION,under_investigation,https://raw.githubusercontent.com/canonical/ubuntu-security-notices/a3f40224dd201a816b4725891b70d22f7809225f/vex/cve/2025/CVE-2025-66382.json,pkg:deb/ubuntu/expat@2.7.4-1ubuntu0.2?arch=source&distro=resolute,"This package (for the given release) is vulnerable to the CVE, the problem is understood, but it is currently deferred. CVE Notes / justification: paraview uses system expat xotcl uses system expat poco uses system expat gdcm uses system expat audacity uses system expat simgear uses system expat coin3 uses system expat as of 4.0.0~CMake~6f54f1602475+ds1-1 sitecopy uses system expat since 1:0.16.0-1 (dapper!) insighttoolkit uses system expat as of 4.12.1-dfsg1 apache2 uses system expat apr-util uses system expat cmake uses system expat ghostscript uses system expat firefox uses system expat thunderbird uses system expat matanza embeds an expat fork to parse its own config file, there is no attack vector there, we will not be fixing matanza.  As of 2026-09-28, there is no fix for this issue from expat developers, marking as deferred",OPEN_UNDER_INVESTIGATION,OPEN_UNDER_INVESTIGATION
sha256:4662cac700d64379a481f34fc0783e70b52eaa25bdef4d93b22e49b406da67c1 (debian 13.7),debian,expat,libexpat1,2.8.3-1~deb13u1,CVE-2026-102633,MEDIUM,,affected,https://avd.aquasec.com/nvd/cve-2026-102633,2.7.4-1ubuntu0.2,,OPEN_UNDER_INVESTIGATION,under_investigation,https://raw.githubusercontent.com/canonical/ubuntu-security-notices/a3f40224dd201a816b4725891b70d22f7809225f/vex/cve/2026/CVE-2026-102633.json,pkg:deb/ubuntu/expat@2.7.4-1ubuntu0.2?arch=source&distro=resolute,Ubuntu Security Team classified this CVE as of Medium priority.,OPEN_UNDER_INVESTIGATION,OPEN_UNDER_INVESTIGATION
sha256:4662cac700d64379a481f34fc0783e70b52eaa25bdef4d93b22e49b406da67c1 (debian 13.7),debian,freetype,libfreetype6,2.13.3+dfsg-1+deb13u1,CVE-2026-95512,MEDIUM,,affected,https://avd.aquasec.com/nvd/cve-2026-95512,2.14.2+dfsg-1ubuntu0.1,,OPEN_UNDER_INVESTIGATION,under_investigation,https://raw.githubusercontent.com/canonical/ubuntu-security-notices/a3f40224dd201a816b4725891b70d22f7809225f/vex/cve/2026/CVE-2026-95512.json,pkg:deb/ubuntu/freetype@2.14.2+dfsg-1ubuntu0.1?arch=source&distro=resolute,Ubuntu Security Team classified this CVE as of Medium priority.,OPEN_UNDER_INVESTIGATION,OPEN_UNDER_INVESTIGATION
sha256:4662cac700d64379a481f34fc0783e70b52eaa25bdef4d93b22e49b406da67c1 (debian 13.7),debian,mesa,libgbm1,25.0.7-2+deb13u1,CVE-2023-45913,LOW,,affected,https://avd.aquasec.com/nvd/cve-2023-45913,26.0.8-1ubuntu0.3,,OPEN_MISSING_VENDOR_EVIDENCE,,https://raw.githubusercontent.com/canonical/ubuntu-security-notices/a3f40224dd201a816b4725891b70d22f7809225f/vex/cve/2023/CVE-2023-45913.json,,No applicable vendor statement; missing matches are not fixes.,OPEN_MISSING_VENDOR_EVIDENCE,OPEN_MISSING_VENDOR_EVIDENCE
sha256:4662cac700d64379a481f34fc0783e70b52eaa25bdef4d93b22e49b406da67c1 (debian 13.7),debian,mesa,libgbm1,25.0.7-2+deb13u1,CVE-2023-45919,LOW,,affected,https://avd.aquasec.com/nvd/cve-2023-45919,26.0.8-1ubuntu0.3,,OPEN_MISSING_VENDOR_EVIDENCE,,https://raw.githubusercontent.com/canonical/ubuntu-security-notices/a3f40224dd201a816b4725891b70d22f7809225f/vex/cve/2023/CVE-2023-45919.json,,No applicable vendor statement; missing matches are not fixes.,OPEN_MISSING_VENDOR_EVIDENCE,OPEN_MISSING_VENDOR_EVIDENCE
sha256:4662cac700d64379a481f34fc0783e70b52eaa25bdef4d93b22e49b406da67c1 (debian 13.7),debian,mesa,libgbm1,25.0.7-2+deb13u1,CVE-2023-45922,LOW,,affected,https://avd.aquasec.com/nvd/cve-2023-45922,26.0.8-1ubuntu0.3,,OPEN_MISSING_VENDOR_EVIDENCE,,https://raw.githubusercontent.com/canonical/ubuntu-security-notices/a3f40224dd201a816b4725891b70d22f7809225f/vex/cve/2023/CVE-2023-45922.json,,No applicable vendor statement; missing matches are not fixes.,OPEN_MISSING_VENDOR_EVIDENCE,OPEN_MISSING_VENDOR_EVIDENCE
sha256:4662cac700d64379a481f34fc0783e70b52eaa25bdef4d93b22e49b406da67c1 (debian 13.7),debian,mesa,libgbm1,25.0.7-2+deb13u1,CVE-2023-45931,LOW,,affected,https://avd.aquasec.com/nvd/cve-2023-45931,26.0.8-1ubuntu0.3,,OPEN_MISSING_VENDOR_EVIDENCE,,https://raw.githubusercontent.com/canonical/ubuntu-security-notices/a3f40224dd201a816b4725891b70d22f7809225f/vex/cve/2023/CVE-2023-45931.json,,No applicable vendor statement; missing matches are not fixes.,OPEN_MISSING_VENDOR_EVIDENCE,OPEN_MISSING_VENDOR_EVIDENCE
sha256:4662cac700d64379a481f34fc0783e70b52eaa25bdef4d93b22e49b406da67c1 (debian 13.7),debian,gcc-14,libgcc-s1,14.2.0-19,CVE-2026-102010,MEDIUM,,affected,https://avd.aquasec.com/nvd/cve-2026-102010,,,OPEN_MISSING_VENDOR_EVIDENCE,,https://raw.githubusercontent.com/canonical/ubuntu-security-notices/a3f40224dd201a816b4725891b70d22f7809225f/vex/cve/2026/CVE-2026-102010.json,,No applicable vendor statement; missing matches are not fixes.,OPEN_MISSING_VENDOR_EVIDENCE,OPEN_MISSING_VENDOR_EVIDENCE
sha256:4662cac700d64379a481f34fc0783e70b52eaa25bdef4d93b22e49b406da67c1 (debian 13.7),debian,gcc-14,libgcc-s1,14.2.0-19,CVE-2026-95619,MEDIUM,,affected,https://avd.aquasec.com/nvd/cve-2026-95619,,,OPEN_MISSING_VENDOR_EVIDENCE,,https://raw.githubusercontent.com/canonical/ubuntu-security-notices/a3f40224dd201a816b4725891b70d22f7809225f/vex/cve/2026/CVE-2026-95619.json,,No applicable vendor statement; missing matches are not fixes.,OPEN_MISSING_VENDOR_EVIDENCE,OPEN_MISSING_VENDOR_EVIDENCE
sha256:4662cac700d64379a481f34fc0783e70b52eaa25bdef4d93b22e49b406da67c1 (debian 13.7),debian,libgcrypt20,libgcrypt20,1.11.0-7+deb13u1,CVE-2018-6829,LOW,,affected,https://avd.aquasec.com/nvd/cve-2018-6829,1.12.0-2ubuntu1.1,,OPEN_MISSING_VENDOR_EVIDENCE,,https://raw.githubusercontent.com/canonical/ubuntu-security-notices/a3f40224dd201a816b4725891b70d22f7809225f/vex/cve/2018/CVE-2018-6829.json,,No applicable vendor statement; missing matches are not fixes.,OPEN_MISSING_VENDOR_EVIDENCE,OPEN_MISSING_VENDOR_EVIDENCE
sha256:4662cac700d64379a481f34fc0783e70b52eaa25bdef4d93b22e49b406da67c1 (debian 13.7),debian,libgcrypt20,libgcrypt20,1.11.0-7+deb13u1,CVE-2024-2236,LOW,,affected,https://avd.aquasec.com/nvd/cve-2024-2236,1.12.0-2ubuntu1.1,,VENDOR_FIXED_VERSION_CONFIRMED,fixed,https://raw.githubusercontent.com/canonical/ubuntu-security-notices/a3f40224dd201a816b4725891b70d22f7809225f/vex/cve/2024/CVE-2024-2236.json,pkg:deb/ubuntu/libgcrypt20@1.12.0-2ubuntu1.1?arch=source&distro=resolute,"This package (for the given release) was vulnerable, but an update has been uploaded and published.",VENDOR_FIXED_VERSION_CONFIRMED,VENDOR_FIXED_VERSION_CONFIRMED
sha256:4662cac700d64379a481f34fc0783e70b52eaa25bdef4d93b22e49b406da67c1 (debian 13.7),debian,gdk-pixbuf,libgdk-pixbuf-2.0-0,2.42.12+dfsg-4+deb13u1,CVE-2026-16768,MEDIUM,,fix_deferred,https://avd.aquasec.com/nvd/cve-2026-16768,,,OPEN_SOURCE_ABSENT_BUNDLE_REVIEW,under_investigation,https://raw.githubusercontent.com/canonical/ubuntu-security-notices/a3f40224dd201a816b4725891b70d22f7809225f/vex/cve/2026/CVE-2026-16768.json,pkg:deb/ubuntu/gdk-pixbuf@2.44.5+dfsg-4ubuntu1?arch=source&distro=resolute,Source package absent; separately check bundled/native components.,OPEN_SOURCE_ABSENT_BUNDLE_REVIEW,OPEN_SOURCE_ABSENT_BUNDLE_REVIEW
sha256:4662cac700d64379a481f34fc0783e70b52eaa25bdef4d93b22e49b406da67c1 (debian 13.7),debian,gdk-pixbuf,libgdk-pixbuf-2.0-0,2.42.12+dfsg-4+deb13u1,CVE-2026-81893,MEDIUM,,fix_deferred,https://avd.aquasec.com/nvd/cve-2026-81893,,,OPEN_SOURCE_ABSENT_BUNDLE_REVIEW,under_investigation,https://raw.githubusercontent.com/canonical/ubuntu-security-notices/a3f40224dd201a816b4725891b70d22f7809225f/vex/cve/2026/CVE-2026-81893.json,pkg:deb/ubuntu/gdk-pixbuf@2.44.5+dfsg-4ubuntu1?arch=source&distro=resolute,Source package absent; separately check bundled/native components.,OPEN_SOURCE_ABSENT_BUNDLE_REVIEW,OPEN_SOURCE_ABSENT_BUNDLE_REVIEW
sha256:4662cac700d64379a481f34fc0783e70b52eaa25bdef4d93b22e49b406da67c1 (debian 13.7),debian,gdk-pixbuf,libgdk-pixbuf-2.0-0,2.42.12+dfsg-4+deb13u1,CVE-2026-18090,LOW,,affected,https://avd.aquasec.com/nvd/cve-2026-18090,,,OPEN_SOURCE_ABSENT_BUNDLE_REVIEW,under_investigation,https://raw.githubusercontent.com/canonical/ubuntu-security-notices/a3f40224dd201a816b4725891b70d22f7809225f/vex/cve/2026/CVE-2026-18090.json,pkg:deb/ubuntu/gdk-pixbuf@2.44.5+dfsg-4ubuntu1?arch=source&distro=resolute,Source package absent; separately check bundled/native components.,OPEN_SOURCE_ABSENT_BUNDLE_REVIEW,OPEN_SOURCE_ABSENT_BUNDLE_REVIEW
sha256:4662cac700d64379a481f34fc0783e70b52eaa25bdef4d93b22e49b406da67c1 (debian 13.7),debian,gdk-pixbuf,libgdk-pixbuf2.0-common,2.42.12+dfsg-4+deb13u1,CVE-2026-16768,MEDIUM,,fix_deferred,https://avd.aquasec.com/nvd/cve-2026-16768,,,OPEN_SOURCE_ABSENT_BUNDLE_REVIEW,under_investigation,https://raw.githubusercontent.com/canonical/ubuntu-security-notices/a3f40224dd201a816b4725891b70d22f7809225f/vex/cve/2026/CVE-2026-16768.json,pkg:deb/ubuntu/gdk-pixbuf@2.44.5+dfsg-4ubuntu1?arch=source&distro=resolute,Source package absent; separately check bundled/native components.,OPEN_SOURCE_ABSENT_BUNDLE_REVIEW,OPEN_SOURCE_ABSENT_BUNDLE_REVIEW
sha256:4662cac700d64379a481f34fc0783e70b52eaa25bdef4d93b22e49b406da67c1 (debian 13.7),debian,gdk-pixbuf,libgdk-pixbuf2.0-common,2.42.12+dfsg-4+deb13u1,CVE-2026-81893,MEDIUM,,fix_deferred,https://avd.aquasec.com/nvd/cve-2026-81893,,,OPEN_SOURCE_ABSENT_BUNDLE_REVIEW,under_investigation,https://raw.githubusercontent.com/canonical/ubuntu-security-notices/a3f40224dd201a816b4725891b70d22f7809225f/vex/cve/2026/CVE-2026-81893.json,pkg:deb/ubuntu/gdk-pixbuf@2.44.5+dfsg-4ubuntu1?arch=source&distro=resolute,Source package absent; separately check bundled/native components.,OPEN_SOURCE_ABSENT_BUNDLE_REVIEW,OPEN_SOURCE_ABSENT_BUNDLE_REVIEW
sha256:4662cac700d64379a481f34fc0783e70b52eaa25bdef4d93b22e49b406da67c1 (debian 13.7),debian,gdk-pixbuf,libgdk-pixbuf2.0-common,2.42.12+dfsg-4+deb13u1,CVE-2026-18090,LOW,,affected,https://avd.aquasec.com/nvd/cve-2026-18090,,,OPEN_SOURCE_ABSENT_BUNDLE_REVIEW,under_investigation,https://raw.githubusercontent.com/canonical/ubuntu-security-notices/a3f40224dd201a816b4725891b70d22f7809225f/vex/cve/2026/CVE-2026-18090.json,pkg:deb/ubuntu/gdk-pixbuf@2.44.5+dfsg-4ubuntu1?arch=source&distro=resolute,Source package absent; separately check bundled/native components.,OPEN_SOURCE_ABSENT_BUNDLE_REVIEW,OPEN_SOURCE_ABSENT_BUNDLE_REVIEW
sha256:4662cac700d64379a481f34fc0783e70b52eaa25bdef4d93b22e49b406da67c1 (debian 13.7),debian,gcc-14,libgfortran5,14.2.0-19,CVE-2026-102010,MEDIUM,,affected,https://avd.aquasec.com/nvd/cve-2026-102010,,,OPEN_MISSING_VENDOR_EVIDENCE,,https://raw.githubusercontent.com/canonical/ubuntu-security-notices/a3f40224dd201a816b4725891b70d22f7809225f/vex/cve/2026/CVE-2026-102010.json,,No applicable vendor statement; missing matches are not fixes.,OPEN_MISSING_VENDOR_EVIDENCE,OPEN_MISSING_VENDOR_EVIDENCE
sha256:4662cac700d64379a481f34fc0783e70b52eaa25bdef4d93b22e49b406da67c1 (debian 13.7),debian,gcc-14,libgfortran5,14.2.0-19,CVE-2026-95619,MEDIUM,,affected,https://avd.aquasec.com/nvd/cve-2026-95619,,,OPEN_MISSING_VENDOR_EVIDENCE,,https://raw.githubusercontent.com/canonical/ubuntu-security-notices/a3f40224dd201a816b4725891b70d22f7809225f/vex/cve/2026/CVE-2026-95619.json,,No applicable vendor statement; missing matches are not fixes.,OPEN_MISSING_VENDOR_EVIDENCE,OPEN_MISSING_VENDOR_EVIDENCE
sha256:4662cac700d64379a481f34fc0783e70b52eaa25bdef4d93b22e49b406da67c1 (debian 13.7),debian,libglvnd,libgl1,1.7.0-1+b2,CVE-2023-45924,LOW,,affected,https://avd.aquasec.com/nvd/cve-2023-45924,1.7.0-3,,OPEN_MISSING_VENDOR_EVIDENCE,,https://raw.githubusercontent.com/canonical/ubuntu-security-notices/a3f40224dd201a816b4725891b70d22f7809225f/vex/cve/2023/CVE-2023-45924.json,,No applicable vendor statement; missing matches are not fixes.,OPEN_MISSING_VENDOR_EVIDENCE,OPEN_MISSING_VENDOR_EVIDENCE
sha256:4662cac700d64379a481f34fc0783e70b52eaa25bdef4d93b22e49b406da67c1 (debian 13.7),debian,mesa,libgl1-mesa-dri,25.0.7-2+deb13u1,CVE-2023-45913,LOW,,affected,https://avd.aquasec.com/nvd/cve-2023-45913,26.0.8-1ubuntu0.3,,OPEN_MISSING_VENDOR_EVIDENCE,,https://raw.githubusercontent.com/canonical/ubuntu-security-notices/a3f40224dd201a816b4725891b70d22f7809225f/vex/cve/2023/CVE-2023-45913.json,,No applicable vendor statement; missing matches are not fixes.,OPEN_MISSING_VENDOR_EVIDENCE,OPEN_MISSING_VENDOR_EVIDENCE
sha256:4662cac700d64379a481f34fc0783e70b52eaa25bdef4d93b22e49b406da67c1 (debian 13.7),debian,mesa,libgl1-mesa-dri,25.0.7-2+deb13u1,CVE-2023-45919,LOW,,affected,https://avd.aquasec.com/nvd/cve-2023-45919,26.0.8-1ubuntu0.3,,OPEN_MISSING_VENDOR_EVIDENCE,,https://raw.githubusercontent.com/canonical/ubuntu-security-notices/a3f40224dd201a816b4725891b70d22f7809225f/vex/cve/2023/CVE-2023-45919.json,,No applicable vendor statement; missing matches are not fixes.,OPEN_MISSING_VENDOR_EVIDENCE,OPEN_MISSING_VENDOR_EVIDENCE
sha256:4662cac700d64379a481f34fc0783e70b52eaa25bdef4d93b22e49b406da67c1 (debian 13.7),debian,mesa,libgl1-mesa-dri,25.0.7-2+deb13u1,CVE-2023-45922,LOW,,affected,https://avd.aquasec.com/nvd/cve-2023-45922,26.0.8-1ubuntu0.3,,OPEN_MISSING_VENDOR_EVIDENCE,,https://raw.githubusercontent.com/canonical/ubuntu-security-notices/a3f40224dd201a816b4725891b70d22f7809225f/vex/cve/2023/CVE-2023-45922.json,,No applicable vendor statement; missing matches are not fixes.,OPEN_MISSING_VENDOR_EVIDENCE,OPEN_MISSING_VENDOR_EVIDENCE
sha256:4662cac700d64379a481f34fc0783e70b52eaa25bdef4d93b22e49b406da67c1 (debian 13.7),debian,mesa,libgl1-mesa-dri,25.0.7-2+deb13u1,CVE-2023-45931,LOW,,affected,https://avd.aquasec.com/nvd/cve-2023-45931,26.0.8-1ubuntu0.3,,OPEN_MISSING_VENDOR_EVIDENCE,,https://raw.githubusercontent.com/canonical/ubuntu-security-notices/a3f40224dd201a816b4725891b70d22f7809225f/vex/cve/2023/CVE-2023-45931.json,,No applicable vendor statement; missing matches are not fixes.,OPEN_MISSING_VENDOR_EVIDENCE,OPEN_MISSING_VENDOR_EVIDENCE
sha256:4662cac700d64379a481f34fc0783e70b52eaa25bdef4d93b22e49b406da67c1 (debian 13.7),debian,glib2.0,libglib2.0-0t64,2.84.4-3~deb13u5,CVE-2026-86469,MEDIUM,,affected,https://avd.aquasec.com/nvd/cve-2026-86469,2.88.0-1ubuntu0.1,MEDIUM,OPEN_UNDER_INVESTIGATION,under_investigation,https://raw.githubusercontent.com/canonical/ubuntu-security-notices/a3f40224dd201a816b4725891b70d22f7809225f/vex/cve/2026/CVE-2026-86469.json,pkg:deb/ubuntu/glib2.0@2.88.0-1ubuntu0.1?arch=source&distro=resolute,"This package (for the given release) is vulnerable to the CVE, the problem is understood, but it is currently deferred. CVE Notes / justification: as of 2026-09-29, there is no fix available from glib2.0 developers",OPEN_UNDER_INVESTIGATION,OPEN_UNDER_INVESTIGATION
sha256:4662cac700d64379a481f34fc0783e70b52eaa25bdef4d93b22e49b406da67c1 (debian 13.7),debian,glib2.0,libglib2.0-0t64,2.84.4-3~deb13u5,CVE-2012-0039,LOW,,affected,https://avd.aquasec.com/nvd/cve-2012-0039,2.88.0-1ubuntu0.1,,OPEN_MISSING_VENDOR_EVIDENCE,,https://raw.githubusercontent.com/canonical/ubuntu-security-notices/a3f40224dd201a816b4725891b70d22f7809225f/vex/cve/2012/CVE-2012-0039.json,,No applicable vendor statement; missing matches are not fixes.,OPEN_MISSING_VENDOR_EVIDENCE,OPEN_MISSING_VENDOR_EVIDENCE
sha256:4662cac700d64379a481f34fc0783e70b52eaa25bdef4d93b22e49b406da67c1 (debian 13.7),debian,libglvnd,libglvnd0,1.7.0-1+b2,CVE-2023-45924,LOW,,affected,https://avd.aquasec.com/nvd/cve-2023-45924,1.7.0-3,,OPEN_MISSING_VENDOR_EVIDENCE,,https://raw.githubusercontent.com/canonical/ubuntu-security-notices/a3f40224dd201a816b4725891b70d22f7809225f/vex/cve/2023/CVE-2023-45924.json,,No applicable vendor statement; missing matches are not fixes.,OPEN_MISSING_VENDOR_EVIDENCE,OPEN_MISSING_VENDOR_EVIDENCE
sha256:4662cac700d64379a481f34fc0783e70b52eaa25bdef4d93b22e49b406da67c1 (debian 13.7),debian,mesa,libglx-mesa0,25.0.7-2+deb13u1,CVE-2023-45913,LOW,,affected,https://avd.aquasec.com/nvd/cve-2023-45913,26.0.8-1ubuntu0.3,,OPEN_MISSING_VENDOR_EVIDENCE,,https://raw.githubusercontent.com/canonical/ubuntu-security-notices/a3f40224dd201a816b4725891b70d22f7809225f/vex/cve/2023/CVE-2023-45913.json,,No applicable vendor statement; missing matches are not fixes.,OPEN_MISSING_VENDOR_EVIDENCE,OPEN_MISSING_VENDOR_EVIDENCE
sha256:4662cac700d64379a481f34fc0783e70b52eaa25bdef4d93b22e49b406da67c1 (debian 13.7),debian,mesa,libglx-mesa0,25.0.7-2+deb13u1,CVE-2023-45919,LOW,,affected,https://avd.aquasec.com/nvd/cve-2023-45919,26.0.8-1ubuntu0.3,,OPEN_MISSING_VENDOR_EVIDENCE,,https://raw.githubusercontent.com/canonical/ubuntu-security-notices/a3f40224dd201a816b4725891b70d22f7809225f/vex/cve/2023/CVE-2023-45919.json,,No applicable vendor statement; missing matches are not fixes.,OPEN_MISSING_VENDOR_EVIDENCE,OPEN_MISSING_VENDOR_EVIDENCE
sha256:4662cac700d64379a481f34fc0783e70b52eaa25bdef4d93b22e49b406da67c1 (debian 13.7),debian,mesa,libglx-mesa0,25.0.7-2+deb13u1,CVE-2023-45922,LOW,,affected,https://avd.aquasec.com/nvd/cve-2023-45922,26.0.8-1ubuntu0.3,,OPEN_MISSING_VENDOR_EVIDENCE,,https://raw.githubusercontent.com/canonical/ubuntu-security-notices/a3f40224dd201a816b4725891b70d22f7809225f/vex/cve/2023/CVE-2023-45922.json,,No applicable vendor statement; missing matches are not fixes.,OPEN_MISSING_VENDOR_EVIDENCE,OPEN_MISSING_VENDOR_EVIDENCE
sha256:4662cac700d64379a481f34fc0783e70b52eaa25bdef4d93b22e49b406da67c1 (debian 13.7),debian,mesa,libglx-mesa0,25.0.7-2+deb13u1,CVE-2023-45931,LOW,,affected,https://avd.aquasec.com/nvd/cve-2023-45931,26.0.8-1ubuntu0.3,,OPEN_MISSING_VENDOR_EVIDENCE,,https://raw.githubusercontent.com/canonical/ubuntu-security-notices/a3f40224dd201a816b4725891b70d22f7809225f/vex/cve/2023/CVE-2023-45931.json,,No applicable vendor statement; missing matches are not fixes.,OPEN_MISSING_VENDOR_EVIDENCE,OPEN_MISSING_VENDOR_EVIDENCE
sha256:4662cac700d64379a481f34fc0783e70b52eaa25bdef4d93b22e49b406da67c1 (debian 13.7),debian,libglvnd,libglx0,1.7.0-1+b2,CVE-2023-45924,LOW,,affected,https://avd.aquasec.com/nvd/cve-2023-45924,1.7.0-3,,OPEN_MISSING_VENDOR_EVIDENCE,,https://raw.githubusercontent.com/canonical/ubuntu-security-notices/a3f40224dd201a816b4725891b70d22f7809225f/vex/cve/2023/CVE-2023-45924.json,,No applicable vendor statement; missing matches are not fixes.,OPEN_MISSING_VENDOR_EVIDENCE,OPEN_MISSING_VENDOR_EVIDENCE
sha256:4662cac700d64379a481f34fc0783e70b52eaa25bdef4d93b22e49b406da67c1 (debian 13.7),debian,gnutls28,libgnutls30t64,3.8.9-3+deb13u4,CVE-2011-3389,LOW,,affected,https://avd.aquasec.com/nvd/cve-2011-3389,3.8.12-2ubuntu1.1,,OPEN_MISSING_VENDOR_EVIDENCE,,https://raw.githubusercontent.com/canonical/ubuntu-security-notices/a3f40224dd201a816b4725891b70d22f7809225f/vex/cve/2011/CVE-2011-3389.json,,No applicable vendor statement; missing matches are not fixes.,OPEN_MISSING_VENDOR_EVIDENCE,OPEN_MISSING_VENDOR_EVIDENCE
sha256:4662cac700d64379a481f34fc0783e70b52eaa25bdef4d93b22e49b406da67c1 (debian 13.7),debian,gcc-14,libgomp1,14.2.0-19,CVE-2026-102010,MEDIUM,,affected,https://avd.aquasec.com/nvd/cve-2026-102010,,,OPEN_MISSING_VENDOR_EVIDENCE,,https://raw.githubusercontent.com/canonical/ubuntu-security-notices/a3f40224dd201a816b4725891b70d22f7809225f/vex/cve/2026/CVE-2026-102010.json,,No applicable vendor statement; missing matches are not fixes.,OPEN_MISSING_VENDOR_EVIDENCE,OPEN_MISSING_VENDOR_EVIDENCE
sha256:4662cac700d64379a481f34fc0783e70b52eaa25bdef4d93b22e49b406da67c1 (debian 13.7),debian,gcc-14,libgomp1,14.2.0-19,CVE-2026-95619,MEDIUM,,affected,https://avd.aquasec.com/nvd/cve-2026-95619,,,OPEN_MISSING_VENDOR_EVIDENCE,,https://raw.githubusercontent.com/canonical/ubuntu-security-notices/a3f40224dd201a816b4725891b70d22f7809225f/vex/cve/2026/CVE-2026-95619.json,,No applicable vendor statement; missing matches are not fixes.,OPEN_MISSING_VENDOR_EVIDENCE,OPEN_MISSING_VENDOR_EVIDENCE
sha256:4662cac700d64379a481f34fc0783e70b52eaa25bdef4d93b22e49b406da67c1 (debian 13.7),debian,krb5,libgssapi-krb5-2,1.21.3-5+deb13u1,CVE-2018-5709,LOW,,affected,https://avd.aquasec.com/nvd/cve-2018-5709,1.22.1-2ubuntu4.1,,OPEN_MISSING_VENDOR_EVIDENCE,,https://raw.githubusercontent.com/canonical/ubuntu-security-notices/a3f40224dd201a816b4725891b70d22f7809225f/vex/cve/2018/CVE-2018-5709.json,,No applicable vendor statement; missing matches are not fixes.,OPEN_MISSING_VENDOR_EVIDENCE,OPEN_MISSING_VENDOR_EVIDENCE
sha256:4662cac700d64379a481f34fc0783e70b52eaa25bdef4d93b22e49b406da67c1 (debian 13.7),debian,krb5,libgssapi-krb5-2,1.21.3-5+deb13u1,CVE-2024-26458,LOW,,affected,https://avd.aquasec.com/nvd/cve-2024-26458,1.22.1-2ubuntu4.1,,VENDOR_FIXED_VERSION_CONFIRMED,fixed,https://raw.githubusercontent.com/canonical/ubuntu-security-notices/a3f40224dd201a816b4725891b70d22f7809225f/vex/cve/2024/CVE-2024-26458.json,pkg:deb/ubuntu/krb5@1.22.1-2ubuntu4.1?arch=source&distro=resolute,"This package (for the given release) was vulnerable, but an update has been uploaded and published.",VENDOR_FIXED_VERSION_CONFIRMED,VENDOR_FIXED_VERSION_CONFIRMED
sha256:4662cac700d64379a481f34fc0783e70b52eaa25bdef4d93b22e49b406da67c1 (debian 13.7),debian,krb5,libgssapi-krb5-2,1.21.3-5+deb13u1,CVE-2024-26461,LOW,,affected,https://avd.aquasec.com/nvd/cve-2024-26461,1.22.1-2ubuntu4.1,,VENDOR_FIXED_VERSION_CONFIRMED,fixed,https://raw.githubusercontent.com/canonical/ubuntu-security-notices/a3f40224dd201a816b4725891b70d22f7809225f/vex/cve/2024/CVE-2024-26461.json,pkg:deb/ubuntu/krb5@1.22.1-2ubuntu4.1?arch=source&distro=resolute,"This package (for the given release) was vulnerable, but an update has been uploaded and published.",VENDOR_FIXED_VERSION_CONFIRMED,VENDOR_FIXED_VERSION_CONFIRMED
sha256:4662cac700d64379a481f34fc0783e70b52eaa25bdef4d93b22e49b406da67c1 (debian 13.7),debian,krb5,libgssapi-krb5-2,1.21.3-5+deb13u1,CVE-2026-11850,LOW,,affected,https://avd.aquasec.com/nvd/cve-2026-11850,1.22.1-2ubuntu4.1,,VENDOR_FIXED_VERSION_CONFIRMED,fixed,https://raw.githubusercontent.com/canonical/ubuntu-security-notices/a3f40224dd201a816b4725891b70d22f7809225f/vex/cve/2026/CVE-2026-11850.json,pkg:deb/ubuntu/krb5@1.22.1-2ubuntu4.1?arch=source&distro=resolute,"This package (for the given release) was vulnerable, but an update has been uploaded and published.",VENDOR_FIXED_VERSION_CONFIRMED,VENDOR_FIXED_VERSION_CONFIRMED
sha256:4662cac700d64379a481f34fc0783e70b52eaa25bdef4d93b22e49b406da67c1 (debian 13.7),debian,gst-plugins-base1.0,libgstreamer-plugins-base1.0-0,1.26.2-1+deb13u2,CVE-2026-85150,MEDIUM,,affected,https://avd.aquasec.com/nvd/cve-2026-85150,1.28.2-1ubuntu0.1,MEDIUM,OPEN_UNDER_INVESTIGATION,under_investigation,https://raw.githubusercontent.com/canonical/ubuntu-security-notices/a3f40224dd201a816b4725891b70d22f7809225f/vex/cve/2026/CVE-2026-85150.json,pkg:deb/ubuntu/gst-plugins-base1.0@1.28.2-1ubuntu0.1?arch=source&distro=resolute,"This package (for the given release) is vulnerable to the CVE, the problem is understood, but it is currently deferred. CVE Notes / justification: As of 2026-09-11, the exact commit that fixed this issue is still not public, even though it is supposed to be in 1.28.7. Marking as deferred until more information is available.",OPEN_UNDER_INVESTIGATION,OPEN_UNDER_INVESTIGATION
sha256:4662cac700d64379a481f34fc0783e70b52eaa25bdef4d93b22e49b406da67c1 (debian 13.7),debian,jbigkit,libjbig0,2.1-6.1+b2,CVE-2017-9937,LOW,,affected,https://avd.aquasec.com/nvd/cve-2017-9937,2.1-6.1ubuntu3,,OPEN_MISSING_VENDOR_EVIDENCE,,https://raw.githubusercontent.com/canonical/ubuntu-security-notices/a3f40224dd201a816b4725891b70d22f7809225f/vex/cve/2017/CVE-2017-9937.json,,No applicable vendor statement; missing matches are not fixes.,OPEN_MISSING_VENDOR_EVIDENCE,OPEN_MISSING_VENDOR_EVIDENCE
sha256:4662cac700d64379a481f34fc0783e70b52eaa25bdef4d93b22e49b406da67c1 (debian 13.7),debian,jpeg-xl,libjxl0.11,0.11.2-0.1~deb13u2,CVE-2026-52584,MEDIUM,,affected,https://avd.aquasec.com/nvd/cve-2026-52584,,,OPEN_SOURCE_ABSENT_BUNDLE_REVIEW,under_investigation,https://raw.githubusercontent.com/canonical/ubuntu-security-notices/a3f40224dd201a816b4725891b70d22f7809225f/vex/cve/2026/CVE-2026-52584.json,pkg:deb/ubuntu/jpeg-xl@0.11.1-6ubuntu4.2?arch=source&distro=resolute,Source package absent; separately check bundled/native components.,OPEN_SOURCE_ABSENT_BUNDLE_REVIEW,OPEN_SOURCE_ABSENT_BUNDLE_REVIEW
sha256:4662cac700d64379a481f34fc0783e70b52eaa25bdef4d93b22e49b406da67c1 (debian 13.7),debian,jpeg-xl,libjxl0.11,0.11.2-0.1~deb13u2,CVE-2021-36691,LOW,,affected,https://avd.aquasec.com/nvd/cve-2021-36691,,,OPEN_MISSING_VENDOR_EVIDENCE,,https://raw.githubusercontent.com/canonical/ubuntu-security-notices/a3f40224dd201a816b4725891b70d22f7809225f/vex/cve/2021/CVE-2021-36691.json,,No applicable vendor statement; missing matches are not fixes.,OPEN_MISSING_VENDOR_EVIDENCE,OPEN_MISSING_VENDOR_EVIDENCE
sha256:4662cac700d64379a481f34fc0783e70b52eaa25bdef4d93b22e49b406da67c1 (debian 13.7),debian,jpeg-xl,libjxl0.11,0.11.2-0.1~deb13u2,CVE-2026-82522,UNKNOWN,,affected,https://avd.aquasec.com/nvd/cve-2026-82522,,,OPEN_SOURCE_ABSENT_BUNDLE_REVIEW,under_investigation,https://raw.githubusercontent.com/canonical/ubuntu-security-notices/a3f40224dd201a816b4725891b70d22f7809225f/vex/cve/2026/CVE-2026-82522.json,pkg:deb/ubuntu/jpeg-xl@0.11.1-6ubuntu4.2?arch=source&distro=resolute,Source package absent; separately check bundled/native components.,OPEN_SOURCE_ABSENT_BUNDLE_REVIEW,OPEN_SOURCE_ABSENT_BUNDLE_REVIEW
sha256:4662cac700d64379a481f34fc0783e70b52eaa25bdef4d93b22e49b406da67c1 (debian 13.7),debian,krb5,libk5crypto3,1.21.3-5+deb13u1,CVE-2018-5709,LOW,,affected,https://avd.aquasec.com/nvd/cve-2018-5709,1.22.1-2ubuntu4.1,,OPEN_MISSING_VENDOR_EVIDENCE,,https://raw.githubusercontent.com/canonical/ubuntu-security-notices/a3f40224dd201a816b4725891b70d22f7809225f/vex/cve/2018/CVE-2018-5709.json,,No applicable vendor statement; missing matches are not fixes.,OPEN_MISSING_VENDOR_EVIDENCE,OPEN_MISSING_VENDOR_EVIDENCE
sha256:4662cac700d64379a481f34fc0783e70b52eaa25bdef4d93b22e49b406da67c1 (debian 13.7),debian,krb5,libk5crypto3,1.21.3-5+deb13u1,CVE-2024-26458,LOW,,affected,https://avd.aquasec.com/nvd/cve-2024-26458,1.22.1-2ubuntu4.1,,VENDOR_FIXED_VERSION_CONFIRMED,fixed,https://raw.githubusercontent.com/canonical/ubuntu-security-notices/a3f40224dd201a816b4725891b70d22f7809225f/vex/cve/2024/CVE-2024-26458.json,pkg:deb/ubuntu/krb5@1.22.1-2ubuntu4.1?arch=source&distro=resolute,"This package (for the given release) was vulnerable, but an update has been uploaded and published.",VENDOR_FIXED_VERSION_CONFIRMED,VENDOR_FIXED_VERSION_CONFIRMED
sha256:4662cac700d64379a481f34fc0783e70b52eaa25bdef4d93b22e49b406da67c1 (debian 13.7),debian,krb5,libk5crypto3,1.21.3-5+deb13u1,CVE-2024-26461,LOW,,affected,https://avd.aquasec.com/nvd/cve-2024-26461,1.22.1-2ubuntu4.1,,VENDOR_FIXED_VERSION_CONFIRMED,fixed,https://raw.githubusercontent.com/canonical/ubuntu-security-notices/a3f40224dd201a816b4725891b70d22f7809225f/vex/cve/2024/CVE-2024-26461.json,pkg:deb/ubuntu/krb5@1.22.1-2ubuntu4.1?arch=source&distro=resolute,"This package (for the given release) was vulnerable, but an update has been uploaded and published.",VENDOR_FIXED_VERSION_CONFIRMED,VENDOR_FIXED_VERSION_CONFIRMED
sha256:4662cac700d64379a481f34fc0783e70b52eaa25bdef4d93b22e49b406da67c1 (debian 13.7),debian,krb5,libk5crypto3,1.21.3-5+deb13u1,CVE-2026-11850,LOW,,affected,https://avd.aquasec.com/nvd/cve-2026-11850,1.22.1-2ubuntu4.1,,VENDOR_FIXED_VERSION_CONFIRMED,fixed,https://raw.githubusercontent.com/canonical/ubuntu-security-notices/a3f40224dd201a816b4725891b70d22f7809225f/vex/cve/2026/CVE-2026-11850.json,pkg:deb/ubuntu/krb5@1.22.1-2ubuntu4.1?arch=source&distro=resolute,"This package (for the given release) was vulnerable, but an update has been uploaded and published.",VENDOR_FIXED_VERSION_CONFIRMED,VENDOR_FIXED_VERSION_CONFIRMED
sha256:4662cac700d64379a481f34fc0783e70b52eaa25bdef4d93b22e49b406da67c1 (debian 13.7),debian,krb5,libkrb5-3,1.21.3-5+deb13u1,CVE-2018-5709,LOW,,affected,https://avd.aquasec.com/nvd/cve-2018-5709,1.22.1-2ubuntu4.1,,OPEN_MISSING_VENDOR_EVIDENCE,,https://raw.githubusercontent.com/canonical/ubuntu-security-notices/a3f40224dd201a816b4725891b70d22f7809225f/vex/cve/2018/CVE-2018-5709.json,,No applicable vendor statement; missing matches are not fixes.,OPEN_MISSING_VENDOR_EVIDENCE,OPEN_MISSING_VENDOR_EVIDENCE
sha256:4662cac700d64379a481f34fc0783e70b52eaa25bdef4d93b22e49b406da67c1 (debian 13.7),debian,krb5,libkrb5-3,1.21.3-5+deb13u1,CVE-2024-26458,LOW,,affected,https://avd.aquasec.com/nvd/cve-2024-26458,1.22.1-2ubuntu4.1,,VENDOR_FIXED_VERSION_CONFIRMED,fixed,https://raw.githubusercontent.com/canonical/ubuntu-security-notices/a3f40224dd201a816b4725891b70d22f7809225f/vex/cve/2024/CVE-2024-26458.json,pkg:deb/ubuntu/krb5@1.22.1-2ubuntu4.1?arch=source&distro=resolute,"This package (for the given release) was vulnerable, but an update has been uploaded and published.",VENDOR_FIXED_VERSION_CONFIRMED,VENDOR_FIXED_VERSION_CONFIRMED
sha256:4662cac700d64379a481f34fc0783e70b52eaa25bdef4d93b22e49b406da67c1 (debian 13.7),debian,krb5,libkrb5-3,1.21.3-5+deb13u1,CVE-2024-26461,LOW,,affected,https://avd.aquasec.com/nvd/cve-2024-26461,1.22.1-2ubuntu4.1,,VENDOR_FIXED_VERSION_CONFIRMED,fixed,https://raw.githubusercontent.com/canonical/ubuntu-security-notices/a3f40224dd201a816b4725891b70d22f7809225f/vex/cve/2024/CVE-2024-26461.json,pkg:deb/ubuntu/krb5@1.22.1-2ubuntu4.1?arch=source&distro=resolute,"This package (for the given release) was vulnerable, but an update has been uploaded and published.",VENDOR_FIXED_VERSION_CONFIRMED,VENDOR_FIXED_VERSION_CONFIRMED
sha256:4662cac700d64379a481f34fc0783e70b52eaa25bdef4d93b22e49b406da67c1 (debian 13.7),debian,krb5,libkrb5-3,1.21.3-5+deb13u1,CVE-2026-11850,LOW,,affected,https://avd.aquasec.com/nvd/cve-2026-11850,1.22.1-2ubuntu4.1,,VENDOR_FIXED_VERSION_CONFIRMED,fixed,https://raw.githubusercontent.com/canonical/ubuntu-security-notices/a3f40224dd201a816b4725891b70d22f7809225f/vex/cve/2026/CVE-2026-11850.json,pkg:deb/ubuntu/krb5@1.22.1-2ubuntu4.1?arch=source&distro=resolute,"This package (for the given release) was vulnerable, but an update has been uploaded and published.",VENDOR_FIXED_VERSION_CONFIRMED,VENDOR_FIXED_VERSION_CONFIRMED
sha256:4662cac700d64379a481f34fc0783e70b52eaa25bdef4d93b22e49b406da67c1 (debian 13.7),debian,krb5,libkrb5support0,1.21.3-5+deb13u1,CVE-2018-5709,LOW,,affected,https://avd.aquasec.com/nvd/cve-2018-5709,1.22.1-2ubuntu4.1,,OPEN_MISSING_VENDOR_EVIDENCE,,https://raw.githubusercontent.com/canonical/ubuntu-security-notices/a3f40224dd201a816b4725891b70d22f7809225f/vex/cve/2018/CVE-2018-5709.json,,No applicable vendor statement; missing matches are not fixes.,OPEN_MISSING_VENDOR_EVIDENCE,OPEN_MISSING_VENDOR_EVIDENCE
sha256:4662cac700d64379a481f34fc0783e70b52eaa25bdef4d93b22e49b406da67c1 (debian 13.7),debian,krb5,libkrb5support0,1.21.3-5+deb13u1,CVE-2024-26458,LOW,,affected,https://avd.aquasec.com/nvd/cve-2024-26458,1.22.1-2ubuntu4.1,,VENDOR_FIXED_VERSION_CONFIRMED,fixed,https://raw.githubusercontent.com/canonical/ubuntu-security-notices/a3f40224dd201a816b4725891b70d22f7809225f/vex/cve/2024/CVE-2024-26458.json,pkg:deb/ubuntu/krb5@1.22.1-2ubuntu4.1?arch=source&distro=resolute,"This package (for the given release) was vulnerable, but an update has been uploaded and published.",VENDOR_FIXED_VERSION_CONFIRMED,VENDOR_FIXED_VERSION_CONFIRMED
sha256:4662cac700d64379a481f34fc0783e70b52eaa25bdef4d93b22e49b406da67c1 (debian 13.7),debian,krb5,libkrb5support0,1.21.3-5+deb13u1,CVE-2024-26461,LOW,,affected,https://avd.aquasec.com/nvd/cve-2024-26461,1.22.1-2ubuntu4.1,,VENDOR_FIXED_VERSION_CONFIRMED,fixed,https://raw.githubusercontent.com/canonical/ubuntu-security-notices/a3f40224dd201a816b4725891b70d22f7809225f/vex/cve/2024/CVE-2024-26461.json,pkg:deb/ubuntu/krb5@1.22.1-2ubuntu4.1?arch=source&distro=resolute,"This package (for the given release) was vulnerable, but an update has been uploaded and published.",VENDOR_FIXED_VERSION_CONFIRMED,VENDOR_FIXED_VERSION_CONFIRMED
sha256:4662cac700d64379a481f34fc0783e70b52eaa25bdef4d93b22e49b406da67c1 (debian 13.7),debian,krb5,libkrb5support0,1.21.3-5+deb13u1,CVE-2026-11850,LOW,,affected,https://avd.aquasec.com/nvd/cve-2026-11850,1.22.1-2ubuntu4.1,,VENDOR_FIXED_VERSION_CONFIRMED,fixed,https://raw.githubusercontent.com/canonical/ubuntu-security-notices/a3f40224dd201a816b4725891b70d22f7809225f/vex/cve/2026/CVE-2026-11850.json,pkg:deb/ubuntu/krb5@1.22.1-2ubuntu4.1?arch=source&distro=resolute,"This package (for the given release) was vulnerable, but an update has been uploaded and published.",VENDOR_FIXED_VERSION_CONFIRMED,VENDOR_FIXED_VERSION_CONFIRMED
sha256:4662cac700d64379a481f34fc0783e70b52eaa25bdef4d93b22e49b406da67c1 (debian 13.7),debian,util-linux,liblastlog2-2,2.41.5-0+deb13u1,CVE-2026-76642,HIGH,,affected,https://avd.aquasec.com/nvd/cve-2026-76642,2.41.3-3ubuntu2.2 (other utilities); 2.42.4+lms1 (reviewed affected components),,UPSTREAM_AFFECTED_COMPONENTS_FIXED_VERIFIED,under_investigation,https://security-tracker.debian.org/tracker/CVE-2026-76642,pkg:deb/ubuntu/util-linux@2.41.3-3ubuntu2.2?arch=source&distro=resolute,"Affected mount/umount/nsenter and libmount code upgraded to upstream 2.42.4; hashes, versioned ABI exports and runtime compatibility checked. Other Ubuntu util-linux binaries retain their original versions. This closes only four reviewed advisories.",OPEN_UNDER_INVESTIGATION,OPEN_UNDER_INVESTIGATION
sha256:4662cac700d64379a481f34fc0783e70b52eaa25bdef4d93b22e49b406da67c1 (debian 13.7),debian,util-linux,liblastlog2-2,2.41.5-0+deb13u1,CVE-2026-78408,HIGH,,affected,https://avd.aquasec.com/nvd/cve-2026-78408,2.41.3-3ubuntu2.2 (other utilities); 2.42.4+lms1 (reviewed affected components),,UPSTREAM_AFFECTED_COMPONENTS_FIXED_VERIFIED,under_investigation,https://security-tracker.debian.org/tracker/CVE-2026-78408,pkg:deb/ubuntu/util-linux@2.41.3-3ubuntu2.2?arch=source&distro=resolute,"Affected mount/umount/nsenter and libmount code upgraded to upstream 2.42.4; hashes, versioned ABI exports and runtime compatibility checked. Other Ubuntu util-linux binaries retain their original versions. This closes only four reviewed advisories.",OPEN_UNDER_INVESTIGATION,OPEN_UNDER_INVESTIGATION
sha256:4662cac700d64379a481f34fc0783e70b52eaa25bdef4d93b22e49b406da67c1 (debian 13.7),debian,util-linux,liblastlog2-2,2.41.5-0+deb13u1,CVE-2026-78409,HIGH,,affected,https://avd.aquasec.com/nvd/cve-2026-78409,2.41.3-3ubuntu2.2 (other utilities); 2.42.4+lms1 (reviewed affected components),,UPSTREAM_AFFECTED_COMPONENTS_FIXED_VERIFIED,under_investigation,https://security-tracker.debian.org/tracker/CVE-2026-78409,pkg:deb/ubuntu/util-linux@2.41.3-3ubuntu2.2?arch=source&distro=resolute,"Affected mount/umount/nsenter and libmount code upgraded to upstream 2.42.4; hashes, versioned ABI exports and runtime compatibility checked. Other Ubuntu util-linux binaries retain their original versions. This closes only four reviewed advisories.",OPEN_UNDER_INVESTIGATION,OPEN_UNDER_INVESTIGATION
sha256:4662cac700d64379a481f34fc0783e70b52eaa25bdef4d93b22e49b406da67c1 (debian 13.7),debian,util-linux,liblastlog2-2,2.41.5-0+deb13u1,CVE-2026-78410,HIGH,,affected,https://avd.aquasec.com/nvd/cve-2026-78410,2.41.3-3ubuntu2.2 (other utilities); 2.42.4+lms1 (reviewed affected components),,UPSTREAM_AFFECTED_COMPONENTS_FIXED_VERIFIED,under_investigation,https://security-tracker.debian.org/tracker/CVE-2026-78410,pkg:deb/ubuntu/util-linux@2.41.3-3ubuntu2.2?arch=source&distro=resolute,"Affected mount/umount/nsenter and libmount code upgraded to upstream 2.42.4; hashes, versioned ABI exports and runtime compatibility checked. Other Ubuntu util-linux binaries retain their original versions. This closes only four reviewed advisories.",OPEN_UNDER_INVESTIGATION,OPEN_UNDER_INVESTIGATION
sha256:4662cac700d64379a481f34fc0783e70b52eaa25bdef4d93b22e49b406da67c1 (debian 13.7),debian,util-linux,liblastlog2-2,2.41.5-0+deb13u1,CVE-2026-3184,MEDIUM,,affected,https://avd.aquasec.com/nvd/cve-2026-3184,2.41.3-3ubuntu2.2,,VENDOR_FIXED_VERSION_CONFIRMED,fixed,https://raw.githubusercontent.com/canonical/ubuntu-security-notices/a3f40224dd201a816b4725891b70d22f7809225f/vex/cve/2026/CVE-2026-3184.json,pkg:deb/ubuntu/util-linux@2.41.3-3ubuntu2.2?arch=source&distro=resolute,"This package (for the given release) was vulnerable, but an update has been uploaded and published.",VENDOR_FIXED_VERSION_CONFIRMED,VENDOR_FIXED_VERSION_CONFIRMED
sha256:4662cac700d64379a481f34fc0783e70b52eaa25bdef4d93b22e49b406da67c1 (debian 13.7),debian,util-linux,liblastlog2-2,2.41.5-0+deb13u1,CVE-2022-0563,LOW,,affected,https://avd.aquasec.com/nvd/cve-2022-0563,2.41.3-3ubuntu2.2,,OPEN_MISSING_VENDOR_EVIDENCE,,https://raw.githubusercontent.com/canonical/ubuntu-security-notices/a3f40224dd201a816b4725891b70d22f7809225f/vex/cve/2022/CVE-2022-0563.json,,No applicable vendor statement; missing matches are not fixes.,OPEN_MISSING_VENDOR_EVIDENCE,OPEN_MISSING_VENDOR_EVIDENCE
sha256:4662cac700d64379a481f34fc0783e70b52eaa25bdef4d93b22e49b406da67c1 (debian 13.7),debian,lcms2,liblcms2-2,2.16-2+deb13u2,CVE-2025-29070,LOW,,affected,https://avd.aquasec.com/nvd/cve-2025-29070,2.17-1ubuntu0.2,,OPEN_MISSING_VENDOR_EVIDENCE,,https://raw.githubusercontent.com/canonical/ubuntu-security-notices/a3f40224dd201a816b4725891b70d22f7809225f/vex/cve/2025/CVE-2025-29070.json,,No applicable vendor statement; missing matches are not fixes.,OPEN_MISSING_VENDOR_EVIDENCE,OPEN_MISSING_VENDOR_EVIDENCE
sha256:4662cac700d64379a481f34fc0783e70b52eaa25bdef4d93b22e49b406da67c1 (debian 13.7),debian,openldap,libldap2,2.6.10+dfsg-1,CVE-2015-3276,LOW,,affected,https://avd.aquasec.com/nvd/cve-2015-3276,2.6.10+dfsg-1ubuntu5,,OPEN_MISSING_VENDOR_EVIDENCE,,https://raw.githubusercontent.com/canonical/ubuntu-security-notices/a3f40224dd201a816b4725891b70d22f7809225f/vex/cve/2015/CVE-2015-3276.json,,No applicable vendor statement; missing matches are not fixes.,OPEN_MISSING_VENDOR_EVIDENCE,OPEN_MISSING_VENDOR_EVIDENCE
sha256:4662cac700d64379a481f34fc0783e70b52eaa25bdef4d93b22e49b406da67c1 (debian 13.7),debian,openldap,libldap2,2.6.10+dfsg-1,CVE-2017-14159,LOW,,affected,https://avd.aquasec.com/nvd/cve-2017-14159,2.6.10+dfsg-1ubuntu5,,OPEN_MISSING_VENDOR_EVIDENCE,,https://raw.githubusercontent.com/canonical/ubuntu-security-notices/a3f40224dd201a816b4725891b70d22f7809225f/vex/cve/2017/CVE-2017-14159.json,,No applicable vendor statement; missing matches are not fixes.,OPEN_MISSING_VENDOR_EVIDENCE,OPEN_MISSING_VENDOR_EVIDENCE
sha256:4662cac700d64379a481f34fc0783e70b52eaa25bdef4d93b22e49b406da67c1 (debian 13.7),debian,openldap,libldap2,2.6.10+dfsg-1,CVE-2017-17740,LOW,,affected,https://avd.aquasec.com/nvd/cve-2017-17740,2.6.10+dfsg-1ubuntu5,,OPEN_MISSING_VENDOR_EVIDENCE,,https://raw.githubusercontent.com/canonical/ubuntu-security-notices/a3f40224dd201a816b4725891b70d22f7809225f/vex/cve/2017/CVE-2017-17740.json,,No applicable vendor statement; missing matches are not fixes.,OPEN_MISSING_VENDOR_EVIDENCE,OPEN_MISSING_VENDOR_EVIDENCE
sha256:4662cac700d64379a481f34fc0783e70b52eaa25bdef4d93b22e49b406da67c1 (debian 13.7),debian,openldap,libldap2,2.6.10+dfsg-1,CVE-2020-15719,LOW,,affected,https://avd.aquasec.com/nvd/cve-2020-15719,2.6.10+dfsg-1ubuntu5,,OPEN_MISSING_VENDOR_EVIDENCE,,https://raw.githubusercontent.com/canonical/ubuntu-security-notices/a3f40224dd201a816b4725891b70d22f7809225f/vex/cve/2020/CVE-2020-15719.json,,No applicable vendor statement; missing matches are not fixes.,OPEN_MISSING_VENDOR_EVIDENCE,OPEN_MISSING_VENDOR_EVIDENCE
sha256:4662cac700d64379a481f34fc0783e70b52eaa25bdef4d93b22e49b406da67c1 (debian 13.7),debian,openldap,libldap2,2.6.10+dfsg-1,CVE-2026-22185,LOW,,affected,https://avd.aquasec.com/nvd/cve-2026-22185,2.6.10+dfsg-1ubuntu5,,VENDOR_NOT_AFFECTED_EXACT_VERSION,not_affected,https://raw.githubusercontent.com/canonical/ubuntu-security-notices/a3f40224dd201a816b4725891b70d22f7809225f/vex/cve/2026/CVE-2026-22185.json,pkg:deb/ubuntu/openldap@2.6.10+dfsg-1ubuntu5?arch=source&distro=resolute,"This package (for the given release), while related to the CVE in some way, is not affected by the issue. CVE Notes / justification: While the openldap packages contain the liblmdb source, they do not build the mdb_load tool that is the vulnerable code.  This CVE is being disputed by OpenLDAP developers, deferring for now. See: https://bugs.openldap.org/show_bug.cgi?id=10421#c3",VENDOR_NOT_AFFECTED_EXACT_VERSION,VENDOR_NOT_AFFECTED_EXACT_VERSION
sha256:4662cac700d64379a481f34fc0783e70b52eaa25bdef4d93b22e49b406da67c1 (debian 13.7),debian,llvm-toolchain-19,libllvm19,1:19.1.7-3+b1,CVE-2024-7883,LOW,,will_not_fix,https://avd.aquasec.com/nvd/cve-2024-7883,,,OPEN_SOURCE_ABSENT_BUNDLE_REVIEW,not_affected,https://raw.githubusercontent.com/canonical/ubuntu-security-notices/a3f40224dd201a816b4725891b70d22f7809225f/vex/cve/2024/CVE-2024-7883.json,pkg:deb/ubuntu/llvm-toolchain-19@1:19.1.7-20ubuntu4?arch=source&distro=resolute,Source package absent; separately check bundled/native components.,OPEN_SOURCE_ABSENT_BUNDLE_REVIEW,OPEN_SOURCE_ABSENT_BUNDLE_REVIEW
sha256:4662cac700d64379a481f34fc0783e70b52eaa25bdef4d93b22e49b406da67c1 (debian 13.7),debian,llvm-toolchain-19,libllvm19,1:19.1.7-3+b1,CVE-2026-13573,LOW,,affected,https://avd.aquasec.com/nvd/cve-2026-13573,,,OPEN_SOURCE_ABSENT_BUNDLE_REVIEW,under_investigation,https://raw.githubusercontent.com/canonical/ubuntu-security-notices/a3f40224dd201a816b4725891b70d22f7809225f/vex/cve/2026/CVE-2026-13573.json,pkg:deb/ubuntu/llvm-toolchain-19@1:19.1.7-20ubuntu4?arch=source&distro=resolute,Source package absent; separately check bundled/native components.,OPEN_SOURCE_ABSENT_BUNDLE_REVIEW,OPEN_SOURCE_ABSENT_BUNDLE_REVIEW
sha256:4662cac700d64379a481f34fc0783e70b52eaa25bdef4d93b22e49b406da67c1 (debian 13.7),debian,llvm-toolchain-19,libllvm19,1:19.1.7-3+b1,CVE-2026-13574,LOW,,affected,https://avd.aquasec.com/nvd/cve-2026-13574,,,OPEN_SOURCE_ABSENT_BUNDLE_REVIEW,under_investigation,https://raw.githubusercontent.com/canonical/ubuntu-security-notices/a3f40224dd201a816b4725891b70d22f7809225f/vex/cve/2026/CVE-2026-13574.json,pkg:deb/ubuntu/llvm-toolchain-19@1:19.1.7-20ubuntu4?arch=source&distro=resolute,Source package absent; separately check bundled/native components.,OPEN_SOURCE_ABSENT_BUNDLE_REVIEW,OPEN_SOURCE_ABSENT_BUNDLE_REVIEW
sha256:4662cac700d64379a481f34fc0783e70b52eaa25bdef4d93b22e49b406da67c1 (debian 13.7),debian,xz-utils,liblzma5,5.8.1-1+deb13u1,TEMP-1147318-639065,UNKNOWN,,affected,https://security-tracker.debian.org/tracker/TEMP-1147318-639065,5.8.3-1,,OPEN_MISSING_VENDOR_EVIDENCE,,,,No applicable vendor statement; missing matches are not fixes.,OPEN_MISSING_VENDOR_EVIDENCE,OPEN_MISSING_VENDOR_EVIDENCE
sha256:4662cac700d64379a481f34fc0783e70b52eaa25bdef4d93b22e49b406da67c1 (debian 13.7),debian,mbedtls,libmbedcrypto16,3.6.6-0.1~deb13u1,CVE-2018-1000520,LOW,,affected,https://avd.aquasec.com/nvd/cve-2018-1000520,,,OPEN_SOURCE_ABSENT_BUNDLE_REVIEW,affected,https://raw.githubusercontent.com/canonical/ubuntu-security-notices/a3f40224dd201a816b4725891b70d22f7809225f/vex/cve/2018/CVE-2018-1000520.json,pkg:deb/ubuntu/mbedtls@3.6.5-0.1ubuntu2?arch=source&distro=resolute,Source package absent; separately check bundled/native components.,OPEN_SOURCE_ABSENT_BUNDLE_REVIEW,OPEN_SOURCE_ABSENT_BUNDLE_REVIEW
sha256:4662cac700d64379a481f34fc0783e70b52eaa25bdef4d93b22e49b406da67c1 (debian 13.7),debian,mbedtls,libmbedcrypto16,3.6.6-0.1~deb13u1,CVE-2025-66442,LOW,,affected,https://avd.aquasec.com/nvd/cve-2025-66442,,,OPEN_SOURCE_ABSENT_BUNDLE_REVIEW,under_investigation,https://raw.githubusercontent.com/canonical/ubuntu-security-notices/a3f40224dd201a816b4725891b70d22f7809225f/vex/cve/2025/CVE-2025-66442.json,pkg:deb/ubuntu/mbedtls@3.6.5-0.1ubuntu2?arch=source&distro=resolute,Source package absent; separately check bundled/native components.,OPEN_SOURCE_ABSENT_BUNDLE_REVIEW,OPEN_SOURCE_ABSENT_BUNDLE_REVIEW
sha256:4662cac700d64379a481f34fc0783e70b52eaa25bdef4d93b22e49b406da67c1 (debian 13.7),debian,mbedtls,libmbedcrypto16,3.6.6-0.1~deb13u1,CVE-2026-25833,LOW,,affected,https://avd.aquasec.com/nvd/cve-2026-25833,,,OPEN_SOURCE_ABSENT_BUNDLE_REVIEW,under_investigation,https://raw.githubusercontent.com/canonical/ubuntu-security-notices/a3f40224dd201a816b4725891b70d22f7809225f/vex/cve/2026/CVE-2026-25833.json,pkg:deb/ubuntu/mbedtls@3.6.5-0.1ubuntu2?arch=source&distro=resolute,Source package absent; separately check bundled/native components.,OPEN_SOURCE_ABSENT_BUNDLE_REVIEW,OPEN_SOURCE_ABSENT_BUNDLE_REVIEW
sha256:4662cac700d64379a481f34fc0783e70b52eaa25bdef4d93b22e49b406da67c1 (debian 13.7),debian,mbedtls,libmbedcrypto16,3.6.6-0.1~deb13u1,CVE-2026-34871,LOW,,affected,https://avd.aquasec.com/nvd/cve-2026-34871,,,OPEN_SOURCE_ABSENT_BUNDLE_REVIEW,under_investigation,https://raw.githubusercontent.com/canonical/ubuntu-security-notices/a3f40224dd201a816b4725891b70d22f7809225f/vex/cve/2026/CVE-2026-34871.json,pkg:deb/ubuntu/mbedtls@3.6.5-0.1ubuntu2?arch=source&distro=resolute,Source package absent; separately check bundled/native components.,OPEN_SOURCE_ABSENT_BUNDLE_REVIEW,OPEN_SOURCE_ABSENT_BUNDLE_REVIEW
sha256:4662cac700d64379a481f34fc0783e70b52eaa25bdef4d93b22e49b406da67c1 (debian 13.7),debian,mbedtls,libmbedcrypto16,3.6.6-0.1~deb13u1,CVE-2026-34877,LOW,,affected,https://avd.aquasec.com/nvd/cve-2026-34877,,,OPEN_SOURCE_ABSENT_BUNDLE_REVIEW,under_investigation,https://raw.githubusercontent.com/canonical/ubuntu-security-notices/a3f40224dd201a816b4725891b70d22f7809225f/vex/cve/2026/CVE-2026-34877.json,pkg:deb/ubuntu/mbedtls@3.6.5-0.1ubuntu2?arch=source&distro=resolute,Source package absent; separately check bundled/native components.,OPEN_SOURCE_ABSENT_BUNDLE_REVIEW,OPEN_SOURCE_ABSENT_BUNDLE_REVIEW
sha256:4662cac700d64379a481f34fc0783e70b52eaa25bdef4d93b22e49b406da67c1 (debian 13.7),debian,mbedtls,libmbedcrypto16,3.6.6-0.1~deb13u1,CVE-2026-25832,UNKNOWN,,affected,https://avd.aquasec.com/nvd/cve-2026-25832,,,OPEN_SOURCE_ABSENT_BUNDLE_REVIEW,under_investigation,https://raw.githubusercontent.com/canonical/ubuntu-security-notices/a3f40224dd201a816b4725891b70d22f7809225f/vex/cve/2026/CVE-2026-25832.json,pkg:deb/ubuntu/mbedtls@3.6.5-0.1ubuntu2?arch=source&distro=resolute,Source package absent; separately check bundled/native components.,OPEN_SOURCE_ABSENT_BUNDLE_REVIEW,OPEN_SOURCE_ABSENT_BUNDLE_REVIEW
sha256:4662cac700d64379a481f34fc0783e70b52eaa25bdef4d93b22e49b406da67c1 (debian 13.7),debian,mbedtls,libmbedcrypto16,3.6.6-0.1~deb13u1,CVE-2026-35336,UNKNOWN,,affected,https://avd.aquasec.com/nvd/cve-2026-35336,,,OPEN_SOURCE_ABSENT_BUNDLE_REVIEW,under_investigation,https://raw.githubusercontent.com/canonical/ubuntu-security-notices/a3f40224dd201a816b4725891b70d22f7809225f/vex/cve/2026/CVE-2026-35336.json,pkg:deb/ubuntu/mbedtls@3.6.5-0.1ubuntu2?arch=source&distro=resolute,Source package absent; separately check bundled/native components.,OPEN_SOURCE_ABSENT_BUNDLE_REVIEW,OPEN_SOURCE_ABSENT_BUNDLE_REVIEW
sha256:4662cac700d64379a481f34fc0783e70b52eaa25bdef4d93b22e49b406da67c1 (debian 13.7),debian,mbedtls,libmbedcrypto16,3.6.6-0.1~deb13u1,CVE-2026-49300,UNKNOWN,,affected,https://avd.aquasec.com/nvd/cve-2026-49300,,,OPEN_SOURCE_ABSENT_BUNDLE_REVIEW,under_investigation,https://raw.githubusercontent.com/canonical/ubuntu-security-notices/a3f40224dd201a816b4725891b70d22f7809225f/vex/cve/2026/CVE-2026-49300.json,pkg:deb/ubuntu/mbedtls@3.6.5-0.1ubuntu2?arch=source&distro=resolute,Source package absent; separately check bundled/native components.,OPEN_SOURCE_ABSENT_BUNDLE_REVIEW,OPEN_SOURCE_ABSENT_BUNDLE_REVIEW
sha256:4662cac700d64379a481f34fc0783e70b52eaa25bdef4d93b22e49b406da67c1 (debian 13.7),debian,mbedtls,libmbedcrypto16,3.6.6-0.1~deb13u1,CVE-2026-50579,UNKNOWN,,affected,https://avd.aquasec.com/nvd/cve-2026-50579,,,OPEN_SOURCE_ABSENT_BUNDLE_REVIEW,under_investigation,https://raw.githubusercontent.com/canonical/ubuntu-security-notices/a3f40224dd201a816b4725891b70d22f7809225f/vex/cve/2026/CVE-2026-50579.json,pkg:deb/ubuntu/mbedtls@3.6.5-0.1ubuntu2?arch=source&distro=resolute,Source package absent; separately check bundled/native components.,OPEN_SOURCE_ABSENT_BUNDLE_REVIEW,OPEN_SOURCE_ABSENT_BUNDLE_REVIEW
sha256:4662cac700d64379a481f34fc0783e70b52eaa25bdef4d93b22e49b406da67c1 (debian 13.7),debian,mbedtls,libmbedcrypto16,3.6.6-0.1~deb13u1,CVE-2026-50580,UNKNOWN,,affected,https://avd.aquasec.com/nvd/cve-2026-50580,,,OPEN_SOURCE_ABSENT_BUNDLE_REVIEW,under_investigation,https://raw.githubusercontent.com/canonical/ubuntu-security-notices/a3f40224dd201a816b4725891b70d22f7809225f/vex/cve/2026/CVE-2026-50580.json,pkg:deb/ubuntu/mbedtls@3.6.5-0.1ubuntu2?arch=source&distro=resolute,Source package absent; separately check bundled/native components.,OPEN_SOURCE_ABSENT_BUNDLE_REVIEW,OPEN_SOURCE_ABSENT_BUNDLE_REVIEW
sha256:4662cac700d64379a481f34fc0783e70b52eaa25bdef4d93b22e49b406da67c1 (debian 13.7),debian,mbedtls,libmbedcrypto16,3.6.6-0.1~deb13u1,CVE-2026-50581,UNKNOWN,,affected,https://avd.aquasec.com/nvd/cve-2026-50581,,,OPEN_SOURCE_ABSENT_BUNDLE_REVIEW,under_investigation,https://raw.githubusercontent.com/canonical/ubuntu-security-notices/a3f40224dd201a816b4725891b70d22f7809225f/vex/cve/2026/CVE-2026-50581.json,pkg:deb/ubuntu/mbedtls@3.6.5-0.1ubuntu2?arch=source&distro=resolute,Source package absent; separately check bundled/native components.,OPEN_SOURCE_ABSENT_BUNDLE_REVIEW,OPEN_SOURCE_ABSENT_BUNDLE_REVIEW
sha256:4662cac700d64379a481f34fc0783e70b52eaa25bdef4d93b22e49b406da67c1 (debian 13.7),debian,mbedtls,libmbedcrypto16,3.6.6-0.1~deb13u1,CVE-2026-50583,UNKNOWN,,affected,https://avd.aquasec.com/nvd/cve-2026-50583,,,OPEN_SOURCE_ABSENT_BUNDLE_REVIEW,under_investigation,https://raw.githubusercontent.com/canonical/ubuntu-security-notices/a3f40224dd201a816b4725891b70d22f7809225f/vex/cve/2026/CVE-2026-50583.json,pkg:deb/ubuntu/mbedtls@3.6.5-0.1ubuntu2?arch=source&distro=resolute,Source package absent; separately check bundled/native components.,OPEN_SOURCE_ABSENT_BUNDLE_REVIEW,OPEN_SOURCE_ABSENT_BUNDLE_REVIEW
sha256:4662cac700d64379a481f34fc0783e70b52eaa25bdef4d93b22e49b406da67c1 (debian 13.7),debian,mbedtls,libmbedcrypto16,3.6.6-0.1~deb13u1,CVE-2026-50584,UNKNOWN,,affected,https://avd.aquasec.com/nvd/cve-2026-50584,,,OPEN_SOURCE_ABSENT_BUNDLE_REVIEW,under_investigation,https://raw.githubusercontent.com/canonical/ubuntu-security-notices/a3f40224dd201a816b4725891b70d22f7809225f/vex/cve/2026/CVE-2026-50584.json,pkg:deb/ubuntu/mbedtls@3.6.5-0.1ubuntu2?arch=source&distro=resolute,Source package absent; separately check bundled/native components.,OPEN_SOURCE_ABSENT_BUNDLE_REVIEW,OPEN_SOURCE_ABSENT_BUNDLE_REVIEW
sha256:4662cac700d64379a481f34fc0783e70b52eaa25bdef4d93b22e49b406da67c1 (debian 13.7),debian,mbedtls,libmbedcrypto16,3.6.6-0.1~deb13u1,CVE-2026-50585,UNKNOWN,,affected,https://avd.aquasec.com/nvd/cve-2026-50585,,,OPEN_SOURCE_ABSENT_BUNDLE_REVIEW,under_investigation,https://raw.githubusercontent.com/canonical/ubuntu-security-notices/a3f40224dd201a816b4725891b70d22f7809225f/vex/cve/2026/CVE-2026-50585.json,pkg:deb/ubuntu/mbedtls@3.6.5-0.1ubuntu2?arch=source&distro=resolute,Source package absent; separately check bundled/native components.,OPEN_SOURCE_ABSENT_BUNDLE_REVIEW,OPEN_SOURCE_ABSENT_BUNDLE_REVIEW
sha256:4662cac700d64379a481f34fc0783e70b52eaa25bdef4d93b22e49b406da67c1 (debian 13.7),debian,mbedtls,libmbedcrypto16,3.6.6-0.1~deb13u1,CVE-2026-50586,UNKNOWN,,affected,https://avd.aquasec.com/nvd/cve-2026-50586,,,OPEN_SOURCE_ABSENT_BUNDLE_REVIEW,under_investigation,https://raw.githubusercontent.com/canonical/ubuntu-security-notices/a3f40224dd201a816b4725891b70d22f7809225f/vex/cve/2026/CVE-2026-50586.json,pkg:deb/ubuntu/mbedtls@3.6.5-0.1ubuntu2?arch=source&distro=resolute,Source package absent; separately check bundled/native components.,OPEN_SOURCE_ABSENT_BUNDLE_REVIEW,OPEN_SOURCE_ABSENT_BUNDLE_REVIEW
sha256:4662cac700d64379a481f34fc0783e70b52eaa25bdef4d93b22e49b406da67c1 (debian 13.7),debian,mbedtls,libmbedcrypto16,3.6.6-0.1~deb13u1,CVE-2026-50587,UNKNOWN,,affected,https://avd.aquasec.com/nvd/cve-2026-50587,,,OPEN_SOURCE_ABSENT_BUNDLE_REVIEW,under_investigation,https://raw.githubusercontent.com/canonical/ubuntu-security-notices/a3f40224dd201a816b4725891b70d22f7809225f/vex/cve/2026/CVE-2026-50587.json,pkg:deb/ubuntu/mbedtls@3.6.5-0.1ubuntu2?arch=source&distro=resolute,Source package absent; separately check bundled/native components.,OPEN_SOURCE_ABSENT_BUNDLE_REVIEW,OPEN_SOURCE_ABSENT_BUNDLE_REVIEW
sha256:4662cac700d64379a481f34fc0783e70b52eaa25bdef4d93b22e49b406da67c1 (debian 13.7),debian,mbedtls,libmbedcrypto16,3.6.6-0.1~deb13u1,CVE-2026-50588,UNKNOWN,,affected,https://avd.aquasec.com/nvd/cve-2026-50588,,,OPEN_SOURCE_ABSENT_BUNDLE_REVIEW,under_investigation,https://raw.githubusercontent.com/canonical/ubuntu-security-notices/a3f40224dd201a816b4725891b70d22f7809225f/vex/cve/2026/CVE-2026-50588.json,pkg:deb/ubuntu/mbedtls@3.6.5-0.1ubuntu2?arch=source&distro=resolute,Source package absent; separately check bundled/native components.,OPEN_SOURCE_ABSENT_BUNDLE_REVIEW,OPEN_SOURCE_ABSENT_BUNDLE_REVIEW
sha256:4662cac700d64379a481f34fc0783e70b52eaa25bdef4d93b22e49b406da67c1 (debian 13.7),debian,mbedtls,libmbedcrypto16,3.6.6-0.1~deb13u1,CVE-2026-50640,UNKNOWN,,affected,https://avd.aquasec.com/nvd/cve-2026-50640,,,OPEN_SOURCE_ABSENT_BUNDLE_REVIEW,under_investigation,https://raw.githubusercontent.com/canonical/ubuntu-security-notices/a3f40224dd201a816b4725891b70d22f7809225f/vex/cve/2026/CVE-2026-50640.json,pkg:deb/ubuntu/mbedtls@3.6.5-0.1ubuntu2?arch=source&distro=resolute,Source package absent; separately check bundled/native components.,OPEN_SOURCE_ABSENT_BUNDLE_REVIEW,OPEN_SOURCE_ABSENT_BUNDLE_REVIEW
sha256:4662cac700d64379a481f34fc0783e70b52eaa25bdef4d93b22e49b406da67c1 (debian 13.7),debian,mbedtls,libmbedcrypto16,3.6.6-0.1~deb13u1,CVE-2026-50713,UNKNOWN,,affected,https://avd.aquasec.com/nvd/cve-2026-50713,,,OPEN_SOURCE_ABSENT_BUNDLE_REVIEW,under_investigation,https://raw.githubusercontent.com/canonical/ubuntu-security-notices/a3f40224dd201a816b4725891b70d22f7809225f/vex/cve/2026/CVE-2026-50713.json,pkg:deb/ubuntu/mbedtls@3.6.5-0.1ubuntu2?arch=source&distro=resolute,Source package absent; separately check bundled/native components.,OPEN_SOURCE_ABSENT_BUNDLE_REVIEW,OPEN_SOURCE_ABSENT_BUNDLE_REVIEW
sha256:4662cac700d64379a481f34fc0783e70b52eaa25bdef4d93b22e49b406da67c1 (debian 13.7),debian,mbedtls,libmbedcrypto16,3.6.6-0.1~deb13u1,CVE-2026-54435,UNKNOWN,,affected,https://avd.aquasec.com/nvd/cve-2026-54435,,,OPEN_SOURCE_ABSENT_BUNDLE_REVIEW,under_investigation,https://raw.githubusercontent.com/canonical/ubuntu-security-notices/a3f40224dd201a816b4725891b70d22f7809225f/vex/cve/2026/CVE-2026-54435.json,pkg:deb/ubuntu/mbedtls@3.6.5-0.1ubuntu2?arch=source&distro=resolute,Source package absent; separately check bundled/native components.,OPEN_SOURCE_ABSENT_BUNDLE_REVIEW,OPEN_SOURCE_ABSENT_BUNDLE_REVIEW
sha256:4662cac700d64379a481f34fc0783e70b52eaa25bdef4d93b22e49b406da67c1 (debian 13.7),debian,mbedtls,libmbedcrypto16,3.6.6-0.1~deb13u1,CVE-2026-54441,UNKNOWN,,affected,https://avd.aquasec.com/nvd/cve-2026-54441,,,OPEN_SOURCE_ABSENT_BUNDLE_REVIEW,under_investigation,https://raw.githubusercontent.com/canonical/ubuntu-security-notices/a3f40224dd201a816b4725891b70d22f7809225f/vex/cve/2026/CVE-2026-54441.json,pkg:deb/ubuntu/mbedtls@3.6.5-0.1ubuntu2?arch=source&distro=resolute,Source package absent; separately check bundled/native components.,OPEN_SOURCE_ABSENT_BUNDLE_REVIEW,OPEN_SOURCE_ABSENT_BUNDLE_REVIEW
sha256:4662cac700d64379a481f34fc0783e70b52eaa25bdef4d93b22e49b406da67c1 (debian 13.7),debian,mbedtls,libmbedcrypto16,3.6.6-0.1~deb13u1,CVE-2026-73064,UNKNOWN,,affected,https://avd.aquasec.com/nvd/cve-2026-73064,,,OPEN_SOURCE_ABSENT_BUNDLE_REVIEW,under_investigation,https://raw.githubusercontent.com/canonical/ubuntu-security-notices/a3f40224dd201a816b4725891b70d22f7809225f/vex/cve/2026/CVE-2026-73064.json,pkg:deb/ubuntu/mbedtls@3.6.5-0.1ubuntu2?arch=source&distro=resolute,Source package absent; separately check bundled/native components.,OPEN_SOURCE_ABSENT_BUNDLE_REVIEW,OPEN_SOURCE_ABSENT_BUNDLE_REVIEW
sha256:4662cac700d64379a481f34fc0783e70b52eaa25bdef4d93b22e49b406da67c1 (debian 13.7),debian,util-linux,libmount1,2.41.5-0+deb13u1,CVE-2026-76642,HIGH,,affected,https://avd.aquasec.com/nvd/cve-2026-76642,2.41.3-3ubuntu2.2 (other utilities); 2.42.4+lms1 (reviewed affected components),,UPSTREAM_AFFECTED_COMPONENTS_FIXED_VERIFIED,under_investigation,https://security-tracker.debian.org/tracker/CVE-2026-76642,pkg:deb/ubuntu/util-linux@2.41.3-3ubuntu2.2?arch=source&distro=resolute,"Affected mount/umount/nsenter and libmount code upgraded to upstream 2.42.4; hashes, versioned ABI exports and runtime compatibility checked. Other Ubuntu util-linux binaries retain their original versions. This closes only four reviewed advisories.",OPEN_UNDER_INVESTIGATION,OPEN_UNDER_INVESTIGATION
sha256:4662cac700d64379a481f34fc0783e70b52eaa25bdef4d93b22e49b406da67c1 (debian 13.7),debian,util-linux,libmount1,2.41.5-0+deb13u1,CVE-2026-78408,HIGH,,affected,https://avd.aquasec.com/nvd/cve-2026-78408,2.41.3-3ubuntu2.2 (other utilities); 2.42.4+lms1 (reviewed affected components),,UPSTREAM_AFFECTED_COMPONENTS_FIXED_VERIFIED,under_investigation,https://security-tracker.debian.org/tracker/CVE-2026-78408,pkg:deb/ubuntu/util-linux@2.41.3-3ubuntu2.2?arch=source&distro=resolute,"Affected mount/umount/nsenter and libmount code upgraded to upstream 2.42.4; hashes, versioned ABI exports and runtime compatibility checked. Other Ubuntu util-linux binaries retain their original versions. This closes only four reviewed advisories.",OPEN_UNDER_INVESTIGATION,OPEN_UNDER_INVESTIGATION
sha256:4662cac700d64379a481f34fc0783e70b52eaa25bdef4d93b22e49b406da67c1 (debian 13.7),debian,util-linux,libmount1,2.41.5-0+deb13u1,CVE-2026-78409,HIGH,,affected,https://avd.aquasec.com/nvd/cve-2026-78409,2.41.3-3ubuntu2.2 (other utilities); 2.42.4+lms1 (reviewed affected components),,UPSTREAM_AFFECTED_COMPONENTS_FIXED_VERIFIED,under_investigation,https://security-tracker.debian.org/tracker/CVE-2026-78409,pkg:deb/ubuntu/util-linux@2.41.3-3ubuntu2.2?arch=source&distro=resolute,"Affected mount/umount/nsenter and libmount code upgraded to upstream 2.42.4; hashes, versioned ABI exports and runtime compatibility checked. Other Ubuntu util-linux binaries retain their original versions. This closes only four reviewed advisories.",OPEN_UNDER_INVESTIGATION,OPEN_UNDER_INVESTIGATION
sha256:4662cac700d64379a481f34fc0783e70b52eaa25bdef4d93b22e49b406da67c1 (debian 13.7),debian,util-linux,libmount1,2.41.5-0+deb13u1,CVE-2026-78410,HIGH,,affected,https://avd.aquasec.com/nvd/cve-2026-78410,2.41.3-3ubuntu2.2 (other utilities); 2.42.4+lms1 (reviewed affected components),,UPSTREAM_AFFECTED_COMPONENTS_FIXED_VERIFIED,under_investigation,https://security-tracker.debian.org/tracker/CVE-2026-78410,pkg:deb/ubuntu/util-linux@2.41.3-3ubuntu2.2?arch=source&distro=resolute,"Affected mount/umount/nsenter and libmount code upgraded to upstream 2.42.4; hashes, versioned ABI exports and runtime compatibility checked. Other Ubuntu util-linux binaries retain their original versions. This closes only four reviewed advisories.",OPEN_UNDER_INVESTIGATION,OPEN_UNDER_INVESTIGATION
sha256:4662cac700d64379a481f34fc0783e70b52eaa25bdef4d93b22e49b406da67c1 (debian 13.7),debian,util-linux,libmount1,2.41.5-0+deb13u1,CVE-2026-3184,MEDIUM,,affected,https://avd.aquasec.com/nvd/cve-2026-3184,2.41.3-3ubuntu2.2,,VENDOR_FIXED_VERSION_CONFIRMED,fixed,https://raw.githubusercontent.com/canonical/ubuntu-security-notices/a3f40224dd201a816b4725891b70d22f7809225f/vex/cve/2026/CVE-2026-3184.json,pkg:deb/ubuntu/util-linux@2.41.3-3ubuntu2.2?arch=source&distro=resolute,"This package (for the given release) was vulnerable, but an update has been uploaded and published.",VENDOR_FIXED_VERSION_CONFIRMED,VENDOR_FIXED_VERSION_CONFIRMED
sha256:4662cac700d64379a481f34fc0783e70b52eaa25bdef4d93b22e49b406da67c1 (debian 13.7),debian,util-linux,libmount1,2.41.5-0+deb13u1,CVE-2022-0563,LOW,,affected,https://avd.aquasec.com/nvd/cve-2022-0563,2.41.3-3ubuntu2.2,,OPEN_MISSING_VENDOR_EVIDENCE,,https://raw.githubusercontent.com/canonical/ubuntu-security-notices/a3f40224dd201a816b4725891b70d22f7809225f/vex/cve/2022/CVE-2022-0563.json,,No applicable vendor statement; missing matches are not fixes.,OPEN_MISSING_VENDOR_EVIDENCE,OPEN_MISSING_VENDOR_EVIDENCE
sha256:4662cac700d64379a481f34fc0783e70b52eaa25bdef4d93b22e49b406da67c1 (debian 13.7),debian,ncurses,libncursesw6,6.5+20250216-2,CVE-2025-69720,HIGH,,affected,https://avd.aquasec.com/nvd/cve-2025-69720,6.6+20251231-1,,VENDOR_NOT_AFFECTED_EXACT_VERSION,not_affected,https://raw.githubusercontent.com/canonical/ubuntu-security-notices/a3f40224dd201a816b4725891b70d22f7809225f/vex/cve/2025/CVE-2025-69720.json,pkg:deb/ubuntu/ncurses@6.6+20251231-1?arch=source&distro=resolute,"This package (for the given release), while related to the CVE in some way, is not affected by the issue. CVE Notes / justification: In Ubuntu, compiler hardening restricts this to a denial of service only, so this is just a crash in a command-line tool.",VENDOR_NOT_AFFECTED_EXACT_VERSION,VENDOR_NOT_AFFECTED_EXACT_VERSION
sha256:4662cac700d64379a481f34fc0783e70b52eaa25bdef4d93b22e49b406da67c1 (debian 13.7),debian,ncurses,libncursesw6,6.5+20250216-2,CVE-2025-6141,LOW,,affected,https://avd.aquasec.com/nvd/cve-2025-6141,6.6+20251231-1,,VENDOR_NOT_AFFECTED_EXACT_VERSION,not_affected,https://raw.githubusercontent.com/canonical/ubuntu-security-notices/a3f40224dd201a816b4725891b70d22f7809225f/vex/cve/2025/CVE-2025-6141.json,pkg:deb/ubuntu/ncurses@6.6+20251231-1?arch=source&distro=resolute,"This package (for the given release), while related to the CVE in some way, is not affected by the issue. CVE Notes / justification: This is in the code that parses terminfo database files. terminfo files are normally trusted, and since the fix for CVE-2023-29491, we no longer parse terminfo files when apps are setuid. As such, this doesn't really have a security impact. Setting priority to low.",VENDOR_NOT_AFFECTED_EXACT_VERSION,VENDOR_NOT_AFFECTED_EXACT_VERSION
sha256:4662cac700d64379a481f34fc0783e70b52eaa25bdef4d93b22e49b406da67c1 (debian 13.7),debian,nghttp2,libnghttp2-14,1.64.0-1.1+deb13u1,CVE-2026-58055,MEDIUM,,affected,https://avd.aquasec.com/nvd/cve-2026-58055,1.68.0-2ubuntu0.2,,VENDOR_FIXED_VERSION_CONFIRMED,fixed,https://raw.githubusercontent.com/canonical/ubuntu-security-notices/a3f40224dd201a816b4725891b70d22f7809225f/vex/cve/2026/CVE-2026-58055.json,pkg:deb/ubuntu/nghttp2@1.68.0-2ubuntu0.2?arch=source&distro=resolute,"This package (for the given release) was vulnerable, but an update has been uploaded and published.",VENDOR_FIXED_VERSION_CONFIRMED,VENDOR_FIXED_VERSION_CONFIRMED
sha256:4662cac700d64379a481f34fc0783e70b52eaa25bdef4d93b22e49b406da67c1 (debian 13.7),debian,nss,libnss3,2:3.110-1+deb13u4,CVE-2017-11695,LOW,,affected,https://avd.aquasec.com/nvd/cve-2017-11695,2:3.120-1ubuntu2.1,,OPEN_MISSING_VENDOR_EVIDENCE,,https://raw.githubusercontent.com/canonical/ubuntu-security-notices/a3f40224dd201a816b4725891b70d22f7809225f/vex/cve/2017/CVE-2017-11695.json,,No applicable vendor statement; missing matches are not fixes.,OPEN_MISSING_VENDOR_EVIDENCE,OPEN_MISSING_VENDOR_EVIDENCE
sha256:4662cac700d64379a481f34fc0783e70b52eaa25bdef4d93b22e49b406da67c1 (debian 13.7),debian,nss,libnss3,2:3.110-1+deb13u4,CVE-2017-11696,LOW,,affected,https://avd.aquasec.com/nvd/cve-2017-11696,2:3.120-1ubuntu2.1,,OPEN_MISSING_VENDOR_EVIDENCE,,https://raw.githubusercontent.com/canonical/ubuntu-security-notices/a3f40224dd201a816b4725891b70d22f7809225f/vex/cve/2017/CVE-2017-11696.json,,No applicable vendor statement; missing matches are not fixes.,OPEN_MISSING_VENDOR_EVIDENCE,OPEN_MISSING_VENDOR_EVIDENCE
sha256:4662cac700d64379a481f34fc0783e70b52eaa25bdef4d93b22e49b406da67c1 (debian 13.7),debian,nss,libnss3,2:3.110-1+deb13u4,CVE-2017-11697,LOW,,affected,https://avd.aquasec.com/nvd/cve-2017-11697,2:3.120-1ubuntu2.1,,OPEN_MISSING_VENDOR_EVIDENCE,,https://raw.githubusercontent.com/canonical/ubuntu-security-notices/a3f40224dd201a816b4725891b70d22f7809225f/vex/cve/2017/CVE-2017-11697.json,,No applicable vendor statement; missing matches are not fixes.,OPEN_MISSING_VENDOR_EVIDENCE,OPEN_MISSING_VENDOR_EVIDENCE
sha256:4662cac700d64379a481f34fc0783e70b52eaa25bdef4d93b22e49b406da67c1 (debian 13.7),debian,nss,libnss3,2:3.110-1+deb13u4,CVE-2017-11698,LOW,,affected,https://avd.aquasec.com/nvd/cve-2017-11698,2:3.120-1ubuntu2.1,,OPEN_MISSING_VENDOR_EVIDENCE,,https://raw.githubusercontent.com/canonical/ubuntu-security-notices/a3f40224dd201a816b4725891b70d22f7809225f/vex/cve/2017/CVE-2017-11698.json,,No applicable vendor statement; missing matches are not fixes.,OPEN_MISSING_VENDOR_EVIDENCE,OPEN_MISSING_VENDOR_EVIDENCE
sha256:4662cac700d64379a481f34fc0783e70b52eaa25bdef4d93b22e49b406da67c1 (debian 13.7),debian,openjpeg2,libopenjp2-7,2.5.3-2.1~deb13u2,CVE-2023-39328,MEDIUM,,fix_deferred,https://avd.aquasec.com/nvd/cve-2023-39328,2.5.4-1ubuntu0.1,MEDIUM,OPEN_UNDER_INVESTIGATION,under_investigation,https://raw.githubusercontent.com/canonical/ubuntu-security-notices/a3f40224dd201a816b4725891b70d22f7809225f/vex/cve/2023/CVE-2023-39328.json,pkg:deb/ubuntu/openjpeg2@2.5.4-1ubuntu0.1?arch=source&distro=resolute,"This package (for the given release) is vulnerable to the CVE, the problem is understood, but it is currently deferred. CVE Notes / justification: as of 2026-05-04, there is no upstream fix for this issue",OPEN_UNDER_INVESTIGATION,OPEN_UNDER_INVESTIGATION
sha256:4662cac700d64379a481f34fc0783e70b52eaa25bdef4d93b22e49b406da67c1 (debian 13.7),debian,openjpeg2,libopenjp2-7,2.5.3-2.1~deb13u2,CVE-2023-39329,MEDIUM,,fix_deferred,https://avd.aquasec.com/nvd/cve-2023-39329,2.5.4-1ubuntu0.1,MEDIUM,OPEN_UNDER_INVESTIGATION,under_investigation,https://raw.githubusercontent.com/canonical/ubuntu-security-notices/a3f40224dd201a816b4725891b70d22f7809225f/vex/cve/2023/CVE-2023-39329.json,pkg:deb/ubuntu/openjpeg2@2.5.4-1ubuntu0.1?arch=source&distro=resolute,"This package (for the given release) is vulnerable to the CVE, the problem is understood, but it is currently deferred. CVE Notes / justification: as of 2026-05-04, there is no upstream fix for this issue",OPEN_UNDER_INVESTIGATION,OPEN_UNDER_INVESTIGATION
sha256:4662cac700d64379a481f34fc0783e70b52eaa25bdef4d93b22e49b406da67c1 (debian 13.7),debian,openjpeg2,libopenjp2-7,2.5.3-2.1~deb13u2,CVE-2016-10505,LOW,,affected,https://avd.aquasec.com/nvd/cve-2016-10505,2.5.4-1ubuntu0.1,,OPEN_MISSING_VENDOR_EVIDENCE,,https://raw.githubusercontent.com/canonical/ubuntu-security-notices/a3f40224dd201a816b4725891b70d22f7809225f/vex/cve/2016/CVE-2016-10505.json,,No applicable vendor statement; missing matches are not fixes.,OPEN_MISSING_VENDOR_EVIDENCE,OPEN_MISSING_VENDOR_EVIDENCE
sha256:4662cac700d64379a481f34fc0783e70b52eaa25bdef4d93b22e49b406da67c1 (debian 13.7),debian,openjpeg2,libopenjp2-7,2.5.3-2.1~deb13u2,CVE-2016-9113,LOW,,affected,https://avd.aquasec.com/nvd/cve-2016-9113,2.5.4-1ubuntu0.1,,VENDOR_NOT_AFFECTED_EXACT_VERSION,not_affected,https://raw.githubusercontent.com/canonical/ubuntu-security-notices/a3f40224dd201a816b4725891b70d22f7809225f/vex/cve/2016/CVE-2016-9113.json,pkg:deb/ubuntu/openjpeg2@2.5.4-1ubuntu0.1?arch=source&distro=resolute,"This package (for the given release), while related to the CVE in some way, is not affected by the issue. CVE Notes / justification: Pull request 895 seems to be an initial attempt to fix this issue. However, pull request 895 was never merged, and instead, five issues which did not include issue 856 were fixed by various commits created by upstream (these can be seen in PR 895) which utilized part of what was being proposed in 895 by an openjpeg contributor. The changes proposed in 895 that were not added by the upstream commits previously mentioned were added to a new pull request, 975, which attempts to fix various issues. Looking at comments in issue 863 it was possible to verify that the fix for CVE-2016-9114 is possibly commit 2fa0fc61f2d (see CVE-2016-9114 for more details). This CVE mentions a vulnerability similar to the one we have here in CVE-2016-9113. Therefore, looking at the patch for CVE-2016-9114 and looking at the changes proposed by PR 975, it seems like the changes in this PR aim to address CVE-2016-9113 in a way similar to the one used to address CVE-2016-9114. PR 975 was merged, however, it introduced regressions. See PR in order to verify changes made after it was merged in order to fix introduced regressions if adding patch. this set of CVEs was patched with  2fa0fc6, 784d4d4, c22cbd8, and 00f4568 note that 00f4568 is part of 0394f8d",VENDOR_NOT_AFFECTED_EXACT_VERSION,VENDOR_NOT_AFFECTED_EXACT_VERSION
sha256:4662cac700d64379a481f34fc0783e70b52eaa25bdef4d93b22e49b406da67c1 (debian 13.7),debian,openjpeg2,libopenjp2-7,2.5.3-2.1~deb13u2,CVE-2016-9114,LOW,,affected,https://avd.aquasec.com/nvd/cve-2016-9114,2.5.4-1ubuntu0.1,,VENDOR_NOT_AFFECTED_EXACT_VERSION,not_affected,https://raw.githubusercontent.com/canonical/ubuntu-security-notices/a3f40224dd201a816b4725891b70d22f7809225f/vex/cve/2016/CVE-2016-9114.json,pkg:deb/ubuntu/openjpeg2@2.5.4-1ubuntu0.1?arch=source&distro=resolute,"This package (for the given release), while related to the CVE in some way, is not affected by the issue. CVE Notes / justification: According to comments in issue 863 (related to CVE-2016-9572), https://github.com/uclouvain/openjpeg/issues/863#issuecomment-258071962 to be more specific, and the changes in commit 2fa0fc61f2d, which fixes 862, it seems like this issue might be fixed by commit 2fa0fc61f2d (this commit, however, seems to be incomplete, and this is fixed by additionally adding 784d4d47e97). in addition to 2fa0fc6 and 784d4d4, c22cbd8 and 00f4568 was applied to this set of CVEs note that 00f4568 is part of 0394f8d",VENDOR_NOT_AFFECTED_EXACT_VERSION,VENDOR_NOT_AFFECTED_EXACT_VERSION
sha256:4662cac700d64379a481f34fc0783e70b52eaa25bdef4d93b22e49b406da67c1 (debian 13.7),debian,openjpeg2,libopenjp2-7,2.5.3-2.1~deb13u2,CVE-2016-9115,LOW,,affected,https://avd.aquasec.com/nvd/cve-2016-9115,2.5.4-1ubuntu0.1,,VENDOR_NOT_AFFECTED_EXACT_VERSION,not_affected,https://raw.githubusercontent.com/canonical/ubuntu-security-notices/a3f40224dd201a816b4725891b70d22f7809225f/vex/cve/2016/CVE-2016-9115.json,pkg:deb/ubuntu/openjpeg2@2.5.4-1ubuntu0.1?arch=source&distro=resolute,"This package (for the given release), while related to the CVE in some way, is not affected by the issue. CVE Notes / justification: Pull request 895 seems to be an initial attempt to fix this issue. However, pull request 895 was never merged, and instead, five issues which did not include issue 856 were fixed by various commits created by upstream (these can be seen in PR 895) which utilized part of what was being proposed in 895 by an openjpeg contributor. The changes proposed in 895 that were not added by the upstream commits previously mentioned were added to a new pull request, 975, which attempts to fix various issues. Looking at comments in issue 863 it was possible to verify that the fix for CVE-2016-9114 is possibly commit 2fa0fc61f2d (see CVE-2016-9114 for more details). This CVE mentions a vulnerability similar to the one we have here in CVE-2016-9115. Therefore, looking at the patch for CVE-2016-9114 and looking at the changes proposed by PR 975, it seems like the changes in this PR aim to address CVE-2016-9115 in a way similar to the one used to address CVE-2016-9114. PR 975 was merged, however, it introduced regressions. See PR in order to verify changes made after it was merged in order to fix introduced regressions if adding patch. upstream made 4 commits to src/bin/jp2/convert.c in late July before asking discoverer to retest who said openjpeg was then patched: 2fa0fc6, 784d4d4, c22cbd8, and 00f4568 note that 00f4568 is part of 0394f8d",VENDOR_NOT_AFFECTED_EXACT_VERSION,VENDOR_NOT_AFFECTED_EXACT_VERSION
sha256:4662cac700d64379a481f34fc0783e70b52eaa25bdef4d93b22e49b406da67c1 (debian 13.7),debian,openjpeg2,libopenjp2-7,2.5.3-2.1~deb13u2,CVE-2016-9116,LOW,,affected,https://avd.aquasec.com/nvd/cve-2016-9116,2.5.4-1ubuntu0.1,,VENDOR_NOT_AFFECTED_EXACT_VERSION,not_affected,https://raw.githubusercontent.com/canonical/ubuntu-security-notices/a3f40224dd201a816b4725891b70d22f7809225f/vex/cve/2016/CVE-2016-9116.json,pkg:deb/ubuntu/openjpeg2@2.5.4-1ubuntu0.1?arch=source&distro=resolute,"This package (for the given release), while related to the CVE in some way, is not affected by the issue. CVE Notes / justification: Pull request 895 seems to be an initial attempt to fix this issue. However, pull request 895 was never merged, and instead, five issues which did not include issue 856 were fixed by various commits created by upstream (these can be seen in PR 895) which utilized part of what was being proposed in 895 by an openjpeg contributor. The changes proposed in 895 that were not added by the upstream commits previously mentioned were added to a new pull request, 975, which attempts to fix various issues. Looking at comments in issue 863 it was possible to verify that the fix for CVE-2016-9114 is possibly commit 2fa0fc61f2d (see CVE-2016-9114 for more details). This CVE mentions a vulnerability similar to the one we have here in CVE-2016-9116. Therefore, looking at the patch for CVE-2016-9114 and looking at the changes proposed by PR 975, it seems like the changes in this PR aim to address CVE-2016-9116 in a way similar to the one used to address CVE-2016-9114. PR 975 was merged, however, it introduced regressions. See PR in order to verify changes made after it was merged in order to fix introduced regressions if adding patch. upstream made 4 commits to src/bin/jp2/convert.c in late July before asking discoverer to retest who said openjpeg was then patched: 2fa0fc6, 784d4d4, c22cbd8, and 00f4568 note that 00f4568 is part of 0394f8d",VENDOR_NOT_AFFECTED_EXACT_VERSION,VENDOR_NOT_AFFECTED_EXACT_VERSION
sha256:4662cac700d64379a481f34fc0783e70b52eaa25bdef4d93b22e49b406da67c1 (debian 13.7),debian,openjpeg2,libopenjp2-7,2.5.3-2.1~deb13u2,CVE-2016-9117,LOW,,affected,https://avd.aquasec.com/nvd/cve-2016-9117,2.5.4-1ubuntu0.1,,VENDOR_NOT_AFFECTED_EXACT_VERSION,not_affected,https://raw.githubusercontent.com/canonical/ubuntu-security-notices/a3f40224dd201a816b4725891b70d22f7809225f/vex/cve/2016/CVE-2016-9117.json,pkg:deb/ubuntu/openjpeg2@2.5.4-1ubuntu0.1?arch=source&distro=resolute,"This package (for the given release), while related to the CVE in some way, is not affected by the issue. CVE Notes / justification: Pull request 895 seems to be an initial attempt to fix this issue. However, pull request 895 was never merged, and instead, five issues which did not include issue 856 were fixed by various commits created by upstream (these can be seen in PR 895) which utilized part of what was being proposed in 895 by an openjpeg contributor. The changes proposed in 895 that were not added by the upstream commits previously mentioned were added to a new pull request, 975, which attempts to fix various issues. Looking at comments in issue 863 it was possible to verify that the fix for CVE-2016-9114 is possibly commit 2fa0fc61f2d (see CVE-2016-9114 for more details). This CVE mentions a vulnerability similar to the one we have here in CVE-2016-9117. Therefore, looking at the patch for CVE-2016-9114 and looking at the changes proposed by PR 975, it seems like the changes in this PR aim to address CVE-2016-9117 in a way similar to the one used to address CVE-2016-9114. PR 975 was merged, however, it introduced regressions. See PR in order to verify changes made after it was merged in order to fix introduced regressions if adding patch. upstream made 4 commits to src/bin/jp2/convert.c in late July before asking discoverer to retest who said openjpeg was then patched: 2fa0fc6, 784d4d4, c22cbd8, and 00f4568 note that 00f4568 is part of 0394f8d",VENDOR_NOT_AFFECTED_EXACT_VERSION,VENDOR_NOT_AFFECTED_EXACT_VERSION
sha256:4662cac700d64379a481f34fc0783e70b52eaa25bdef4d93b22e49b406da67c1 (debian 13.7),debian,openjpeg2,libopenjp2-7,2.5.3-2.1~deb13u2,CVE-2016-9580,LOW,,affected,https://avd.aquasec.com/nvd/cve-2016-9580,2.5.4-1ubuntu0.1,,OPEN_MISSING_VENDOR_EVIDENCE,,https://raw.githubusercontent.com/canonical/ubuntu-security-notices/a3f40224dd201a816b4725891b70d22f7809225f/vex/cve/2016/CVE-2016-9580.json,,No applicable vendor statement; missing matches are not fixes.,OPEN_MISSING_VENDOR_EVIDENCE,OPEN_MISSING_VENDOR_EVIDENCE
sha256:4662cac700d64379a481f34fc0783e70b52eaa25bdef4d93b22e49b406da67c1 (debian 13.7),debian,openjpeg2,libopenjp2-7,2.5.3-2.1~deb13u2,CVE-2016-9581,LOW,,affected,https://avd.aquasec.com/nvd/cve-2016-9581,2.5.4-1ubuntu0.1,,OPEN_MISSING_VENDOR_EVIDENCE,,https://raw.githubusercontent.com/canonical/ubuntu-security-notices/a3f40224dd201a816b4725891b70d22f7809225f/vex/cve/2016/CVE-2016-9581.json,,No applicable vendor statement; missing matches are not fixes.,OPEN_MISSING_VENDOR_EVIDENCE,OPEN_MISSING_VENDOR_EVIDENCE
sha256:4662cac700d64379a481f34fc0783e70b52eaa25bdef4d93b22e49b406da67c1 (debian 13.7),debian,openjpeg2,libopenjp2-7,2.5.3-2.1~deb13u2,CVE-2018-16376,LOW,,affected,https://avd.aquasec.com/nvd/cve-2018-16376,2.5.4-1ubuntu0.1,,OPEN_MISSING_VENDOR_EVIDENCE,,https://raw.githubusercontent.com/canonical/ubuntu-security-notices/a3f40224dd201a816b4725891b70d22f7809225f/vex/cve/2018/CVE-2018-16376.json,,No applicable vendor statement; missing matches are not fixes.,OPEN_MISSING_VENDOR_EVIDENCE,OPEN_MISSING_VENDOR_EVIDENCE
sha256:4662cac700d64379a481f34fc0783e70b52eaa25bdef4d93b22e49b406da67c1 (debian 13.7),debian,openjpeg2,libopenjp2-7,2.5.3-2.1~deb13u2,CVE-2019-6988,LOW,,fix_deferred,https://avd.aquasec.com/nvd/cve-2019-6988,2.5.4-1ubuntu0.1,LOW,OPEN_UNDER_INVESTIGATION,under_investigation,https://raw.githubusercontent.com/canonical/ubuntu-security-notices/a3f40224dd201a816b4725891b70d22f7809225f/vex/cve/2019/CVE-2019-6988.json,pkg:deb/ubuntu/openjpeg2@2.5.4-1ubuntu0.1?arch=source&distro=resolute,"This package (for the given release) is vulnerable to the CVE, the problem is understood, but it is currently deferred. CVE Notes / justification: no upstream fix for openjpeg available as of 2025-06-27 potential fix identified in the github issue listed above, needs investigation to see if accurate.",OPEN_UNDER_INVESTIGATION,OPEN_UNDER_INVESTIGATION
sha256:4662cac700d64379a481f34fc0783e70b52eaa25bdef4d93b22e49b406da67c1 (debian 13.7),debian,openjpeg2,libopenjp2-7,2.5.3-2.1~deb13u2,CVE-2023-39327,LOW,,fix_deferred,https://avd.aquasec.com/nvd/cve-2023-39327,2.5.4-1ubuntu0.1,,VENDOR_FIXED_VERSION_CONFIRMED,fixed,https://raw.githubusercontent.com/canonical/ubuntu-security-notices/a3f40224dd201a816b4725891b70d22f7809225f/vex/cve/2023/CVE-2023-39327.json,pkg:deb/ubuntu/openjpeg2@2.5.4-1ubuntu0.1?arch=source&distro=resolute,"This package (for the given release) was vulnerable, but an update has been uploaded and published.",VENDOR_FIXED_VERSION_CONFIRMED,VENDOR_FIXED_VERSION_CONFIRMED
sha256:4662cac700d64379a481f34fc0783e70b52eaa25bdef4d93b22e49b406da67c1 (debian 13.7),debian,p11-kit,libp11-kit0,0.25.5-3,CVE-2026-13757,MEDIUM,,affected,https://avd.aquasec.com/nvd/cve-2026-13757,0.26.2-2,MEDIUM,OPEN_AFFECTED,affected,https://raw.githubusercontent.com/canonical/ubuntu-security-notices/a3f40224dd201a816b4725891b70d22f7809225f/vex/cve/2026/CVE-2026-13757.json,pkg:deb/ubuntu/p11-kit@0.26.2-2?arch=source&distro=resolute,Ubuntu Security Team classified this CVE as of Medium priority.,OPEN_AFFECTED,OPEN_AFFECTED
sha256:4662cac700d64379a481f34fc0783e70b52eaa25bdef4d93b22e49b406da67c1 (debian 13.7),debian,p11-kit,libp11-kit0,0.25.5-3,CVE-2026-18938,MEDIUM,,affected,https://avd.aquasec.com/nvd/cve-2026-18938,0.26.2-2,,OPEN_UNDER_INVESTIGATION,under_investigation,https://raw.githubusercontent.com/canonical/ubuntu-security-notices/a3f40224dd201a816b4725891b70d22f7809225f/vex/cve/2026/CVE-2026-18938.json,pkg:deb/ubuntu/p11-kit@0.26.2-2?arch=source&distro=resolute,Ubuntu Security Team classified this CVE as of Medium priority.,OPEN_UNDER_INVESTIGATION,OPEN_UNDER_INVESTIGATION
sha256:4662cac700d64379a481f34fc0783e70b52eaa25bdef4d93b22e49b406da67c1 (debian 13.7),debian,pam,libpam-modules,1.7.0-5,CVE-2026-54411,MEDIUM,,affected,https://avd.aquasec.com/nvd/cve-2026-54411,1.7.0-5ubuntu3.2,,VENDOR_FIXED_VERSION_CONFIRMED,fixed,https://raw.githubusercontent.com/canonical/ubuntu-security-notices/a3f40224dd201a816b4725891b70d22f7809225f/vex/cve/2026/CVE-2026-54411.json,pkg:deb/ubuntu/pam@1.7.0-5ubuntu3.2?arch=source&distro=resolute,"This package (for the given release) was vulnerable, but an update has been uploaded and published.",VENDOR_FIXED_VERSION_CONFIRMED,VENDOR_FIXED_VERSION_CONFIRMED
sha256:4662cac700d64379a481f34fc0783e70b52eaa25bdef4d93b22e49b406da67c1 (debian 13.7),debian,pam,libpam-modules-bin,1.7.0-5,CVE-2026-54411,MEDIUM,,affected,https://avd.aquasec.com/nvd/cve-2026-54411,1.7.0-5ubuntu3.2,,VENDOR_FIXED_VERSION_CONFIRMED,fixed,https://raw.githubusercontent.com/canonical/ubuntu-security-notices/a3f40224dd201a816b4725891b70d22f7809225f/vex/cve/2026/CVE-2026-54411.json,pkg:deb/ubuntu/pam@1.7.0-5ubuntu3.2?arch=source&distro=resolute,"This package (for the given release) was vulnerable, but an update has been uploaded and published.",VENDOR_FIXED_VERSION_CONFIRMED,VENDOR_FIXED_VERSION_CONFIRMED
sha256:4662cac700d64379a481f34fc0783e70b52eaa25bdef4d93b22e49b406da67c1 (debian 13.7),debian,pam,libpam-runtime,1.7.0-5,CVE-2026-54411,MEDIUM,,affected,https://avd.aquasec.com/nvd/cve-2026-54411,1.7.0-5ubuntu3.2,,VENDOR_FIXED_VERSION_CONFIRMED,fixed,https://raw.githubusercontent.com/canonical/ubuntu-security-notices/a3f40224dd201a816b4725891b70d22f7809225f/vex/cve/2026/CVE-2026-54411.json,pkg:deb/ubuntu/pam@1.7.0-5ubuntu3.2?arch=source&distro=resolute,"This package (for the given release) was vulnerable, but an update has been uploaded and published.",VENDOR_FIXED_VERSION_CONFIRMED,VENDOR_FIXED_VERSION_CONFIRMED
sha256:4662cac700d64379a481f34fc0783e70b52eaa25bdef4d93b22e49b406da67c1 (debian 13.7),debian,pam,libpam0g,1.7.0-5,CVE-2026-54411,MEDIUM,,affected,https://avd.aquasec.com/nvd/cve-2026-54411,1.7.0-5ubuntu3.2,,VENDOR_FIXED_VERSION_CONFIRMED,fixed,https://raw.githubusercontent.com/canonical/ubuntu-security-notices/a3f40224dd201a816b4725891b70d22f7809225f/vex/cve/2026/CVE-2026-54411.json,pkg:deb/ubuntu/pam@1.7.0-5ubuntu3.2?arch=source&distro=resolute,"This package (for the given release) was vulnerable, but an update has been uploaded and published.",VENDOR_FIXED_VERSION_CONFIRMED,VENDOR_FIXED_VERSION_CONFIRMED
sha256:4662cac700d64379a481f34fc0783e70b52eaa25bdef4d93b22e49b406da67c1 (debian 13.7),debian,pixman,libpixman-1-0,0.44.0-3,CVE-2023-37769,LOW,,affected,https://avd.aquasec.com/nvd/cve-2023-37769,0.46.4-1,MEDIUM,OPEN_UNDER_INVESTIGATION,under_investigation,https://raw.githubusercontent.com/canonical/ubuntu-security-notices/a3f40224dd201a816b4725891b70d22f7809225f/vex/cve/2023/CVE-2023-37769.json,pkg:deb/ubuntu/pixman@0.46.4-1?arch=source&distro=resolute,"This package (for the given release) is vulnerable to the CVE, the problem is understood, but it is currently deferred. CVE Notes / justification: Whilst the CVE description mentions the stress-test binary (which is only part of the test suite in pixman and itself is not distributed in Ubuntu) it is not clear if this is a bug in the underlying library code itself or just in stress-test New comment in upstream bug does suggest this issue is in the test binary as of 2024-06-11, there is no upstream fix available for this issue",OPEN_UNDER_INVESTIGATION,OPEN_UNDER_INVESTIGATION
sha256:4662cac700d64379a481f34fc0783e70b52eaa25bdef4d93b22e49b406da67c1 (debian 13.7),debian,libpng1.6,libpng16-16t64,1.6.48-1+deb13u6,CVE-2021-4214,LOW,,affected,https://avd.aquasec.com/nvd/cve-2021-4214,1.6.59+lms1,,OPEN_MISSING_VENDOR_EVIDENCE,,https://raw.githubusercontent.com/canonical/ubuntu-security-notices/a3f40224dd201a816b4725891b70d22f7809225f/vex/cve/2021/CVE-2021-4214.json,,No applicable vendor statement; missing matches are not fixes.,OPEN_MISSING_VENDOR_EVIDENCE,OPEN_MISSING_VENDOR_EVIDENCE
sha256:4662cac700d64379a481f34fc0783e70b52eaa25bdef4d93b22e49b406da67c1 (debian 13.7),debian,libpng1.6,libpng16-16t64,1.6.48-1+deb13u6,CVE-2026-3713,LOW,,affected,https://avd.aquasec.com/nvd/cve-2026-3713,1.6.59+lms1,,OPEN_NOT_AFFECTED,not_affected,https://raw.githubusercontent.com/canonical/ubuntu-security-notices/a3f40224dd201a816b4725891b70d22f7809225f/vex/cve/2026/CVE-2026-3713.json,pkg:deb/ubuntu/libpng1.6@1.6.57-1?arch=source&distro=resolute,"This package (for the given release), while related to the CVE in some way, is not affected by the issue. CVE Notes / justification: Ubuntu packages don't build the contrib/pngminus/pnm2png.c source file.",OPEN_NOT_AFFECTED,OPEN_NOT_AFFECTED
sha256:4662cac700d64379a481f34fc0783e70b52eaa25bdef4d93b22e49b406da67c1 (debian 13.7),debian,poppler,libpoppler147,25.03.0-5+deb13u4,CVE-2026-102620,MEDIUM,,affected,https://avd.aquasec.com/nvd/cve-2026-102620,26.01.0-2ubuntu0.1,,OPEN_UNDER_INVESTIGATION,under_investigation,https://raw.githubusercontent.com/canonical/ubuntu-security-notices/a3f40224dd201a816b4725891b70d22f7809225f/vex/cve/2026/CVE-2026-102620.json,pkg:deb/ubuntu/poppler@26.01.0-2ubuntu0.1?arch=source&distro=resolute,Ubuntu Security Team classified this CVE as of Medium priority.,OPEN_UNDER_INVESTIGATION,OPEN_UNDER_INVESTIGATION
sha256:4662cac700d64379a481f34fc0783e70b52eaa25bdef4d93b22e49b406da67c1 (debian 13.7),debian,poppler,libpoppler147,25.03.0-5+deb13u4,CVE-2026-93311,MEDIUM,,affected,https://avd.aquasec.com/nvd/cve-2026-93311,26.01.0-2ubuntu0.1,,OPEN_UNDER_INVESTIGATION,under_investigation,https://raw.githubusercontent.com/canonical/ubuntu-security-notices/a3f40224dd201a816b4725891b70d22f7809225f/vex/cve/2026/CVE-2026-93311.json,pkg:deb/ubuntu/poppler@26.01.0-2ubuntu0.1?arch=source&distro=resolute,Ubuntu Security Team classified this CVE as of Medium priority.,OPEN_UNDER_INVESTIGATION,OPEN_UNDER_INVESTIGATION
sha256:4662cac700d64379a481f34fc0783e70b52eaa25bdef4d93b22e49b406da67c1 (debian 13.7),debian,poppler,libpoppler147,25.03.0-5+deb13u4,CVE-2026-93312,MEDIUM,,affected,https://avd.aquasec.com/nvd/cve-2026-93312,26.01.0-2ubuntu0.1,,OPEN_UNDER_INVESTIGATION,under_investigation,https://raw.githubusercontent.com/canonical/ubuntu-security-notices/a3f40224dd201a816b4725891b70d22f7809225f/vex/cve/2026/CVE-2026-93312.json,pkg:deb/ubuntu/poppler@26.01.0-2ubuntu0.1?arch=source&distro=resolute,Ubuntu Security Team classified this CVE as of Medium priority.,OPEN_UNDER_INVESTIGATION,OPEN_UNDER_INVESTIGATION
sha256:4662cac700d64379a481f34fc0783e70b52eaa25bdef4d93b22e49b406da67c1 (debian 13.7),debian,poppler,libpoppler147,25.03.0-5+deb13u4,CVE-2026-93313,MEDIUM,,affected,https://avd.aquasec.com/nvd/cve-2026-93313,26.01.0-2ubuntu0.1,,OPEN_UNDER_INVESTIGATION,under_investigation,https://raw.githubusercontent.com/canonical/ubuntu-security-notices/a3f40224dd201a816b4725891b70d22f7809225f/vex/cve/2026/CVE-2026-93313.json,pkg:deb/ubuntu/poppler@26.01.0-2ubuntu0.1?arch=source&distro=resolute,Ubuntu Security Team classified this CVE as of Medium priority.,OPEN_UNDER_INVESTIGATION,OPEN_UNDER_INVESTIGATION
sha256:4662cac700d64379a481f34fc0783e70b52eaa25bdef4d93b22e49b406da67c1 (debian 13.7),debian,poppler,libpoppler147,25.03.0-5+deb13u4,CVE-2026-93314,MEDIUM,,affected,https://avd.aquasec.com/nvd/cve-2026-93314,26.01.0-2ubuntu0.1,,OPEN_UNDER_INVESTIGATION,under_investigation,https://raw.githubusercontent.com/canonical/ubuntu-security-notices/a3f40224dd201a816b4725891b70d22f7809225f/vex/cve/2026/CVE-2026-93314.json,pkg:deb/ubuntu/poppler@26.01.0-2ubuntu0.1?arch=source&distro=resolute,Ubuntu Security Team classified this CVE as of Medium priority.,OPEN_UNDER_INVESTIGATION,OPEN_UNDER_INVESTIGATION
sha256:4662cac700d64379a481f34fc0783e70b52eaa25bdef4d93b22e49b406da67c1 (debian 13.7),debian,poppler,libpoppler147,25.03.0-5+deb13u4,CVE-2026-93653,MEDIUM,,affected,https://avd.aquasec.com/nvd/cve-2026-93653,26.01.0-2ubuntu0.1,,OPEN_UNDER_INVESTIGATION,under_investigation,https://raw.githubusercontent.com/canonical/ubuntu-security-notices/a3f40224dd201a816b4725891b70d22f7809225f/vex/cve/2026/CVE-2026-93653.json,pkg:deb/ubuntu/poppler@26.01.0-2ubuntu0.1?arch=source&distro=resolute,Ubuntu Security Team classified this CVE as of Medium priority.,OPEN_UNDER_INVESTIGATION,OPEN_UNDER_INVESTIGATION
sha256:4662cac700d64379a481f34fc0783e70b52eaa25bdef4d93b22e49b406da67c1 (debian 13.7),debian,poppler,libpoppler147,25.03.0-5+deb13u4,CVE-2013-4472,LOW,,affected,https://avd.aquasec.com/nvd/cve-2013-4472,26.01.0-2ubuntu0.1,,OPEN_MISSING_VENDOR_EVIDENCE,,https://raw.githubusercontent.com/canonical/ubuntu-security-notices/a3f40224dd201a816b4725891b70d22f7809225f/vex/cve/2013/CVE-2013-4472.json,,No applicable vendor statement; missing matches are not fixes.,OPEN_MISSING_VENDOR_EVIDENCE,OPEN_MISSING_VENDOR_EVIDENCE
sha256:4662cac700d64379a481f34fc0783e70b52eaa25bdef4d93b22e49b406da67c1 (debian 13.7),debian,poppler,libpoppler147,25.03.0-5+deb13u4,CVE-2017-2814,LOW,,affected,https://avd.aquasec.com/nvd/cve-2017-2814,26.01.0-2ubuntu0.1,,OPEN_MISSING_VENDOR_EVIDENCE,,https://raw.githubusercontent.com/canonical/ubuntu-security-notices/a3f40224dd201a816b4725891b70d22f7809225f/vex/cve/2017/CVE-2017-2814.json,,No applicable vendor statement; missing matches are not fixes.,OPEN_MISSING_VENDOR_EVIDENCE,OPEN_MISSING_VENDOR_EVIDENCE
sha256:4662cac700d64379a481f34fc0783e70b52eaa25bdef4d93b22e49b406da67c1 (debian 13.7),debian,poppler,libpoppler147,25.03.0-5+deb13u4,CVE-2017-2818,LOW,,affected,https://avd.aquasec.com/nvd/cve-2017-2818,26.01.0-2ubuntu0.1,,OPEN_MISSING_VENDOR_EVIDENCE,,https://raw.githubusercontent.com/canonical/ubuntu-security-notices/a3f40224dd201a816b4725891b70d22f7809225f/vex/cve/2017/CVE-2017-2818.json,,No applicable vendor statement; missing matches are not fixes.,OPEN_MISSING_VENDOR_EVIDENCE,OPEN_MISSING_VENDOR_EVIDENCE
sha256:4662cac700d64379a481f34fc0783e70b52eaa25bdef4d93b22e49b406da67c1 (debian 13.7),debian,poppler,libpoppler147,25.03.0-5+deb13u4,CVE-2017-2820,LOW,,affected,https://avd.aquasec.com/nvd/cve-2017-2820,26.01.0-2ubuntu0.1,,OPEN_MISSING_VENDOR_EVIDENCE,,https://raw.githubusercontent.com/canonical/ubuntu-security-notices/a3f40224dd201a816b4725891b70d22f7809225f/vex/cve/2017/CVE-2017-2820.json,,No applicable vendor statement; missing matches are not fixes.,OPEN_MISSING_VENDOR_EVIDENCE,OPEN_MISSING_VENDOR_EVIDENCE
sha256:4662cac700d64379a481f34fc0783e70b52eaa25bdef4d93b22e49b406da67c1 (debian 13.7),debian,poppler,libpoppler147,25.03.0-5+deb13u4,CVE-2017-9083,LOW,,affected,https://avd.aquasec.com/nvd/cve-2017-9083,26.01.0-2ubuntu0.1,,OPEN_MISSING_VENDOR_EVIDENCE,,https://raw.githubusercontent.com/canonical/ubuntu-security-notices/a3f40224dd201a816b4725891b70d22f7809225f/vex/cve/2017/CVE-2017-9083.json,,No applicable vendor statement; missing matches are not fixes.,OPEN_MISSING_VENDOR_EVIDENCE,OPEN_MISSING_VENDOR_EVIDENCE
sha256:4662cac700d64379a481f34fc0783e70b52eaa25bdef4d93b22e49b406da67c1 (debian 13.7),debian,poppler,libpoppler147,25.03.0-5+deb13u4,CVE-2019-9543,LOW,,will_not_fix,https://avd.aquasec.com/nvd/cve-2019-9543,26.01.0-2ubuntu0.1,LOW,OPEN_UNDER_INVESTIGATION,under_investigation,https://raw.githubusercontent.com/canonical/ubuntu-security-notices/a3f40224dd201a816b4725891b70d22f7809225f/vex/cve/2019/CVE-2019-9543.json,pkg:deb/ubuntu/poppler@26.01.0-2ubuntu0.1?arch=source&distro=resolute,"This package (for the given release) is vulnerable to the CVE, the problem is understood, but it is currently deferred. CVE Notes / justification: as of 2026-06-04, not fixed upstream",OPEN_UNDER_INVESTIGATION,OPEN_UNDER_INVESTIGATION
sha256:4662cac700d64379a481f34fc0783e70b52eaa25bdef4d93b22e49b406da67c1 (debian 13.7),debian,poppler,libpoppler147,25.03.0-5+deb13u4,CVE-2019-9545,LOW,,will_not_fix,https://avd.aquasec.com/nvd/cve-2019-9545,26.01.0-2ubuntu0.1,LOW,OPEN_UNDER_INVESTIGATION,under_investigation,https://raw.githubusercontent.com/canonical/ubuntu-security-notices/a3f40224dd201a816b4725891b70d22f7809225f/vex/cve/2019/CVE-2019-9545.json,pkg:deb/ubuntu/poppler@26.01.0-2ubuntu0.1?arch=source&distro=resolute,"This package (for the given release) is vulnerable to the CVE, the problem is understood, but it is currently deferred. CVE Notes / justification: as of 2026-06-04, not fixed upstream",OPEN_UNDER_INVESTIGATION,OPEN_UNDER_INVESTIGATION
sha256:4662cac700d64379a481f34fc0783e70b52eaa25bdef4d93b22e49b406da67c1 (debian 13.7),debian,poppler,libpoppler147,25.03.0-5+deb13u4,CVE-2022-24106,LOW,,affected,https://avd.aquasec.com/nvd/cve-2022-24106,26.01.0-2ubuntu0.1,,OPEN_MISSING_VENDOR_EVIDENCE,,https://raw.githubusercontent.com/canonical/ubuntu-security-notices/a3f40224dd201a816b4725891b70d22f7809225f/vex/cve/2022/CVE-2022-24106.json,,No applicable vendor statement; missing matches are not fixes.,OPEN_MISSING_VENDOR_EVIDENCE,OPEN_MISSING_VENDOR_EVIDENCE
sha256:4662cac700d64379a481f34fc0783e70b52eaa25bdef4d93b22e49b406da67c1 (debian 13.7),debian,poppler,libpoppler147,25.03.0-5+deb13u4,CVE-2026-102621,LOW,,affected,https://avd.aquasec.com/nvd/cve-2026-102621,26.01.0-2ubuntu0.1,,OPEN_UNDER_INVESTIGATION,under_investigation,https://raw.githubusercontent.com/canonical/ubuntu-security-notices/a3f40224dd201a816b4725891b70d22f7809225f/vex/cve/2026/CVE-2026-102621.json,pkg:deb/ubuntu/poppler@26.01.0-2ubuntu0.1?arch=source&distro=resolute,Ubuntu Security Team classified this CVE as of Medium priority.,OPEN_UNDER_INVESTIGATION,OPEN_UNDER_INVESTIGATION
sha256:4662cac700d64379a481f34fc0783e70b52eaa25bdef4d93b22e49b406da67c1 (debian 13.7),debian,ffmpeg,libpostproc58,7:7.1.5-0+deb13u1,CVE-2026-58049,HIGH,,fix_deferred,https://avd.aquasec.com/nvd/cve-2026-58049,,,UPSTREAM_FIXED_VERSION_VERIFIED,,https://security-tracker.debian.org/tracker/CVE-2026-58049,,"Reviewed upstream release threshold 7:9.0.2-1; runtime version and source hash verified. See preserved tracker feed, SHA256 d059b671f7cbb86a0341f779543f41813d93412e26c745d2c2473c49f89a81ac.",OPEN_MISSING_VENDOR_EVIDENCE,UPSTREAM_FIXED_VERSION_VERIFIED
sha256:4662cac700d64379a481f34fc0783e70b52eaa25bdef4d93b22e49b406da67c1 (debian 13.7),debian,ffmpeg,libpostproc58,7:7.1.5-0+deb13u1,CVE-2026-64830,HIGH,,fix_deferred,https://avd.aquasec.com/nvd/cve-2026-64830,,,UPSTREAM_FIXED_VERSION_VERIFIED,,https://security-tracker.debian.org/tracker/CVE-2026-64830,,"Reviewed upstream release threshold 7:9.0.2-1; runtime version and source hash verified. See preserved tracker feed, SHA256 d059b671f7cbb86a0341f779543f41813d93412e26c745d2c2473c49f89a81ac.",OPEN_MISSING_VENDOR_EVIDENCE,UPSTREAM_FIXED_VERSION_VERIFIED
sha256:4662cac700d64379a481f34fc0783e70b52eaa25bdef4d93b22e49b406da67c1 (debian 13.7),debian,ffmpeg,libpostproc58,7:7.1.5-0+deb13u1,CVE-2026-64832,HIGH,,fix_deferred,https://avd.aquasec.com/nvd/cve-2026-64832,,,UPSTREAM_FIXED_VERSION_VERIFIED,,https://security-tracker.debian.org/tracker/CVE-2026-64832,,"Reviewed upstream release threshold 7:9.0.2-1; runtime version and source hash verified. See preserved tracker feed, SHA256 d059b671f7cbb86a0341f779543f41813d93412e26c745d2c2473c49f89a81ac.",OPEN_MISSING_VENDOR_EVIDENCE,UPSTREAM_FIXED_VERSION_VERIFIED
sha256:4662cac700d64379a481f34fc0783e70b52eaa25bdef4d93b22e49b406da67c1 (debian 13.7),debian,ffmpeg,libpostproc58,7:7.1.5-0+deb13u1,CVE-2026-64833,HIGH,,fix_deferred,https://avd.aquasec.com/nvd/cve-2026-64833,,,UPSTREAM_FIXED_VERSION_VERIFIED,,https://security-tracker.debian.org/tracker/CVE-2026-64833,,"Reviewed upstream release threshold 7:9.0.2-1; runtime version and source hash verified. See preserved tracker feed, SHA256 d059b671f7cbb86a0341f779543f41813d93412e26c745d2c2473c49f89a81ac.",OPEN_MISSING_VENDOR_EVIDENCE,UPSTREAM_FIXED_VERSION_VERIFIED
sha256:4662cac700d64379a481f34fc0783e70b52eaa25bdef4d93b22e49b406da67c1 (debian 13.7),debian,ffmpeg,libpostproc58,7:7.1.5-0+deb13u1,CVE-2026-64834,HIGH,,fix_deferred,https://avd.aquasec.com/nvd/cve-2026-64834,,,UPSTREAM_FIXED_VERSION_VERIFIED,,https://security-tracker.debian.org/tracker/CVE-2026-64834,,"Reviewed upstream release threshold 7:9.0.2-1; runtime version and source hash verified. See preserved tracker feed, SHA256 d059b671f7cbb86a0341f779543f41813d93412e26c745d2c2473c49f89a81ac.",OPEN_MISSING_VENDOR_EVIDENCE,UPSTREAM_FIXED_VERSION_VERIFIED
sha256:4662cac700d64379a481f34fc0783e70b52eaa25bdef4d93b22e49b406da67c1 (debian 13.7),debian,ffmpeg,libpostproc58,7:7.1.5-0+deb13u1,CVE-2026-64835,HIGH,,fix_deferred,https://avd.aquasec.com/nvd/cve-2026-64835,,,UPSTREAM_FIXED_VERSION_VERIFIED,,https://security-tracker.debian.org/tracker/CVE-2026-64835,,"Reviewed upstream release threshold 7:9.0.2-1; runtime version and source hash verified. See preserved tracker feed, SHA256 d059b671f7cbb86a0341f779543f41813d93412e26c745d2c2473c49f89a81ac.",OPEN_MISSING_VENDOR_EVIDENCE,UPSTREAM_FIXED_VERSION_VERIFIED
sha256:4662cac700d64379a481f34fc0783e70b52eaa25bdef4d93b22e49b406da67c1 (debian 13.7),debian,ffmpeg,libpostproc58,7:7.1.5-0+deb13u1,CVE-2026-66036,HIGH,,fix_deferred,https://avd.aquasec.com/nvd/cve-2026-66036,,,UPSTREAM_FIXED_VERSION_VERIFIED,,https://security-tracker.debian.org/tracker/CVE-2026-66036,,"Reviewed upstream release threshold 7:9.0.2-1; runtime version and source hash verified. See preserved tracker feed, SHA256 d059b671f7cbb86a0341f779543f41813d93412e26c745d2c2473c49f89a81ac.",OPEN_MISSING_VENDOR_EVIDENCE,UPSTREAM_FIXED_VERSION_VERIFIED
sha256:4662cac700d64379a481f34fc0783e70b52eaa25bdef4d93b22e49b406da67c1 (debian 13.7),debian,ffmpeg,libpostproc58,7:7.1.5-0+deb13u1,CVE-2026-66039,HIGH,,fix_deferred,https://avd.aquasec.com/nvd/cve-2026-66039,,,UPSTREAM_FIXED_VERSION_VERIFIED,,https://security-tracker.debian.org/tracker/CVE-2026-66039,,"Reviewed upstream release threshold 7:9.0.2-1; runtime version and source hash verified. See preserved tracker feed, SHA256 d059b671f7cbb86a0341f779543f41813d93412e26c745d2c2473c49f89a81ac.",OPEN_MISSING_VENDOR_EVIDENCE,UPSTREAM_FIXED_VERSION_VERIFIED
sha256:4662cac700d64379a481f34fc0783e70b52eaa25bdef4d93b22e49b406da67c1 (debian 13.7),debian,ffmpeg,libpostproc58,7:7.1.5-0+deb13u1,CVE-2026-66040,HIGH,,fix_deferred,https://avd.aquasec.com/nvd/cve-2026-66040,,,UPSTREAM_FIXED_VERSION_VERIFIED,,https://security-tracker.debian.org/tracker/CVE-2026-66040,,"Reviewed upstream release threshold 7:9.0.2-1; runtime version and source hash verified. See preserved tracker feed, SHA256 d059b671f7cbb86a0341f779543f41813d93412e26c745d2c2473c49f89a81ac.",OPEN_MISSING_VENDOR_EVIDENCE,UPSTREAM_FIXED_VERSION_VERIFIED
sha256:4662cac700d64379a481f34fc0783e70b52eaa25bdef4d93b22e49b406da67c1 (debian 13.7),debian,ffmpeg,libpostproc58,7:7.1.5-0+deb13u1,CVE-2026-66041,HIGH,,fix_deferred,https://avd.aquasec.com/nvd/cve-2026-66041,,,UPSTREAM_FIXED_VERSION_VERIFIED,,https://security-tracker.debian.org/tracker/CVE-2026-66041,,"Reviewed upstream release threshold 7:9.0.2-1; runtime version and source hash verified. See preserved tracker feed, SHA256 d059b671f7cbb86a0341f779543f41813d93412e26c745d2c2473c49f89a81ac.",OPEN_MISSING_VENDOR_EVIDENCE,UPSTREAM_FIXED_VERSION_VERIFIED
sha256:4662cac700d64379a481f34fc0783e70b52eaa25bdef4d93b22e49b406da67c1 (debian 13.7),debian,ffmpeg,libpostproc58,7:7.1.5-0+deb13u1,CVE-2026-70628,HIGH,,fix_deferred,https://avd.aquasec.com/nvd/cve-2026-70628,,,UPSTREAM_FIXED_VERSION_VERIFIED,,https://security-tracker.debian.org/tracker/CVE-2026-70628,,"Reviewed upstream release threshold 7:9.0.2-1; runtime version and source hash verified. See preserved tracker feed, SHA256 d059b671f7cbb86a0341f779543f41813d93412e26c745d2c2473c49f89a81ac.",OPEN_MISSING_VENDOR_EVIDENCE,UPSTREAM_FIXED_VERSION_VERIFIED
sha256:4662cac700d64379a481f34fc0783e70b52eaa25bdef4d93b22e49b406da67c1 (debian 13.7),debian,ffmpeg,libpostproc58,7:7.1.5-0+deb13u1,CVE-2026-70632,HIGH,,fix_deferred,https://avd.aquasec.com/nvd/cve-2026-70632,,,UPSTREAM_FIXED_VERSION_VERIFIED,,https://security-tracker.debian.org/tracker/CVE-2026-70632,,"Reviewed upstream release threshold 7:9.0.2-1; runtime version and source hash verified. See preserved tracker feed, SHA256 d059b671f7cbb86a0341f779543f41813d93412e26c745d2c2473c49f89a81ac.",OPEN_MISSING_VENDOR_EVIDENCE,UPSTREAM_FIXED_VERSION_VERIFIED
sha256:4662cac700d64379a481f34fc0783e70b52eaa25bdef4d93b22e49b406da67c1 (debian 13.7),debian,ffmpeg,libpostproc58,7:7.1.5-0+deb13u1,CVE-2026-75142,HIGH,,fix_deferred,https://avd.aquasec.com/nvd/cve-2026-75142,,,UPSTREAM_FIXED_VERSION_VERIFIED,,https://security-tracker.debian.org/tracker/CVE-2026-75142,,"Reviewed upstream release threshold 7:9.0.2-1; runtime version and source hash verified. See preserved tracker feed, SHA256 d059b671f7cbb86a0341f779543f41813d93412e26c745d2c2473c49f89a81ac.",OPEN_MISSING_VENDOR_EVIDENCE,UPSTREAM_FIXED_VERSION_VERIFIED
sha256:4662cac700d64379a481f34fc0783e70b52eaa25bdef4d93b22e49b406da67c1 (debian 13.7),debian,ffmpeg,libpostproc58,7:7.1.5-0+deb13u1,CVE-2026-75143,HIGH,,fix_deferred,https://avd.aquasec.com/nvd/cve-2026-75143,,,UPSTREAM_FIXED_VERSION_VERIFIED,,https://security-tracker.debian.org/tracker/CVE-2026-75143,,"Reviewed upstream release threshold 7:9.0.2-1; runtime version and source hash verified. See preserved tracker feed, SHA256 d059b671f7cbb86a0341f779543f41813d93412e26c745d2c2473c49f89a81ac.",OPEN_MISSING_VENDOR_EVIDENCE,UPSTREAM_FIXED_VERSION_VERIFIED
sha256:4662cac700d64379a481f34fc0783e70b52eaa25bdef4d93b22e49b406da67c1 (debian 13.7),debian,ffmpeg,libpostproc58,7:7.1.5-0+deb13u1,CVE-2026-75144,HIGH,,fix_deferred,https://avd.aquasec.com/nvd/cve-2026-75144,,,UPSTREAM_FIXED_VERSION_VERIFIED,,https://security-tracker.debian.org/tracker/CVE-2026-75144,,"Reviewed upstream release threshold 7:9.0.2-1; runtime version and source hash verified. See preserved tracker feed, SHA256 d059b671f7cbb86a0341f779543f41813d93412e26c745d2c2473c49f89a81ac.",OPEN_MISSING_VENDOR_EVIDENCE,UPSTREAM_FIXED_VERSION_VERIFIED
sha256:4662cac700d64379a481f34fc0783e70b52eaa25bdef4d93b22e49b406da67c1 (debian 13.7),debian,ffmpeg,libpostproc58,7:7.1.5-0+deb13u1,CVE-2026-75146,HIGH,,fix_deferred,https://avd.aquasec.com/nvd/cve-2026-75146,,,UPSTREAM_FIXED_VERSION_VERIFIED,,https://security-tracker.debian.org/tracker/CVE-2026-75146,,"Reviewed upstream release threshold 7:9.0.2-1; runtime version and source hash verified. See preserved tracker feed, SHA256 d059b671f7cbb86a0341f779543f41813d93412e26c745d2c2473c49f89a81ac.",OPEN_MISSING_VENDOR_EVIDENCE,UPSTREAM_FIXED_VERSION_VERIFIED
sha256:4662cac700d64379a481f34fc0783e70b52eaa25bdef4d93b22e49b406da67c1 (debian 13.7),debian,ffmpeg,libpostproc58,7:7.1.5-0+deb13u1,CVE-2026-18393,MEDIUM,,fix_deferred,https://avd.aquasec.com/nvd/cve-2026-18393,,,UPSTREAM_FIXED_VERSION_VERIFIED,,https://security-tracker.debian.org/tracker/CVE-2026-18393,,"Reviewed upstream release threshold 7:8.1.1-1; runtime version and source hash verified. See preserved tracker feed, SHA256 d059b671f7cbb86a0341f779543f41813d93412e26c745d2c2473c49f89a81ac.",OPEN_MISSING_VENDOR_EVIDENCE,UPSTREAM_FIXED_VERSION_VERIFIED
sha256:4662cac700d64379a481f34fc0783e70b52eaa25bdef4d93b22e49b406da67c1 (debian 13.7),debian,ffmpeg,libpostproc58,7:7.1.5-0+deb13u1,CVE-2026-38350,MEDIUM,,fix_deferred,https://avd.aquasec.com/nvd/cve-2026-38350,,,UPSTREAM_FIXED_VERSION_VERIFIED,,https://security-tracker.debian.org/tracker/CVE-2026-38350,,"Reviewed upstream release threshold 7:8.0.1-2; runtime version and source hash verified. See preserved tracker feed, SHA256 d059b671f7cbb86a0341f779543f41813d93412e26c745d2c2473c49f89a81ac.",OPEN_MISSING_VENDOR_EVIDENCE,UPSTREAM_FIXED_VERSION_VERIFIED
sha256:4662cac700d64379a481f34fc0783e70b52eaa25bdef4d93b22e49b406da67c1 (debian 13.7),debian,ffmpeg,libpostproc58,7:7.1.5-0+deb13u1,CVE-2026-6385,MEDIUM,,fix_deferred,https://avd.aquasec.com/nvd/cve-2026-6385,,,VULNERABLE_CODE_EXCLUDED_VERIFIED,,https://security-tracker.debian.org/tracker/CVE-2026-6385,,DVD subtitle decoder/parser and MPEG-PS demuxer disabled; installed configuration and decoder list verified. Not an upstream version fix.,OPEN_MISSING_VENDOR_EVIDENCE,VULNERABLE_CODE_EXCLUDED_VERIFIED
sha256:4662cac700d64379a481f34fc0783e70b52eaa25bdef4d93b22e49b406da67c1 (debian 13.7),debian,ffmpeg,libpostproc58,7:7.1.5-0+deb13u1,CVE-2026-65703,MEDIUM,,fix_deferred,https://avd.aquasec.com/nvd/cve-2026-65703,,,UPSTREAM_FIXED_VERSION_VERIFIED,,https://security-tracker.debian.org/tracker/CVE-2026-65703,,"Reviewed upstream release threshold 7:9.0.2-1; runtime version and source hash verified. See preserved tracker feed, SHA256 d059b671f7cbb86a0341f779543f41813d93412e26c745d2c2473c49f89a81ac.",OPEN_MISSING_VENDOR_EVIDENCE,UPSTREAM_FIXED_VERSION_VERIFIED
sha256:4662cac700d64379a481f34fc0783e70b52eaa25bdef4d93b22e49b406da67c1 (debian 13.7),debian,ffmpeg,libpostproc58,7:7.1.5-0+deb13u1,CVE-2026-65704,MEDIUM,,fix_deferred,https://avd.aquasec.com/nvd/cve-2026-65704,,,UPSTREAM_FIXED_VERSION_VERIFIED,,https://security-tracker.debian.org/tracker/CVE-2026-65704,,"Reviewed upstream release threshold 7:9.0.2-1; runtime version and source hash verified. See preserved tracker feed, SHA256 d059b671f7cbb86a0341f779543f41813d93412e26c745d2c2473c49f89a81ac.",OPEN_MISSING_VENDOR_EVIDENCE,UPSTREAM_FIXED_VERSION_VERIFIED
sha256:4662cac700d64379a481f34fc0783e70b52eaa25bdef4d93b22e49b406da67c1 (debian 13.7),debian,ffmpeg,libpostproc58,7:7.1.5-0+deb13u1,CVE-2026-65705,MEDIUM,,fix_deferred,https://avd.aquasec.com/nvd/cve-2026-65705,,,UPSTREAM_FIXED_VERSION_VERIFIED,,https://security-tracker.debian.org/tracker/CVE-2026-65705,,"Reviewed upstream release threshold 7:9.0.2-1; runtime version and source hash verified. See preserved tracker feed, SHA256 d059b671f7cbb86a0341f779543f41813d93412e26c745d2c2473c49f89a81ac.",OPEN_MISSING_VENDOR_EVIDENCE,UPSTREAM_FIXED_VERSION_VERIFIED
sha256:4662cac700d64379a481f34fc0783e70b52eaa25bdef4d93b22e49b406da67c1 (debian 13.7),debian,ffmpeg,libpostproc58,7:7.1.5-0+deb13u1,CVE-2026-65706,MEDIUM,,fix_deferred,https://avd.aquasec.com/nvd/cve-2026-65706,,,UPSTREAM_FIXED_VERSION_VERIFIED,,https://security-tracker.debian.org/tracker/CVE-2026-65706,,"Reviewed upstream release threshold 7:9.0.2-1; runtime version and source hash verified. See preserved tracker feed, SHA256 d059b671f7cbb86a0341f779543f41813d93412e26c745d2c2473c49f89a81ac.",OPEN_MISSING_VENDOR_EVIDENCE,UPSTREAM_FIXED_VERSION_VERIFIED
sha256:4662cac700d64379a481f34fc0783e70b52eaa25bdef4d93b22e49b406da67c1 (debian 13.7),debian,ffmpeg,libpostproc58,7:7.1.5-0+deb13u1,CVE-2026-66037,MEDIUM,,fix_deferred,https://avd.aquasec.com/nvd/cve-2026-66037,,,UPSTREAM_FIXED_VERSION_VERIFIED,,https://security-tracker.debian.org/tracker/CVE-2026-66037,,"Reviewed upstream release threshold 7:9.0.2-1; runtime version and source hash verified. See preserved tracker feed, SHA256 d059b671f7cbb86a0341f779543f41813d93412e26c745d2c2473c49f89a81ac.",OPEN_MISSING_VENDOR_EVIDENCE,UPSTREAM_FIXED_VERSION_VERIFIED
sha256:4662cac700d64379a481f34fc0783e70b52eaa25bdef4d93b22e49b406da67c1 (debian 13.7),debian,ffmpeg,libpostproc58,7:7.1.5-0+deb13u1,CVE-2026-66038,MEDIUM,,fix_deferred,https://avd.aquasec.com/nvd/cve-2026-66038,,,UPSTREAM_FIXED_VERSION_VERIFIED,,https://security-tracker.debian.org/tracker/CVE-2026-66038,,"Reviewed upstream release threshold 7:9.0.2-1; runtime version and source hash verified. See preserved tracker feed, SHA256 d059b671f7cbb86a0341f779543f41813d93412e26c745d2c2473c49f89a81ac.",OPEN_MISSING_VENDOR_EVIDENCE,UPSTREAM_FIXED_VERSION_VERIFIED
sha256:4662cac700d64379a481f34fc0783e70b52eaa25bdef4d93b22e49b406da67c1 (debian 13.7),debian,ffmpeg,libpostproc58,7:7.1.5-0+deb13u1,CVE-2026-70629,MEDIUM,,fix_deferred,https://avd.aquasec.com/nvd/cve-2026-70629,,,UPSTREAM_FIXED_VERSION_VERIFIED,,https://security-tracker.debian.org/tracker/CVE-2026-70629,,"Reviewed upstream release threshold 7:9.0.2-1; runtime version and source hash verified. See preserved tracker feed, SHA256 d059b671f7cbb86a0341f779543f41813d93412e26c745d2c2473c49f89a81ac.",OPEN_MISSING_VENDOR_EVIDENCE,UPSTREAM_FIXED_VERSION_VERIFIED
sha256:4662cac700d64379a481f34fc0783e70b52eaa25bdef4d93b22e49b406da67c1 (debian 13.7),debian,ffmpeg,libpostproc58,7:7.1.5-0+deb13u1,CVE-2026-70630,MEDIUM,,fix_deferred,https://avd.aquasec.com/nvd/cve-2026-70630,,,UPSTREAM_FIXED_VERSION_VERIFIED,,https://security-tracker.debian.org/tracker/CVE-2026-70630,,"Reviewed upstream release threshold 7:9.0.2-1; runtime version and source hash verified. See preserved tracker feed, SHA256 d059b671f7cbb86a0341f779543f41813d93412e26c745d2c2473c49f89a81ac.",OPEN_MISSING_VENDOR_EVIDENCE,UPSTREAM_FIXED_VERSION_VERIFIED
sha256:4662cac700d64379a481f34fc0783e70b52eaa25bdef4d93b22e49b406da67c1 (debian 13.7),debian,ffmpeg,libpostproc58,7:7.1.5-0+deb13u1,CVE-2026-70631,MEDIUM,,fix_deferred,https://avd.aquasec.com/nvd/cve-2026-70631,,,UPSTREAM_FIXED_VERSION_VERIFIED,,https://security-tracker.debian.org/tracker/CVE-2026-70631,,"Reviewed upstream release threshold 7:9.0.2-1; runtime version and source hash verified. See preserved tracker feed, SHA256 d059b671f7cbb86a0341f779543f41813d93412e26c745d2c2473c49f89a81ac.",OPEN_MISSING_VENDOR_EVIDENCE,UPSTREAM_FIXED_VERSION_VERIFIED
sha256:4662cac700d64379a481f34fc0783e70b52eaa25bdef4d93b22e49b406da67c1 (debian 13.7),debian,ffmpeg,libpostproc58,7:7.1.5-0+deb13u1,CVE-2026-75141,MEDIUM,,fix_deferred,https://avd.aquasec.com/nvd/cve-2026-75141,,,UPSTREAM_FIXED_VERSION_VERIFIED,,https://security-tracker.debian.org/tracker/CVE-2026-75141,,"Reviewed upstream release threshold 7:9.0.2-1; runtime version and source hash verified. See preserved tracker feed, SHA256 d059b671f7cbb86a0341f779543f41813d93412e26c745d2c2473c49f89a81ac.",OPEN_MISSING_VENDOR_EVIDENCE,UPSTREAM_FIXED_VERSION_VERIFIED
sha256:4662cac700d64379a481f34fc0783e70b52eaa25bdef4d93b22e49b406da67c1 (debian 13.7),debian,ffmpeg,libpostproc58,7:7.1.5-0+deb13u1,CVE-2026-90816,MEDIUM,,will_not_fix,https://avd.aquasec.com/nvd/cve-2026-90816,,,UPSTREAM_FIXED_VERSION_VERIFIED,,https://security-tracker.debian.org/tracker/CVE-2026-90816,,"Reviewed upstream release threshold 7:8.1-1; runtime version and source hash verified. See preserved tracker feed, SHA256 d059b671f7cbb86a0341f779543f41813d93412e26c745d2c2473c49f89a81ac.",OPEN_MISSING_VENDOR_EVIDENCE,UPSTREAM_FIXED_VERSION_VERIFIED
sha256:4662cac700d64379a481f34fc0783e70b52eaa25bdef4d93b22e49b406da67c1 (debian 13.7),debian,ffmpeg,libpostproc58,7:7.1.5-0+deb13u1,CVE-2026-30999,LOW,,affected,https://avd.aquasec.com/nvd/cve-2026-30999,,,UPSTREAM_FIXED_VERSION_VERIFIED,,https://security-tracker.debian.org/tracker/CVE-2026-30999,,"Reviewed upstream release threshold 7:8.1.2-1; runtime version and source hash verified. See preserved tracker feed, SHA256 d059b671f7cbb86a0341f779543f41813d93412e26c745d2c2473c49f89a81ac.",OPEN_MISSING_VENDOR_EVIDENCE,UPSTREAM_FIXED_VERSION_VERIFIED
sha256:4662cac700d64379a481f34fc0783e70b52eaa25bdef4d93b22e49b406da67c1 (debian 13.7),debian,libreoffice,libreoffice-base-core,4:25.2.3-2+deb13u8,CVE-2012-5639,LOW,,affected,https://avd.aquasec.com/nvd/cve-2012-5639,4:26.2.6.3-0ubuntu0.26.04.2,,OPEN_MISSING_VENDOR_EVIDENCE,,https://raw.githubusercontent.com/canonical/ubuntu-security-notices/a3f40224dd201a816b4725891b70d22f7809225f/vex/cve/2012/CVE-2012-5639.json,,No applicable vendor statement; missing matches are not fixes.,OPEN_MISSING_VENDOR_EVIDENCE,OPEN_MISSING_VENDOR_EVIDENCE
sha256:4662cac700d64379a481f34fc0783e70b52eaa25bdef4d93b22e49b406da67c1 (debian 13.7),debian,libreoffice,libreoffice-base-core,4:25.2.3-2+deb13u8,CVE-2018-10583,LOW,,affected,https://avd.aquasec.com/nvd/cve-2018-10583,4:26.2.6.3-0ubuntu0.26.04.2,,OPEN_MISSING_VENDOR_EVIDENCE,,https://raw.githubusercontent.com/canonical/ubuntu-security-notices/a3f40224dd201a816b4725891b70d22f7809225f/vex/cve/2018/CVE-2018-10583.json,,No applicable vendor statement; missing matches are not fixes.,OPEN_MISSING_VENDOR_EVIDENCE,OPEN_MISSING_VENDOR_EVIDENCE
sha256:4662cac700d64379a481f34fc0783e70b52eaa25bdef4d93b22e49b406da67c1 (debian 13.7),debian,libreoffice,libreoffice-common,4:25.2.3-2+deb13u8,CVE-2012-5639,LOW,,affected,https://avd.aquasec.com/nvd/cve-2012-5639,4:26.2.6.3-0ubuntu0.26.04.2,,OPEN_MISSING_VENDOR_EVIDENCE,,https://raw.githubusercontent.com/canonical/ubuntu-security-notices/a3f40224dd201a816b4725891b70d22f7809225f/vex/cve/2012/CVE-2012-5639.json,,No applicable vendor statement; missing matches are not fixes.,OPEN_MISSING_VENDOR_EVIDENCE,OPEN_MISSING_VENDOR_EVIDENCE
sha256:4662cac700d64379a481f34fc0783e70b52eaa25bdef4d93b22e49b406da67c1 (debian 13.7),debian,libreoffice,libreoffice-common,4:25.2.3-2+deb13u8,CVE-2018-10583,LOW,,affected,https://avd.aquasec.com/nvd/cve-2018-10583,4:26.2.6.3-0ubuntu0.26.04.2,,OPEN_MISSING_VENDOR_EVIDENCE,,https://raw.githubusercontent.com/canonical/ubuntu-security-notices/a3f40224dd201a816b4725891b70d22f7809225f/vex/cve/2018/CVE-2018-10583.json,,No applicable vendor statement; missing matches are not fixes.,OPEN_MISSING_VENDOR_EVIDENCE,OPEN_MISSING_VENDOR_EVIDENCE
sha256:4662cac700d64379a481f34fc0783e70b52eaa25bdef4d93b22e49b406da67c1 (debian 13.7),debian,libreoffice,libreoffice-core,4:25.2.3-2+deb13u8,CVE-2012-5639,LOW,,affected,https://avd.aquasec.com/nvd/cve-2012-5639,4:26.2.6.3-0ubuntu0.26.04.2,,OPEN_MISSING_VENDOR_EVIDENCE,,https://raw.githubusercontent.com/canonical/ubuntu-security-notices/a3f40224dd201a816b4725891b70d22f7809225f/vex/cve/2012/CVE-2012-5639.json,,No applicable vendor statement; missing matches are not fixes.,OPEN_MISSING_VENDOR_EVIDENCE,OPEN_MISSING_VENDOR_EVIDENCE
sha256:4662cac700d64379a481f34fc0783e70b52eaa25bdef4d93b22e49b406da67c1 (debian 13.7),debian,libreoffice,libreoffice-core,4:25.2.3-2+deb13u8,CVE-2018-10583,LOW,,affected,https://avd.aquasec.com/nvd/cve-2018-10583,4:26.2.6.3-0ubuntu0.26.04.2,,OPEN_MISSING_VENDOR_EVIDENCE,,https://raw.githubusercontent.com/canonical/ubuntu-security-notices/a3f40224dd201a816b4725891b70d22f7809225f/vex/cve/2018/CVE-2018-10583.json,,No applicable vendor statement; missing matches are not fixes.,OPEN_MISSING_VENDOR_EVIDENCE,OPEN_MISSING_VENDOR_EVIDENCE
sha256:4662cac700d64379a481f34fc0783e70b52eaa25bdef4d93b22e49b406da67c1 (debian 13.7),debian,libreoffice,libreoffice-draw,4:25.2.3-2+deb13u8,CVE-2012-5639,LOW,,affected,https://avd.aquasec.com/nvd/cve-2012-5639,4:26.2.6.3-0ubuntu0.26.04.2,,OPEN_MISSING_VENDOR_EVIDENCE,,https://raw.githubusercontent.com/canonical/ubuntu-security-notices/a3f40224dd201a816b4725891b70d22f7809225f/vex/cve/2012/CVE-2012-5639.json,,No applicable vendor statement; missing matches are not fixes.,OPEN_MISSING_VENDOR_EVIDENCE,OPEN_MISSING_VENDOR_EVIDENCE
sha256:4662cac700d64379a481f34fc0783e70b52eaa25bdef4d93b22e49b406da67c1 (debian 13.7),debian,libreoffice,libreoffice-draw,4:25.2.3-2+deb13u8,CVE-2018-10583,LOW,,affected,https://avd.aquasec.com/nvd/cve-2018-10583,4:26.2.6.3-0ubuntu0.26.04.2,,OPEN_MISSING_VENDOR_EVIDENCE,,https://raw.githubusercontent.com/canonical/ubuntu-security-notices/a3f40224dd201a816b4725891b70d22f7809225f/vex/cve/2018/CVE-2018-10583.json,,No applicable vendor statement; missing matches are not fixes.,OPEN_MISSING_VENDOR_EVIDENCE,OPEN_MISSING_VENDOR_EVIDENCE
sha256:4662cac700d64379a481f34fc0783e70b52eaa25bdef4d93b22e49b406da67c1 (debian 13.7),debian,libreoffice,libreoffice-impress,4:25.2.3-2+deb13u8,CVE-2012-5639,LOW,,affected,https://avd.aquasec.com/nvd/cve-2012-5639,4:26.2.6.3-0ubuntu0.26.04.2,,OPEN_MISSING_VENDOR_EVIDENCE,,https://raw.githubusercontent.com/canonical/ubuntu-security-notices/a3f40224dd201a816b4725891b70d22f7809225f/vex/cve/2012/CVE-2012-5639.json,,No applicable vendor statement; missing matches are not fixes.,OPEN_MISSING_VENDOR_EVIDENCE,OPEN_MISSING_VENDOR_EVIDENCE
sha256:4662cac700d64379a481f34fc0783e70b52eaa25bdef4d93b22e49b406da67c1 (debian 13.7),debian,libreoffice,libreoffice-impress,4:25.2.3-2+deb13u8,CVE-2018-10583,LOW,,affected,https://avd.aquasec.com/nvd/cve-2018-10583,4:26.2.6.3-0ubuntu0.26.04.2,,OPEN_MISSING_VENDOR_EVIDENCE,,https://raw.githubusercontent.com/canonical/ubuntu-security-notices/a3f40224dd201a816b4725891b70d22f7809225f/vex/cve/2018/CVE-2018-10583.json,,No applicable vendor statement; missing matches are not fixes.,OPEN_MISSING_VENDOR_EVIDENCE,OPEN_MISSING_VENDOR_EVIDENCE
sha256:4662cac700d64379a481f34fc0783e70b52eaa25bdef4d93b22e49b406da67c1 (debian 13.7),debian,libreoffice,libreoffice-style-colibre,4:25.2.3-2+deb13u8,CVE-2012-5639,LOW,,affected,https://avd.aquasec.com/nvd/cve-2012-5639,4:26.2.6.3-0ubuntu0.26.04.2,,OPEN_MISSING_VENDOR_EVIDENCE,,https://raw.githubusercontent.com/canonical/ubuntu-security-notices/a3f40224dd201a816b4725891b70d22f7809225f/vex/cve/2012/CVE-2012-5639.json,,No applicable vendor statement; missing matches are not fixes.,OPEN_MISSING_VENDOR_EVIDENCE,OPEN_MISSING_VENDOR_EVIDENCE
sha256:4662cac700d64379a481f34fc0783e70b52eaa25bdef4d93b22e49b406da67c1 (debian 13.7),debian,libreoffice,libreoffice-style-colibre,4:25.2.3-2+deb13u8,CVE-2018-10583,LOW,,affected,https://avd.aquasec.com/nvd/cve-2018-10583,4:26.2.6.3-0ubuntu0.26.04.2,,OPEN_MISSING_VENDOR_EVIDENCE,,https://raw.githubusercontent.com/canonical/ubuntu-security-notices/a3f40224dd201a816b4725891b70d22f7809225f/vex/cve/2018/CVE-2018-10583.json,,No applicable vendor statement; missing matches are not fixes.,OPEN_MISSING_VENDOR_EVIDENCE,OPEN_MISSING_VENDOR_EVIDENCE
sha256:4662cac700d64379a481f34fc0783e70b52eaa25bdef4d93b22e49b406da67c1 (debian 13.7),debian,libreoffice,libreoffice-uiconfig-common,4:25.2.3-2+deb13u8,CVE-2012-5639,LOW,,affected,https://avd.aquasec.com/nvd/cve-2012-5639,4:26.2.6.3-0ubuntu0.26.04.2,,OPEN_MISSING_VENDOR_EVIDENCE,,https://raw.githubusercontent.com/canonical/ubuntu-security-notices/a3f40224dd201a816b4725891b70d22f7809225f/vex/cve/2012/CVE-2012-5639.json,,No applicable vendor statement; missing matches are not fixes.,OPEN_MISSING_VENDOR_EVIDENCE,OPEN_MISSING_VENDOR_EVIDENCE
sha256:4662cac700d64379a481f34fc0783e70b52eaa25bdef4d93b22e49b406da67c1 (debian 13.7),debian,libreoffice,libreoffice-uiconfig-common,4:25.2.3-2+deb13u8,CVE-2018-10583,LOW,,affected,https://avd.aquasec.com/nvd/cve-2018-10583,4:26.2.6.3-0ubuntu0.26.04.2,,OPEN_MISSING_VENDOR_EVIDENCE,,https://raw.githubusercontent.com/canonical/ubuntu-security-notices/a3f40224dd201a816b4725891b70d22f7809225f/vex/cve/2018/CVE-2018-10583.json,,No applicable vendor statement; missing matches are not fixes.,OPEN_MISSING_VENDOR_EVIDENCE,OPEN_MISSING_VENDOR_EVIDENCE
sha256:4662cac700d64379a481f34fc0783e70b52eaa25bdef4d93b22e49b406da67c1 (debian 13.7),debian,libreoffice,libreoffice-uiconfig-draw,4:25.2.3-2+deb13u8,CVE-2012-5639,LOW,,affected,https://avd.aquasec.com/nvd/cve-2012-5639,4:26.2.6.3-0ubuntu0.26.04.2,,OPEN_MISSING_VENDOR_EVIDENCE,,https://raw.githubusercontent.com/canonical/ubuntu-security-notices/a3f40224dd201a816b4725891b70d22f7809225f/vex/cve/2012/CVE-2012-5639.json,,No applicable vendor statement; missing matches are not fixes.,OPEN_MISSING_VENDOR_EVIDENCE,OPEN_MISSING_VENDOR_EVIDENCE
sha256:4662cac700d64379a481f34fc0783e70b52eaa25bdef4d93b22e49b406da67c1 (debian 13.7),debian,libreoffice,libreoffice-uiconfig-draw,4:25.2.3-2+deb13u8,CVE-2018-10583,LOW,,affected,https://avd.aquasec.com/nvd/cve-2018-10583,4:26.2.6.3-0ubuntu0.26.04.2,,OPEN_MISSING_VENDOR_EVIDENCE,,https://raw.githubusercontent.com/canonical/ubuntu-security-notices/a3f40224dd201a816b4725891b70d22f7809225f/vex/cve/2018/CVE-2018-10583.json,,No applicable vendor statement; missing matches are not fixes.,OPEN_MISSING_VENDOR_EVIDENCE,OPEN_MISSING_VENDOR_EVIDENCE
sha256:4662cac700d64379a481f34fc0783e70b52eaa25bdef4d93b22e49b406da67c1 (debian 13.7),debian,libreoffice,libreoffice-uiconfig-impress,4:25.2.3-2+deb13u8,CVE-2012-5639,LOW,,affected,https://avd.aquasec.com/nvd/cve-2012-5639,4:26.2.6.3-0ubuntu0.26.04.2,,OPEN_MISSING_VENDOR_EVIDENCE,,https://raw.githubusercontent.com/canonical/ubuntu-security-notices/a3f40224dd201a816b4725891b70d22f7809225f/vex/cve/2012/CVE-2012-5639.json,,No applicable vendor statement; missing matches are not fixes.,OPEN_MISSING_VENDOR_EVIDENCE,OPEN_MISSING_VENDOR_EVIDENCE
sha256:4662cac700d64379a481f34fc0783e70b52eaa25bdef4d93b22e49b406da67c1 (debian 13.7),debian,libreoffice,libreoffice-uiconfig-impress,4:25.2.3-2+deb13u8,CVE-2018-10583,LOW,,affected,https://avd.aquasec.com/nvd/cve-2018-10583,4:26.2.6.3-0ubuntu0.26.04.2,,OPEN_MISSING_VENDOR_EVIDENCE,,https://raw.githubusercontent.com/canonical/ubuntu-security-notices/a3f40224dd201a816b4725891b70d22f7809225f/vex/cve/2018/CVE-2018-10583.json,,No applicable vendor statement; missing matches are not fixes.,OPEN_MISSING_VENDOR_EVIDENCE,OPEN_MISSING_VENDOR_EVIDENCE
sha256:4662cac700d64379a481f34fc0783e70b52eaa25bdef4d93b22e49b406da67c1 (debian 13.7),debian,libreoffice,libreoffice-uiconfig-writer,4:25.2.3-2+deb13u8,CVE-2012-5639,LOW,,affected,https://avd.aquasec.com/nvd/cve-2012-5639,4:26.2.6.3-0ubuntu0.26.04.2,,OPEN_MISSING_VENDOR_EVIDENCE,,https://raw.githubusercontent.com/canonical/ubuntu-security-notices/a3f40224dd201a816b4725891b70d22f7809225f/vex/cve/2012/CVE-2012-5639.json,,No applicable vendor statement; missing matches are not fixes.,OPEN_MISSING_VENDOR_EVIDENCE,OPEN_MISSING_VENDOR_EVIDENCE
sha256:4662cac700d64379a481f34fc0783e70b52eaa25bdef4d93b22e49b406da67c1 (debian 13.7),debian,libreoffice,libreoffice-uiconfig-writer,4:25.2.3-2+deb13u8,CVE-2018-10583,LOW,,affected,https://avd.aquasec.com/nvd/cve-2018-10583,4:26.2.6.3-0ubuntu0.26.04.2,,OPEN_MISSING_VENDOR_EVIDENCE,,https://raw.githubusercontent.com/canonical/ubuntu-security-notices/a3f40224dd201a816b4725891b70d22f7809225f/vex/cve/2018/CVE-2018-10583.json,,No applicable vendor statement; missing matches are not fixes.,OPEN_MISSING_VENDOR_EVIDENCE,OPEN_MISSING_VENDOR_EVIDENCE
sha256:4662cac700d64379a481f34fc0783e70b52eaa25bdef4d93b22e49b406da67c1 (debian 13.7),debian,libreoffice,libreoffice-writer,4:25.2.3-2+deb13u8,CVE-2012-5639,LOW,,affected,https://avd.aquasec.com/nvd/cve-2012-5639,4:26.2.6.3-0ubuntu0.26.04.2,,OPEN_MISSING_VENDOR_EVIDENCE,,https://raw.githubusercontent.com/canonical/ubuntu-security-notices/a3f40224dd201a816b4725891b70d22f7809225f/vex/cve/2012/CVE-2012-5639.json,,No applicable vendor statement; missing matches are not fixes.,OPEN_MISSING_VENDOR_EVIDENCE,OPEN_MISSING_VENDOR_EVIDENCE
sha256:4662cac700d64379a481f34fc0783e70b52eaa25bdef4d93b22e49b406da67c1 (debian 13.7),debian,libreoffice,libreoffice-writer,4:25.2.3-2+deb13u8,CVE-2018-10583,LOW,,affected,https://avd.aquasec.com/nvd/cve-2018-10583,4:26.2.6.3-0ubuntu0.26.04.2,,OPEN_MISSING_VENDOR_EVIDENCE,,https://raw.githubusercontent.com/canonical/ubuntu-security-notices/a3f40224dd201a816b4725891b70d22f7809225f/vex/cve/2018/CVE-2018-10583.json,,No applicable vendor statement; missing matches are not fixes.,OPEN_MISSING_VENDOR_EVIDENCE,OPEN_MISSING_VENDOR_EVIDENCE
sha256:4662cac700d64379a481f34fc0783e70b52eaa25bdef4d93b22e49b406da67c1 (debian 13.7),debian,librsvg,librsvg2-2,2.60.0+dfsg-1,CVE-2026-96889,HIGH,,affected,https://avd.aquasec.com/nvd/cve-2026-96889,,,OPEN_SOURCE_ABSENT_BUNDLE_REVIEW,affected,https://raw.githubusercontent.com/canonical/ubuntu-security-notices/a3f40224dd201a816b4725891b70d22f7809225f/vex/cve/2026/CVE-2026-96889.json,pkg:deb/ubuntu/librsvg@2.61.3+dfsg-3?arch=source&distro=resolute,Source package absent; separately check bundled/native components.,OPEN_SOURCE_ABSENT_BUNDLE_REVIEW,OPEN_SOURCE_ABSENT_BUNDLE_REVIEW
sha256:4662cac700d64379a481f34fc0783e70b52eaa25bdef4d93b22e49b406da67c1 (debian 13.7),debian,slang2,libslang2,2.3.3-5+b2,CVE-2023-45927,LOW,,affected,https://avd.aquasec.com/nvd/cve-2023-45927,,,OPEN_SOURCE_ABSENT_BUNDLE_REVIEW,under_investigation,https://raw.githubusercontent.com/canonical/ubuntu-security-notices/a3f40224dd201a816b4725891b70d22f7809225f/vex/cve/2023/CVE-2023-45927.json,pkg:deb/ubuntu/slang2@2.3.3-5build1?arch=source&distro=resolute,Source package absent; separately check bundled/native components.,OPEN_SOURCE_ABSENT_BUNDLE_REVIEW,OPEN_SOURCE_ABSENT_BUNDLE_REVIEW
sha256:4662cac700d64379a481f34fc0783e70b52eaa25bdef4d93b22e49b406da67c1 (debian 13.7),debian,slang2,libslang2,2.3.3-5+b2,CVE-2023-45929,LOW,,affected,https://avd.aquasec.com/nvd/cve-2023-45929,,,OPEN_SOURCE_ABSENT_BUNDLE_REVIEW,under_investigation,https://raw.githubusercontent.com/canonical/ubuntu-security-notices/a3f40224dd201a816b4725891b70d22f7809225f/vex/cve/2023/CVE-2023-45929.json,pkg:deb/ubuntu/slang2@2.3.3-5build1?arch=source&distro=resolute,Source package absent; separately check bundled/native components.,OPEN_SOURCE_ABSENT_BUNDLE_REVIEW,OPEN_SOURCE_ABSENT_BUNDLE_REVIEW
sha256:4662cac700d64379a481f34fc0783e70b52eaa25bdef4d93b22e49b406da67c1 (debian 13.7),debian,util-linux,libsmartcols1,2.41.5-0+deb13u1,CVE-2026-76642,HIGH,,affected,https://avd.aquasec.com/nvd/cve-2026-76642,2.41.3-3ubuntu2.2 (other utilities); 2.42.4+lms1 (reviewed affected components),,UPSTREAM_AFFECTED_COMPONENTS_FIXED_VERIFIED,under_investigation,https://security-tracker.debian.org/tracker/CVE-2026-76642,pkg:deb/ubuntu/util-linux@2.41.3-3ubuntu2.2?arch=source&distro=resolute,"Affected mount/umount/nsenter and libmount code upgraded to upstream 2.42.4; hashes, versioned ABI exports and runtime compatibility checked. Other Ubuntu util-linux binaries retain their original versions. This closes only four reviewed advisories.",OPEN_UNDER_INVESTIGATION,OPEN_UNDER_INVESTIGATION
sha256:4662cac700d64379a481f34fc0783e70b52eaa25bdef4d93b22e49b406da67c1 (debian 13.7),debian,util-linux,libsmartcols1,2.41.5-0+deb13u1,CVE-2026-78408,HIGH,,affected,https://avd.aquasec.com/nvd/cve-2026-78408,2.41.3-3ubuntu2.2 (other utilities); 2.42.4+lms1 (reviewed affected components),,UPSTREAM_AFFECTED_COMPONENTS_FIXED_VERIFIED,under_investigation,https://security-tracker.debian.org/tracker/CVE-2026-78408,pkg:deb/ubuntu/util-linux@2.41.3-3ubuntu2.2?arch=source&distro=resolute,"Affected mount/umount/nsenter and libmount code upgraded to upstream 2.42.4; hashes, versioned ABI exports and runtime compatibility checked. Other Ubuntu util-linux binaries retain their original versions. This closes only four reviewed advisories.",OPEN_UNDER_INVESTIGATION,OPEN_UNDER_INVESTIGATION
sha256:4662cac700d64379a481f34fc0783e70b52eaa25bdef4d93b22e49b406da67c1 (debian 13.7),debian,util-linux,libsmartcols1,2.41.5-0+deb13u1,CVE-2026-78409,HIGH,,affected,https://avd.aquasec.com/nvd/cve-2026-78409,2.41.3-3ubuntu2.2 (other utilities); 2.42.4+lms1 (reviewed affected components),,UPSTREAM_AFFECTED_COMPONENTS_FIXED_VERIFIED,under_investigation,https://security-tracker.debian.org/tracker/CVE-2026-78409,pkg:deb/ubuntu/util-linux@2.41.3-3ubuntu2.2?arch=source&distro=resolute,"Affected mount/umount/nsenter and libmount code upgraded to upstream 2.42.4; hashes, versioned ABI exports and runtime compatibility checked. Other Ubuntu util-linux binaries retain their original versions. This closes only four reviewed advisories.",OPEN_UNDER_INVESTIGATION,OPEN_UNDER_INVESTIGATION
sha256:4662cac700d64379a481f34fc0783e70b52eaa25bdef4d93b22e49b406da67c1 (debian 13.7),debian,util-linux,libsmartcols1,2.41.5-0+deb13u1,CVE-2026-78410,HIGH,,affected,https://avd.aquasec.com/nvd/cve-2026-78410,2.41.3-3ubuntu2.2 (other utilities); 2.42.4+lms1 (reviewed affected components),,UPSTREAM_AFFECTED_COMPONENTS_FIXED_VERIFIED,under_investigation,https://security-tracker.debian.org/tracker/CVE-2026-78410,pkg:deb/ubuntu/util-linux@2.41.3-3ubuntu2.2?arch=source&distro=resolute,"Affected mount/umount/nsenter and libmount code upgraded to upstream 2.42.4; hashes, versioned ABI exports and runtime compatibility checked. Other Ubuntu util-linux binaries retain their original versions. This closes only four reviewed advisories.",OPEN_UNDER_INVESTIGATION,OPEN_UNDER_INVESTIGATION
sha256:4662cac700d64379a481f34fc0783e70b52eaa25bdef4d93b22e49b406da67c1 (debian 13.7),debian,util-linux,libsmartcols1,2.41.5-0+deb13u1,CVE-2026-3184,MEDIUM,,affected,https://avd.aquasec.com/nvd/cve-2026-3184,2.41.3-3ubuntu2.2,,VENDOR_FIXED_VERSION_CONFIRMED,fixed,https://raw.githubusercontent.com/canonical/ubuntu-security-notices/a3f40224dd201a816b4725891b70d22f7809225f/vex/cve/2026/CVE-2026-3184.json,pkg:deb/ubuntu/util-linux@2.41.3-3ubuntu2.2?arch=source&distro=resolute,"This package (for the given release) was vulnerable, but an update has been uploaded and published.",VENDOR_FIXED_VERSION_CONFIRMED,VENDOR_FIXED_VERSION_CONFIRMED
sha256:4662cac700d64379a481f34fc0783e70b52eaa25bdef4d93b22e49b406da67c1 (debian 13.7),debian,util-linux,libsmartcols1,2.41.5-0+deb13u1,CVE-2022-0563,LOW,,affected,https://avd.aquasec.com/nvd/cve-2022-0563,2.41.3-3ubuntu2.2,,OPEN_MISSING_VENDOR_EVIDENCE,,https://raw.githubusercontent.com/canonical/ubuntu-security-notices/a3f40224dd201a816b4725891b70d22f7809225f/vex/cve/2022/CVE-2022-0563.json,,No applicable vendor statement; missing matches are not fixes.,OPEN_MISSING_VENDOR_EVIDENCE,OPEN_MISSING_VENDOR_EVIDENCE
sha256:4662cac700d64379a481f34fc0783e70b52eaa25bdef4d93b22e49b406da67c1 (debian 13.7),debian,libsndfile,libsndfile1,1.2.2-2+deb13u1,CVE-2026-37555,HIGH,,affected,https://avd.aquasec.com/nvd/cve-2026-37555,,,OPEN_SOURCE_ABSENT_BUNDLE_REVIEW,affected,https://raw.githubusercontent.com/canonical/ubuntu-security-notices/a3f40224dd201a816b4725891b70d22f7809225f/vex/cve/2026/CVE-2026-37555.json,pkg:deb/ubuntu/libsndfile@1.2.2-4?arch=source&distro=resolute,Source package absent; separately check bundled/native components.,OPEN_SOURCE_ABSENT_BUNDLE_REVIEW,OPEN_SOURCE_ABSENT_BUNDLE_REVIEW
sha256:4662cac700d64379a481f34fc0783e70b52eaa25bdef4d93b22e49b406da67c1 (debian 13.7),debian,libsndfile,libsndfile1,1.2.2-2+deb13u1,CVE-2024-50613,MEDIUM,,fix_deferred,https://avd.aquasec.com/nvd/cve-2024-50613,,,OPEN_SOURCE_ABSENT_BUNDLE_REVIEW,under_investigation,https://raw.githubusercontent.com/canonical/ubuntu-security-notices/a3f40224dd201a816b4725891b70d22f7809225f/vex/cve/2024/CVE-2024-50613.json,pkg:deb/ubuntu/libsndfile@1.2.2-4?arch=source&distro=resolute,Source package absent; separately check bundled/native components.,OPEN_SOURCE_ABSENT_BUNDLE_REVIEW,OPEN_SOURCE_ABSENT_BUNDLE_REVIEW
sha256:4662cac700d64379a481f34fc0783e70b52eaa25bdef4d93b22e49b406da67c1 (debian 13.7),debian,libsndfile,libsndfile1,1.2.2-2+deb13u1,CVE-2026-88372,MEDIUM,,fix_deferred,https://avd.aquasec.com/nvd/cve-2026-88372,,,OPEN_SOURCE_ABSENT_BUNDLE_REVIEW,under_investigation,https://raw.githubusercontent.com/canonical/ubuntu-security-notices/a3f40224dd201a816b4725891b70d22f7809225f/vex/cve/2026/CVE-2026-88372.json,pkg:deb/ubuntu/libsndfile@1.2.2-4?arch=source&distro=resolute,Source package absent; separately check bundled/native components.,OPEN_SOURCE_ABSENT_BUNDLE_REVIEW,OPEN_SOURCE_ABSENT_BUNDLE_REVIEW
sha256:4662cac700d64379a481f34fc0783e70b52eaa25bdef4d93b22e49b406da67c1 (debian 13.7),debian,libsndfile,libsndfile1,1.2.2-2+deb13u1,CVE-2026-88386,MEDIUM,,affected,https://avd.aquasec.com/nvd/cve-2026-88386,,,OPEN_SOURCE_ABSENT_BUNDLE_REVIEW,under_investigation,https://raw.githubusercontent.com/canonical/ubuntu-security-notices/a3f40224dd201a816b4725891b70d22f7809225f/vex/cve/2026/CVE-2026-88386.json,pkg:deb/ubuntu/libsndfile@1.2.2-4?arch=source&distro=resolute,Source package absent; separately check bundled/native components.,OPEN_SOURCE_ABSENT_BUNDLE_REVIEW,OPEN_SOURCE_ABSENT_BUNDLE_REVIEW
sha256:4662cac700d64379a481f34fc0783e70b52eaa25bdef4d93b22e49b406da67c1 (debian 13.7),debian,sqlite3,libsqlite3-0,3.46.1-7+deb13u2,CVE-2026-50812,MEDIUM,,affected,https://avd.aquasec.com/nvd/cve-2026-50812,3.46.1-9ubuntu0.3,,VENDOR_FIXED_VERSION_CONFIRMED,fixed,https://raw.githubusercontent.com/canonical/ubuntu-security-notices/a3f40224dd201a816b4725891b70d22f7809225f/vex/cve/2026/CVE-2026-50812.json,pkg:deb/ubuntu/sqlite3@3.46.1-9ubuntu0.3?arch=source&distro=resolute,"This package (for the given release) was vulnerable, but an update has been uploaded and published.",VENDOR_FIXED_VERSION_CONFIRMED,VENDOR_FIXED_VERSION_CONFIRMED
sha256:4662cac700d64379a481f34fc0783e70b52eaa25bdef4d93b22e49b406da67c1 (debian 13.7),debian,sqlite3,libsqlite3-0,3.46.1-7+deb13u2,CVE-2026-50813,MEDIUM,,affected,https://avd.aquasec.com/nvd/cve-2026-50813,3.46.1-9ubuntu0.3,,VENDOR_FIXED_VERSION_CONFIRMED,fixed,https://raw.githubusercontent.com/canonical/ubuntu-security-notices/a3f40224dd201a816b4725891b70d22f7809225f/vex/cve/2026/CVE-2026-50813.json,pkg:deb/ubuntu/sqlite3@3.46.1-9ubuntu0.3?arch=source&distro=resolute,"This package (for the given release) was vulnerable, but an update has been uploaded and published.",VENDOR_FIXED_VERSION_CONFIRMED,VENDOR_FIXED_VERSION_CONFIRMED
sha256:4662cac700d64379a481f34fc0783e70b52eaa25bdef4d93b22e49b406da67c1 (debian 13.7),debian,sqlite3,libsqlite3-0,3.46.1-7+deb13u2,CVE-2021-45346,LOW,,affected,https://avd.aquasec.com/nvd/cve-2021-45346,3.46.1-9ubuntu0.3,,OPEN_MISSING_VENDOR_EVIDENCE,,https://raw.githubusercontent.com/canonical/ubuntu-security-notices/a3f40224dd201a816b4725891b70d22f7809225f/vex/cve/2021/CVE-2021-45346.json,,No applicable vendor statement; missing matches are not fixes.,OPEN_MISSING_VENDOR_EVIDENCE,OPEN_MISSING_VENDOR_EVIDENCE
sha256:4662cac700d64379a481f34fc0783e70b52eaa25bdef4d93b22e49b406da67c1 (debian 13.7),debian,sqlite3,libsqlite3-0,3.46.1-7+deb13u2,CVE-2025-70873,LOW,,affected,https://avd.aquasec.com/nvd/cve-2025-70873,3.46.1-9ubuntu0.3,,OPEN_MISSING_VENDOR_EVIDENCE,,https://raw.githubusercontent.com/canonical/ubuntu-security-notices/a3f40224dd201a816b4725891b70d22f7809225f/vex/cve/2025/CVE-2025-70873.json,,No applicable vendor statement; missing matches are not fixes.,OPEN_MISSING_VENDOR_EVIDENCE,OPEN_MISSING_VENDOR_EVIDENCE
sha256:4662cac700d64379a481f34fc0783e70b52eaa25bdef4d93b22e49b406da67c1 (debian 13.7),debian,gcc-14,libstdc++6,14.2.0-19,CVE-2026-102010,MEDIUM,,affected,https://avd.aquasec.com/nvd/cve-2026-102010,,,OPEN_MISSING_VENDOR_EVIDENCE,,https://raw.githubusercontent.com/canonical/ubuntu-security-notices/a3f40224dd201a816b4725891b70d22f7809225f/vex/cve/2026/CVE-2026-102010.json,,No applicable vendor statement; missing matches are not fixes.,OPEN_MISSING_VENDOR_EVIDENCE,OPEN_MISSING_VENDOR_EVIDENCE
sha256:4662cac700d64379a481f34fc0783e70b52eaa25bdef4d93b22e49b406da67c1 (debian 13.7),debian,gcc-14,libstdc++6,14.2.0-19,CVE-2026-95619,MEDIUM,,affected,https://avd.aquasec.com/nvd/cve-2026-95619,,,OPEN_MISSING_VENDOR_EVIDENCE,,https://raw.githubusercontent.com/canonical/ubuntu-security-notices/a3f40224dd201a816b4725891b70d22f7809225f/vex/cve/2026/CVE-2026-95619.json,,No applicable vendor statement; missing matches are not fixes.,OPEN_MISSING_VENDOR_EVIDENCE,OPEN_MISSING_VENDOR_EVIDENCE
sha256:4662cac700d64379a481f34fc0783e70b52eaa25bdef4d93b22e49b406da67c1 (debian 13.7),debian,ffmpeg,libswresample5,7:7.1.5-0+deb13u1,CVE-2026-58049,HIGH,,fix_deferred,https://avd.aquasec.com/nvd/cve-2026-58049,,,UPSTREAM_FIXED_VERSION_VERIFIED,,https://security-tracker.debian.org/tracker/CVE-2026-58049,,"Reviewed upstream release threshold 7:9.0.2-1; runtime version and source hash verified. See preserved tracker feed, SHA256 d059b671f7cbb86a0341f779543f41813d93412e26c745d2c2473c49f89a81ac.",OPEN_MISSING_VENDOR_EVIDENCE,UPSTREAM_FIXED_VERSION_VERIFIED
sha256:4662cac700d64379a481f34fc0783e70b52eaa25bdef4d93b22e49b406da67c1 (debian 13.7),debian,ffmpeg,libswresample5,7:7.1.5-0+deb13u1,CVE-2026-64830,HIGH,,fix_deferred,https://avd.aquasec.com/nvd/cve-2026-64830,,,UPSTREAM_FIXED_VERSION_VERIFIED,,https://security-tracker.debian.org/tracker/CVE-2026-64830,,"Reviewed upstream release threshold 7:9.0.2-1; runtime version and source hash verified. See preserved tracker feed, SHA256 d059b671f7cbb86a0341f779543f41813d93412e26c745d2c2473c49f89a81ac.",OPEN_MISSING_VENDOR_EVIDENCE,UPSTREAM_FIXED_VERSION_VERIFIED
sha256:4662cac700d64379a481f34fc0783e70b52eaa25bdef4d93b22e49b406da67c1 (debian 13.7),debian,ffmpeg,libswresample5,7:7.1.5-0+deb13u1,CVE-2026-64832,HIGH,,fix_deferred,https://avd.aquasec.com/nvd/cve-2026-64832,,,UPSTREAM_FIXED_VERSION_VERIFIED,,https://security-tracker.debian.org/tracker/CVE-2026-64832,,"Reviewed upstream release threshold 7:9.0.2-1; runtime version and source hash verified. See preserved tracker feed, SHA256 d059b671f7cbb86a0341f779543f41813d93412e26c745d2c2473c49f89a81ac.",OPEN_MISSING_VENDOR_EVIDENCE,UPSTREAM_FIXED_VERSION_VERIFIED
sha256:4662cac700d64379a481f34fc0783e70b52eaa25bdef4d93b22e49b406da67c1 (debian 13.7),debian,ffmpeg,libswresample5,7:7.1.5-0+deb13u1,CVE-2026-64833,HIGH,,fix_deferred,https://avd.aquasec.com/nvd/cve-2026-64833,,,UPSTREAM_FIXED_VERSION_VERIFIED,,https://security-tracker.debian.org/tracker/CVE-2026-64833,,"Reviewed upstream release threshold 7:9.0.2-1; runtime version and source hash verified. See preserved tracker feed, SHA256 d059b671f7cbb86a0341f779543f41813d93412e26c745d2c2473c49f89a81ac.",OPEN_MISSING_VENDOR_EVIDENCE,UPSTREAM_FIXED_VERSION_VERIFIED
sha256:4662cac700d64379a481f34fc0783e70b52eaa25bdef4d93b22e49b406da67c1 (debian 13.7),debian,ffmpeg,libswresample5,7:7.1.5-0+deb13u1,CVE-2026-64834,HIGH,,fix_deferred,https://avd.aquasec.com/nvd/cve-2026-64834,,,UPSTREAM_FIXED_VERSION_VERIFIED,,https://security-tracker.debian.org/tracker/CVE-2026-64834,,"Reviewed upstream release threshold 7:9.0.2-1; runtime version and source hash verified. See preserved tracker feed, SHA256 d059b671f7cbb86a0341f779543f41813d93412e26c745d2c2473c49f89a81ac.",OPEN_MISSING_VENDOR_EVIDENCE,UPSTREAM_FIXED_VERSION_VERIFIED
sha256:4662cac700d64379a481f34fc0783e70b52eaa25bdef4d93b22e49b406da67c1 (debian 13.7),debian,ffmpeg,libswresample5,7:7.1.5-0+deb13u1,CVE-2026-64835,HIGH,,fix_deferred,https://avd.aquasec.com/nvd/cve-2026-64835,,,UPSTREAM_FIXED_VERSION_VERIFIED,,https://security-tracker.debian.org/tracker/CVE-2026-64835,,"Reviewed upstream release threshold 7:9.0.2-1; runtime version and source hash verified. See preserved tracker feed, SHA256 d059b671f7cbb86a0341f779543f41813d93412e26c745d2c2473c49f89a81ac.",OPEN_MISSING_VENDOR_EVIDENCE,UPSTREAM_FIXED_VERSION_VERIFIED
sha256:4662cac700d64379a481f34fc0783e70b52eaa25bdef4d93b22e49b406da67c1 (debian 13.7),debian,ffmpeg,libswresample5,7:7.1.5-0+deb13u1,CVE-2026-66036,HIGH,,fix_deferred,https://avd.aquasec.com/nvd/cve-2026-66036,,,UPSTREAM_FIXED_VERSION_VERIFIED,,https://security-tracker.debian.org/tracker/CVE-2026-66036,,"Reviewed upstream release threshold 7:9.0.2-1; runtime version and source hash verified. See preserved tracker feed, SHA256 d059b671f7cbb86a0341f779543f41813d93412e26c745d2c2473c49f89a81ac.",OPEN_MISSING_VENDOR_EVIDENCE,UPSTREAM_FIXED_VERSION_VERIFIED
sha256:4662cac700d64379a481f34fc0783e70b52eaa25bdef4d93b22e49b406da67c1 (debian 13.7),debian,ffmpeg,libswresample5,7:7.1.5-0+deb13u1,CVE-2026-66039,HIGH,,fix_deferred,https://avd.aquasec.com/nvd/cve-2026-66039,,,UPSTREAM_FIXED_VERSION_VERIFIED,,https://security-tracker.debian.org/tracker/CVE-2026-66039,,"Reviewed upstream release threshold 7:9.0.2-1; runtime version and source hash verified. See preserved tracker feed, SHA256 d059b671f7cbb86a0341f779543f41813d93412e26c745d2c2473c49f89a81ac.",OPEN_MISSING_VENDOR_EVIDENCE,UPSTREAM_FIXED_VERSION_VERIFIED
sha256:4662cac700d64379a481f34fc0783e70b52eaa25bdef4d93b22e49b406da67c1 (debian 13.7),debian,ffmpeg,libswresample5,7:7.1.5-0+deb13u1,CVE-2026-66040,HIGH,,fix_deferred,https://avd.aquasec.com/nvd/cve-2026-66040,,,UPSTREAM_FIXED_VERSION_VERIFIED,,https://security-tracker.debian.org/tracker/CVE-2026-66040,,"Reviewed upstream release threshold 7:9.0.2-1; runtime version and source hash verified. See preserved tracker feed, SHA256 d059b671f7cbb86a0341f779543f41813d93412e26c745d2c2473c49f89a81ac.",OPEN_MISSING_VENDOR_EVIDENCE,UPSTREAM_FIXED_VERSION_VERIFIED
sha256:4662cac700d64379a481f34fc0783e70b52eaa25bdef4d93b22e49b406da67c1 (debian 13.7),debian,ffmpeg,libswresample5,7:7.1.5-0+deb13u1,CVE-2026-66041,HIGH,,fix_deferred,https://avd.aquasec.com/nvd/cve-2026-66041,,,UPSTREAM_FIXED_VERSION_VERIFIED,,https://security-tracker.debian.org/tracker/CVE-2026-66041,,"Reviewed upstream release threshold 7:9.0.2-1; runtime version and source hash verified. See preserved tracker feed, SHA256 d059b671f7cbb86a0341f779543f41813d93412e26c745d2c2473c49f89a81ac.",OPEN_MISSING_VENDOR_EVIDENCE,UPSTREAM_FIXED_VERSION_VERIFIED
sha256:4662cac700d64379a481f34fc0783e70b52eaa25bdef4d93b22e49b406da67c1 (debian 13.7),debian,ffmpeg,libswresample5,7:7.1.5-0+deb13u1,CVE-2026-70628,HIGH,,fix_deferred,https://avd.aquasec.com/nvd/cve-2026-70628,,,UPSTREAM_FIXED_VERSION_VERIFIED,,https://security-tracker.debian.org/tracker/CVE-2026-70628,,"Reviewed upstream release threshold 7:9.0.2-1; runtime version and source hash verified. See preserved tracker feed, SHA256 d059b671f7cbb86a0341f779543f41813d93412e26c745d2c2473c49f89a81ac.",OPEN_MISSING_VENDOR_EVIDENCE,UPSTREAM_FIXED_VERSION_VERIFIED
sha256:4662cac700d64379a481f34fc0783e70b52eaa25bdef4d93b22e49b406da67c1 (debian 13.7),debian,ffmpeg,libswresample5,7:7.1.5-0+deb13u1,CVE-2026-70632,HIGH,,fix_deferred,https://avd.aquasec.com/nvd/cve-2026-70632,,,UPSTREAM_FIXED_VERSION_VERIFIED,,https://security-tracker.debian.org/tracker/CVE-2026-70632,,"Reviewed upstream release threshold 7:9.0.2-1; runtime version and source hash verified. See preserved tracker feed, SHA256 d059b671f7cbb86a0341f779543f41813d93412e26c745d2c2473c49f89a81ac.",OPEN_MISSING_VENDOR_EVIDENCE,UPSTREAM_FIXED_VERSION_VERIFIED
sha256:4662cac700d64379a481f34fc0783e70b52eaa25bdef4d93b22e49b406da67c1 (debian 13.7),debian,ffmpeg,libswresample5,7:7.1.5-0+deb13u1,CVE-2026-75142,HIGH,,fix_deferred,https://avd.aquasec.com/nvd/cve-2026-75142,,,UPSTREAM_FIXED_VERSION_VERIFIED,,https://security-tracker.debian.org/tracker/CVE-2026-75142,,"Reviewed upstream release threshold 7:9.0.2-1; runtime version and source hash verified. See preserved tracker feed, SHA256 d059b671f7cbb86a0341f779543f41813d93412e26c745d2c2473c49f89a81ac.",OPEN_MISSING_VENDOR_EVIDENCE,UPSTREAM_FIXED_VERSION_VERIFIED
sha256:4662cac700d64379a481f34fc0783e70b52eaa25bdef4d93b22e49b406da67c1 (debian 13.7),debian,ffmpeg,libswresample5,7:7.1.5-0+deb13u1,CVE-2026-75143,HIGH,,fix_deferred,https://avd.aquasec.com/nvd/cve-2026-75143,,,UPSTREAM_FIXED_VERSION_VERIFIED,,https://security-tracker.debian.org/tracker/CVE-2026-75143,,"Reviewed upstream release threshold 7:9.0.2-1; runtime version and source hash verified. See preserved tracker feed, SHA256 d059b671f7cbb86a0341f779543f41813d93412e26c745d2c2473c49f89a81ac.",OPEN_MISSING_VENDOR_EVIDENCE,UPSTREAM_FIXED_VERSION_VERIFIED
sha256:4662cac700d64379a481f34fc0783e70b52eaa25bdef4d93b22e49b406da67c1 (debian 13.7),debian,ffmpeg,libswresample5,7:7.1.5-0+deb13u1,CVE-2026-75144,HIGH,,fix_deferred,https://avd.aquasec.com/nvd/cve-2026-75144,,,UPSTREAM_FIXED_VERSION_VERIFIED,,https://security-tracker.debian.org/tracker/CVE-2026-75144,,"Reviewed upstream release threshold 7:9.0.2-1; runtime version and source hash verified. See preserved tracker feed, SHA256 d059b671f7cbb86a0341f779543f41813d93412e26c745d2c2473c49f89a81ac.",OPEN_MISSING_VENDOR_EVIDENCE,UPSTREAM_FIXED_VERSION_VERIFIED
sha256:4662cac700d64379a481f34fc0783e70b52eaa25bdef4d93b22e49b406da67c1 (debian 13.7),debian,ffmpeg,libswresample5,7:7.1.5-0+deb13u1,CVE-2026-75146,HIGH,,fix_deferred,https://avd.aquasec.com/nvd/cve-2026-75146,,,UPSTREAM_FIXED_VERSION_VERIFIED,,https://security-tracker.debian.org/tracker/CVE-2026-75146,,"Reviewed upstream release threshold 7:9.0.2-1; runtime version and source hash verified. See preserved tracker feed, SHA256 d059b671f7cbb86a0341f779543f41813d93412e26c745d2c2473c49f89a81ac.",OPEN_MISSING_VENDOR_EVIDENCE,UPSTREAM_FIXED_VERSION_VERIFIED
sha256:4662cac700d64379a481f34fc0783e70b52eaa25bdef4d93b22e49b406da67c1 (debian 13.7),debian,ffmpeg,libswresample5,7:7.1.5-0+deb13u1,CVE-2026-18393,MEDIUM,,fix_deferred,https://avd.aquasec.com/nvd/cve-2026-18393,,,UPSTREAM_FIXED_VERSION_VERIFIED,,https://security-tracker.debian.org/tracker/CVE-2026-18393,,"Reviewed upstream release threshold 7:8.1.1-1; runtime version and source hash verified. See preserved tracker feed, SHA256 d059b671f7cbb86a0341f779543f41813d93412e26c745d2c2473c49f89a81ac.",OPEN_MISSING_VENDOR_EVIDENCE,UPSTREAM_FIXED_VERSION_VERIFIED
sha256:4662cac700d64379a481f34fc0783e70b52eaa25bdef4d93b22e49b406da67c1 (debian 13.7),debian,ffmpeg,libswresample5,7:7.1.5-0+deb13u1,CVE-2026-38350,MEDIUM,,fix_deferred,https://avd.aquasec.com/nvd/cve-2026-38350,,,UPSTREAM_FIXED_VERSION_VERIFIED,,https://security-tracker.debian.org/tracker/CVE-2026-38350,,"Reviewed upstream release threshold 7:8.0.1-2; runtime version and source hash verified. See preserved tracker feed, SHA256 d059b671f7cbb86a0341f779543f41813d93412e26c745d2c2473c49f89a81ac.",OPEN_MISSING_VENDOR_EVIDENCE,UPSTREAM_FIXED_VERSION_VERIFIED
sha256:4662cac700d64379a481f34fc0783e70b52eaa25bdef4d93b22e49b406da67c1 (debian 13.7),debian,ffmpeg,libswresample5,7:7.1.5-0+deb13u1,CVE-2026-6385,MEDIUM,,fix_deferred,https://avd.aquasec.com/nvd/cve-2026-6385,,,VULNERABLE_CODE_EXCLUDED_VERIFIED,,https://security-tracker.debian.org/tracker/CVE-2026-6385,,DVD subtitle decoder/parser and MPEG-PS demuxer disabled; installed configuration and decoder list verified. Not an upstream version fix.,OPEN_MISSING_VENDOR_EVIDENCE,VULNERABLE_CODE_EXCLUDED_VERIFIED
sha256:4662cac700d64379a481f34fc0783e70b52eaa25bdef4d93b22e49b406da67c1 (debian 13.7),debian,ffmpeg,libswresample5,7:7.1.5-0+deb13u1,CVE-2026-65703,MEDIUM,,fix_deferred,https://avd.aquasec.com/nvd/cve-2026-65703,,,UPSTREAM_FIXED_VERSION_VERIFIED,,https://security-tracker.debian.org/tracker/CVE-2026-65703,,"Reviewed upstream release threshold 7:9.0.2-1; runtime version and source hash verified. See preserved tracker feed, SHA256 d059b671f7cbb86a0341f779543f41813d93412e26c745d2c2473c49f89a81ac.",OPEN_MISSING_VENDOR_EVIDENCE,UPSTREAM_FIXED_VERSION_VERIFIED
sha256:4662cac700d64379a481f34fc0783e70b52eaa25bdef4d93b22e49b406da67c1 (debian 13.7),debian,ffmpeg,libswresample5,7:7.1.5-0+deb13u1,CVE-2026-65704,MEDIUM,,fix_deferred,https://avd.aquasec.com/nvd/cve-2026-65704,,,UPSTREAM_FIXED_VERSION_VERIFIED,,https://security-tracker.debian.org/tracker/CVE-2026-65704,,"Reviewed upstream release threshold 7:9.0.2-1; runtime version and source hash verified. See preserved tracker feed, SHA256 d059b671f7cbb86a0341f779543f41813d93412e26c745d2c2473c49f89a81ac.",OPEN_MISSING_VENDOR_EVIDENCE,UPSTREAM_FIXED_VERSION_VERIFIED
sha256:4662cac700d64379a481f34fc0783e70b52eaa25bdef4d93b22e49b406da67c1 (debian 13.7),debian,ffmpeg,libswresample5,7:7.1.5-0+deb13u1,CVE-2026-65705,MEDIUM,,fix_deferred,https://avd.aquasec.com/nvd/cve-2026-65705,,,UPSTREAM_FIXED_VERSION_VERIFIED,,https://security-tracker.debian.org/tracker/CVE-2026-65705,,"Reviewed upstream release threshold 7:9.0.2-1; runtime version and source hash verified. See preserved tracker feed, SHA256 d059b671f7cbb86a0341f779543f41813d93412e26c745d2c2473c49f89a81ac.",OPEN_MISSING_VENDOR_EVIDENCE,UPSTREAM_FIXED_VERSION_VERIFIED
sha256:4662cac700d64379a481f34fc0783e70b52eaa25bdef4d93b22e49b406da67c1 (debian 13.7),debian,ffmpeg,libswresample5,7:7.1.5-0+deb13u1,CVE-2026-65706,MEDIUM,,fix_deferred,https://avd.aquasec.com/nvd/cve-2026-65706,,,UPSTREAM_FIXED_VERSION_VERIFIED,,https://security-tracker.debian.org/tracker/CVE-2026-65706,,"Reviewed upstream release threshold 7:9.0.2-1; runtime version and source hash verified. See preserved tracker feed, SHA256 d059b671f7cbb86a0341f779543f41813d93412e26c745d2c2473c49f89a81ac.",OPEN_MISSING_VENDOR_EVIDENCE,UPSTREAM_FIXED_VERSION_VERIFIED
sha256:4662cac700d64379a481f34fc0783e70b52eaa25bdef4d93b22e49b406da67c1 (debian 13.7),debian,ffmpeg,libswresample5,7:7.1.5-0+deb13u1,CVE-2026-66037,MEDIUM,,fix_deferred,https://avd.aquasec.com/nvd/cve-2026-66037,,,UPSTREAM_FIXED_VERSION_VERIFIED,,https://security-tracker.debian.org/tracker/CVE-2026-66037,,"Reviewed upstream release threshold 7:9.0.2-1; runtime version and source hash verified. See preserved tracker feed, SHA256 d059b671f7cbb86a0341f779543f41813d93412e26c745d2c2473c49f89a81ac.",OPEN_MISSING_VENDOR_EVIDENCE,UPSTREAM_FIXED_VERSION_VERIFIED
sha256:4662cac700d64379a481f34fc0783e70b52eaa25bdef4d93b22e49b406da67c1 (debian 13.7),debian,ffmpeg,libswresample5,7:7.1.5-0+deb13u1,CVE-2026-66038,MEDIUM,,fix_deferred,https://avd.aquasec.com/nvd/cve-2026-66038,,,UPSTREAM_FIXED_VERSION_VERIFIED,,https://security-tracker.debian.org/tracker/CVE-2026-66038,,"Reviewed upstream release threshold 7:9.0.2-1; runtime version and source hash verified. See preserved tracker feed, SHA256 d059b671f7cbb86a0341f779543f41813d93412e26c745d2c2473c49f89a81ac.",OPEN_MISSING_VENDOR_EVIDENCE,UPSTREAM_FIXED_VERSION_VERIFIED
sha256:4662cac700d64379a481f34fc0783e70b52eaa25bdef4d93b22e49b406da67c1 (debian 13.7),debian,ffmpeg,libswresample5,7:7.1.5-0+deb13u1,CVE-2026-70629,MEDIUM,,fix_deferred,https://avd.aquasec.com/nvd/cve-2026-70629,,,UPSTREAM_FIXED_VERSION_VERIFIED,,https://security-tracker.debian.org/tracker/CVE-2026-70629,,"Reviewed upstream release threshold 7:9.0.2-1; runtime version and source hash verified. See preserved tracker feed, SHA256 d059b671f7cbb86a0341f779543f41813d93412e26c745d2c2473c49f89a81ac.",OPEN_MISSING_VENDOR_EVIDENCE,UPSTREAM_FIXED_VERSION_VERIFIED
sha256:4662cac700d64379a481f34fc0783e70b52eaa25bdef4d93b22e49b406da67c1 (debian 13.7),debian,ffmpeg,libswresample5,7:7.1.5-0+deb13u1,CVE-2026-70630,MEDIUM,,fix_deferred,https://avd.aquasec.com/nvd/cve-2026-70630,,,UPSTREAM_FIXED_VERSION_VERIFIED,,https://security-tracker.debian.org/tracker/CVE-2026-70630,,"Reviewed upstream release threshold 7:9.0.2-1; runtime version and source hash verified. See preserved tracker feed, SHA256 d059b671f7cbb86a0341f779543f41813d93412e26c745d2c2473c49f89a81ac.",OPEN_MISSING_VENDOR_EVIDENCE,UPSTREAM_FIXED_VERSION_VERIFIED
sha256:4662cac700d64379a481f34fc0783e70b52eaa25bdef4d93b22e49b406da67c1 (debian 13.7),debian,ffmpeg,libswresample5,7:7.1.5-0+deb13u1,CVE-2026-70631,MEDIUM,,fix_deferred,https://avd.aquasec.com/nvd/cve-2026-70631,,,UPSTREAM_FIXED_VERSION_VERIFIED,,https://security-tracker.debian.org/tracker/CVE-2026-70631,,"Reviewed upstream release threshold 7:9.0.2-1; runtime version and source hash verified. See preserved tracker feed, SHA256 d059b671f7cbb86a0341f779543f41813d93412e26c745d2c2473c49f89a81ac.",OPEN_MISSING_VENDOR_EVIDENCE,UPSTREAM_FIXED_VERSION_VERIFIED
sha256:4662cac700d64379a481f34fc0783e70b52eaa25bdef4d93b22e49b406da67c1 (debian 13.7),debian,ffmpeg,libswresample5,7:7.1.5-0+deb13u1,CVE-2026-75141,MEDIUM,,fix_deferred,https://avd.aquasec.com/nvd/cve-2026-75141,,,UPSTREAM_FIXED_VERSION_VERIFIED,,https://security-tracker.debian.org/tracker/CVE-2026-75141,,"Reviewed upstream release threshold 7:9.0.2-1; runtime version and source hash verified. See preserved tracker feed, SHA256 d059b671f7cbb86a0341f779543f41813d93412e26c745d2c2473c49f89a81ac.",OPEN_MISSING_VENDOR_EVIDENCE,UPSTREAM_FIXED_VERSION_VERIFIED
sha256:4662cac700d64379a481f34fc0783e70b52eaa25bdef4d93b22e49b406da67c1 (debian 13.7),debian,ffmpeg,libswresample5,7:7.1.5-0+deb13u1,CVE-2026-90816,MEDIUM,,will_not_fix,https://avd.aquasec.com/nvd/cve-2026-90816,,,UPSTREAM_FIXED_VERSION_VERIFIED,,https://security-tracker.debian.org/tracker/CVE-2026-90816,,"Reviewed upstream release threshold 7:8.1-1; runtime version and source hash verified. See preserved tracker feed, SHA256 d059b671f7cbb86a0341f779543f41813d93412e26c745d2c2473c49f89a81ac.",OPEN_MISSING_VENDOR_EVIDENCE,UPSTREAM_FIXED_VERSION_VERIFIED
sha256:4662cac700d64379a481f34fc0783e70b52eaa25bdef4d93b22e49b406da67c1 (debian 13.7),debian,ffmpeg,libswresample5,7:7.1.5-0+deb13u1,CVE-2026-30999,LOW,,affected,https://avd.aquasec.com/nvd/cve-2026-30999,,,UPSTREAM_FIXED_VERSION_VERIFIED,,https://security-tracker.debian.org/tracker/CVE-2026-30999,,"Reviewed upstream release threshold 7:8.1.2-1; runtime version and source hash verified. See preserved tracker feed, SHA256 d059b671f7cbb86a0341f779543f41813d93412e26c745d2c2473c49f89a81ac.",OPEN_MISSING_VENDOR_EVIDENCE,UPSTREAM_FIXED_VERSION_VERIFIED
sha256:4662cac700d64379a481f34fc0783e70b52eaa25bdef4d93b22e49b406da67c1 (debian 13.7),debian,ffmpeg,libswscale8,7:7.1.5-0+deb13u1,CVE-2026-58049,HIGH,,fix_deferred,https://avd.aquasec.com/nvd/cve-2026-58049,,,UPSTREAM_FIXED_VERSION_VERIFIED,,https://security-tracker.debian.org/tracker/CVE-2026-58049,,"Reviewed upstream release threshold 7:9.0.2-1; runtime version and source hash verified. See preserved tracker feed, SHA256 d059b671f7cbb86a0341f779543f41813d93412e26c745d2c2473c49f89a81ac.",OPEN_MISSING_VENDOR_EVIDENCE,UPSTREAM_FIXED_VERSION_VERIFIED
sha256:4662cac700d64379a481f34fc0783e70b52eaa25bdef4d93b22e49b406da67c1 (debian 13.7),debian,ffmpeg,libswscale8,7:7.1.5-0+deb13u1,CVE-2026-64830,HIGH,,fix_deferred,https://avd.aquasec.com/nvd/cve-2026-64830,,,UPSTREAM_FIXED_VERSION_VERIFIED,,https://security-tracker.debian.org/tracker/CVE-2026-64830,,"Reviewed upstream release threshold 7:9.0.2-1; runtime version and source hash verified. See preserved tracker feed, SHA256 d059b671f7cbb86a0341f779543f41813d93412e26c745d2c2473c49f89a81ac.",OPEN_MISSING_VENDOR_EVIDENCE,UPSTREAM_FIXED_VERSION_VERIFIED
sha256:4662cac700d64379a481f34fc0783e70b52eaa25bdef4d93b22e49b406da67c1 (debian 13.7),debian,ffmpeg,libswscale8,7:7.1.5-0+deb13u1,CVE-2026-64832,HIGH,,fix_deferred,https://avd.aquasec.com/nvd/cve-2026-64832,,,UPSTREAM_FIXED_VERSION_VERIFIED,,https://security-tracker.debian.org/tracker/CVE-2026-64832,,"Reviewed upstream release threshold 7:9.0.2-1; runtime version and source hash verified. See preserved tracker feed, SHA256 d059b671f7cbb86a0341f779543f41813d93412e26c745d2c2473c49f89a81ac.",OPEN_MISSING_VENDOR_EVIDENCE,UPSTREAM_FIXED_VERSION_VERIFIED
sha256:4662cac700d64379a481f34fc0783e70b52eaa25bdef4d93b22e49b406da67c1 (debian 13.7),debian,ffmpeg,libswscale8,7:7.1.5-0+deb13u1,CVE-2026-64833,HIGH,,fix_deferred,https://avd.aquasec.com/nvd/cve-2026-64833,,,UPSTREAM_FIXED_VERSION_VERIFIED,,https://security-tracker.debian.org/tracker/CVE-2026-64833,,"Reviewed upstream release threshold 7:9.0.2-1; runtime version and source hash verified. See preserved tracker feed, SHA256 d059b671f7cbb86a0341f779543f41813d93412e26c745d2c2473c49f89a81ac.",OPEN_MISSING_VENDOR_EVIDENCE,UPSTREAM_FIXED_VERSION_VERIFIED
sha256:4662cac700d64379a481f34fc0783e70b52eaa25bdef4d93b22e49b406da67c1 (debian 13.7),debian,ffmpeg,libswscale8,7:7.1.5-0+deb13u1,CVE-2026-64834,HIGH,,fix_deferred,https://avd.aquasec.com/nvd/cve-2026-64834,,,UPSTREAM_FIXED_VERSION_VERIFIED,,https://security-tracker.debian.org/tracker/CVE-2026-64834,,"Reviewed upstream release threshold 7:9.0.2-1; runtime version and source hash verified. See preserved tracker feed, SHA256 d059b671f7cbb86a0341f779543f41813d93412e26c745d2c2473c49f89a81ac.",OPEN_MISSING_VENDOR_EVIDENCE,UPSTREAM_FIXED_VERSION_VERIFIED
sha256:4662cac700d64379a481f34fc0783e70b52eaa25bdef4d93b22e49b406da67c1 (debian 13.7),debian,ffmpeg,libswscale8,7:7.1.5-0+deb13u1,CVE-2026-64835,HIGH,,fix_deferred,https://avd.aquasec.com/nvd/cve-2026-64835,,,UPSTREAM_FIXED_VERSION_VERIFIED,,https://security-tracker.debian.org/tracker/CVE-2026-64835,,"Reviewed upstream release threshold 7:9.0.2-1; runtime version and source hash verified. See preserved tracker feed, SHA256 d059b671f7cbb86a0341f779543f41813d93412e26c745d2c2473c49f89a81ac.",OPEN_MISSING_VENDOR_EVIDENCE,UPSTREAM_FIXED_VERSION_VERIFIED
sha256:4662cac700d64379a481f34fc0783e70b52eaa25bdef4d93b22e49b406da67c1 (debian 13.7),debian,ffmpeg,libswscale8,7:7.1.5-0+deb13u1,CVE-2026-66036,HIGH,,fix_deferred,https://avd.aquasec.com/nvd/cve-2026-66036,,,UPSTREAM_FIXED_VERSION_VERIFIED,,https://security-tracker.debian.org/tracker/CVE-2026-66036,,"Reviewed upstream release threshold 7:9.0.2-1; runtime version and source hash verified. See preserved tracker feed, SHA256 d059b671f7cbb86a0341f779543f41813d93412e26c745d2c2473c49f89a81ac.",OPEN_MISSING_VENDOR_EVIDENCE,UPSTREAM_FIXED_VERSION_VERIFIED
sha256:4662cac700d64379a481f34fc0783e70b52eaa25bdef4d93b22e49b406da67c1 (debian 13.7),debian,ffmpeg,libswscale8,7:7.1.5-0+deb13u1,CVE-2026-66039,HIGH,,fix_deferred,https://avd.aquasec.com/nvd/cve-2026-66039,,,UPSTREAM_FIXED_VERSION_VERIFIED,,https://security-tracker.debian.org/tracker/CVE-2026-66039,,"Reviewed upstream release threshold 7:9.0.2-1; runtime version and source hash verified. See preserved tracker feed, SHA256 d059b671f7cbb86a0341f779543f41813d93412e26c745d2c2473c49f89a81ac.",OPEN_MISSING_VENDOR_EVIDENCE,UPSTREAM_FIXED_VERSION_VERIFIED
sha256:4662cac700d64379a481f34fc0783e70b52eaa25bdef4d93b22e49b406da67c1 (debian 13.7),debian,ffmpeg,libswscale8,7:7.1.5-0+deb13u1,CVE-2026-66040,HIGH,,fix_deferred,https://avd.aquasec.com/nvd/cve-2026-66040,,,UPSTREAM_FIXED_VERSION_VERIFIED,,https://security-tracker.debian.org/tracker/CVE-2026-66040,,"Reviewed upstream release threshold 7:9.0.2-1; runtime version and source hash verified. See preserved tracker feed, SHA256 d059b671f7cbb86a0341f779543f41813d93412e26c745d2c2473c49f89a81ac.",OPEN_MISSING_VENDOR_EVIDENCE,UPSTREAM_FIXED_VERSION_VERIFIED
sha256:4662cac700d64379a481f34fc0783e70b52eaa25bdef4d93b22e49b406da67c1 (debian 13.7),debian,ffmpeg,libswscale8,7:7.1.5-0+deb13u1,CVE-2026-66041,HIGH,,fix_deferred,https://avd.aquasec.com/nvd/cve-2026-66041,,,UPSTREAM_FIXED_VERSION_VERIFIED,,https://security-tracker.debian.org/tracker/CVE-2026-66041,,"Reviewed upstream release threshold 7:9.0.2-1; runtime version and source hash verified. See preserved tracker feed, SHA256 d059b671f7cbb86a0341f779543f41813d93412e26c745d2c2473c49f89a81ac.",OPEN_MISSING_VENDOR_EVIDENCE,UPSTREAM_FIXED_VERSION_VERIFIED
sha256:4662cac700d64379a481f34fc0783e70b52eaa25bdef4d93b22e49b406da67c1 (debian 13.7),debian,ffmpeg,libswscale8,7:7.1.5-0+deb13u1,CVE-2026-70628,HIGH,,fix_deferred,https://avd.aquasec.com/nvd/cve-2026-70628,,,UPSTREAM_FIXED_VERSION_VERIFIED,,https://security-tracker.debian.org/tracker/CVE-2026-70628,,"Reviewed upstream release threshold 7:9.0.2-1; runtime version and source hash verified. See preserved tracker feed, SHA256 d059b671f7cbb86a0341f779543f41813d93412e26c745d2c2473c49f89a81ac.",OPEN_MISSING_VENDOR_EVIDENCE,UPSTREAM_FIXED_VERSION_VERIFIED
sha256:4662cac700d64379a481f34fc0783e70b52eaa25bdef4d93b22e49b406da67c1 (debian 13.7),debian,ffmpeg,libswscale8,7:7.1.5-0+deb13u1,CVE-2026-70632,HIGH,,fix_deferred,https://avd.aquasec.com/nvd/cve-2026-70632,,,UPSTREAM_FIXED_VERSION_VERIFIED,,https://security-tracker.debian.org/tracker/CVE-2026-70632,,"Reviewed upstream release threshold 7:9.0.2-1; runtime version and source hash verified. See preserved tracker feed, SHA256 d059b671f7cbb86a0341f779543f41813d93412e26c745d2c2473c49f89a81ac.",OPEN_MISSING_VENDOR_EVIDENCE,UPSTREAM_FIXED_VERSION_VERIFIED
sha256:4662cac700d64379a481f34fc0783e70b52eaa25bdef4d93b22e49b406da67c1 (debian 13.7),debian,ffmpeg,libswscale8,7:7.1.5-0+deb13u1,CVE-2026-75142,HIGH,,fix_deferred,https://avd.aquasec.com/nvd/cve-2026-75142,,,UPSTREAM_FIXED_VERSION_VERIFIED,,https://security-tracker.debian.org/tracker/CVE-2026-75142,,"Reviewed upstream release threshold 7:9.0.2-1; runtime version and source hash verified. See preserved tracker feed, SHA256 d059b671f7cbb86a0341f779543f41813d93412e26c745d2c2473c49f89a81ac.",OPEN_MISSING_VENDOR_EVIDENCE,UPSTREAM_FIXED_VERSION_VERIFIED
sha256:4662cac700d64379a481f34fc0783e70b52eaa25bdef4d93b22e49b406da67c1 (debian 13.7),debian,ffmpeg,libswscale8,7:7.1.5-0+deb13u1,CVE-2026-75143,HIGH,,fix_deferred,https://avd.aquasec.com/nvd/cve-2026-75143,,,UPSTREAM_FIXED_VERSION_VERIFIED,,https://security-tracker.debian.org/tracker/CVE-2026-75143,,"Reviewed upstream release threshold 7:9.0.2-1; runtime version and source hash verified. See preserved tracker feed, SHA256 d059b671f7cbb86a0341f779543f41813d93412e26c745d2c2473c49f89a81ac.",OPEN_MISSING_VENDOR_EVIDENCE,UPSTREAM_FIXED_VERSION_VERIFIED
sha256:4662cac700d64379a481f34fc0783e70b52eaa25bdef4d93b22e49b406da67c1 (debian 13.7),debian,ffmpeg,libswscale8,7:7.1.5-0+deb13u1,CVE-2026-75144,HIGH,,fix_deferred,https://avd.aquasec.com/nvd/cve-2026-75144,,,UPSTREAM_FIXED_VERSION_VERIFIED,,https://security-tracker.debian.org/tracker/CVE-2026-75144,,"Reviewed upstream release threshold 7:9.0.2-1; runtime version and source hash verified. See preserved tracker feed, SHA256 d059b671f7cbb86a0341f779543f41813d93412e26c745d2c2473c49f89a81ac.",OPEN_MISSING_VENDOR_EVIDENCE,UPSTREAM_FIXED_VERSION_VERIFIED
sha256:4662cac700d64379a481f34fc0783e70b52eaa25bdef4d93b22e49b406da67c1 (debian 13.7),debian,ffmpeg,libswscale8,7:7.1.5-0+deb13u1,CVE-2026-75146,HIGH,,fix_deferred,https://avd.aquasec.com/nvd/cve-2026-75146,,,UPSTREAM_FIXED_VERSION_VERIFIED,,https://security-tracker.debian.org/tracker/CVE-2026-75146,,"Reviewed upstream release threshold 7:9.0.2-1; runtime version and source hash verified. See preserved tracker feed, SHA256 d059b671f7cbb86a0341f779543f41813d93412e26c745d2c2473c49f89a81ac.",OPEN_MISSING_VENDOR_EVIDENCE,UPSTREAM_FIXED_VERSION_VERIFIED
sha256:4662cac700d64379a481f34fc0783e70b52eaa25bdef4d93b22e49b406da67c1 (debian 13.7),debian,ffmpeg,libswscale8,7:7.1.5-0+deb13u1,CVE-2026-18393,MEDIUM,,fix_deferred,https://avd.aquasec.com/nvd/cve-2026-18393,,,UPSTREAM_FIXED_VERSION_VERIFIED,,https://security-tracker.debian.org/tracker/CVE-2026-18393,,"Reviewed upstream release threshold 7:8.1.1-1; runtime version and source hash verified. See preserved tracker feed, SHA256 d059b671f7cbb86a0341f779543f41813d93412e26c745d2c2473c49f89a81ac.",OPEN_MISSING_VENDOR_EVIDENCE,UPSTREAM_FIXED_VERSION_VERIFIED
sha256:4662cac700d64379a481f34fc0783e70b52eaa25bdef4d93b22e49b406da67c1 (debian 13.7),debian,ffmpeg,libswscale8,7:7.1.5-0+deb13u1,CVE-2026-38350,MEDIUM,,fix_deferred,https://avd.aquasec.com/nvd/cve-2026-38350,,,UPSTREAM_FIXED_VERSION_VERIFIED,,https://security-tracker.debian.org/tracker/CVE-2026-38350,,"Reviewed upstream release threshold 7:8.0.1-2; runtime version and source hash verified. See preserved tracker feed, SHA256 d059b671f7cbb86a0341f779543f41813d93412e26c745d2c2473c49f89a81ac.",OPEN_MISSING_VENDOR_EVIDENCE,UPSTREAM_FIXED_VERSION_VERIFIED
sha256:4662cac700d64379a481f34fc0783e70b52eaa25bdef4d93b22e49b406da67c1 (debian 13.7),debian,ffmpeg,libswscale8,7:7.1.5-0+deb13u1,CVE-2026-6385,MEDIUM,,fix_deferred,https://avd.aquasec.com/nvd/cve-2026-6385,,,VULNERABLE_CODE_EXCLUDED_VERIFIED,,https://security-tracker.debian.org/tracker/CVE-2026-6385,,DVD subtitle decoder/parser and MPEG-PS demuxer disabled; installed configuration and decoder list verified. Not an upstream version fix.,OPEN_MISSING_VENDOR_EVIDENCE,VULNERABLE_CODE_EXCLUDED_VERIFIED
sha256:4662cac700d64379a481f34fc0783e70b52eaa25bdef4d93b22e49b406da67c1 (debian 13.7),debian,ffmpeg,libswscale8,7:7.1.5-0+deb13u1,CVE-2026-65703,MEDIUM,,fix_deferred,https://avd.aquasec.com/nvd/cve-2026-65703,,,UPSTREAM_FIXED_VERSION_VERIFIED,,https://security-tracker.debian.org/tracker/CVE-2026-65703,,"Reviewed upstream release threshold 7:9.0.2-1; runtime version and source hash verified. See preserved tracker feed, SHA256 d059b671f7cbb86a0341f779543f41813d93412e26c745d2c2473c49f89a81ac.",OPEN_MISSING_VENDOR_EVIDENCE,UPSTREAM_FIXED_VERSION_VERIFIED
sha256:4662cac700d64379a481f34fc0783e70b52eaa25bdef4d93b22e49b406da67c1 (debian 13.7),debian,ffmpeg,libswscale8,7:7.1.5-0+deb13u1,CVE-2026-65704,MEDIUM,,fix_deferred,https://avd.aquasec.com/nvd/cve-2026-65704,,,UPSTREAM_FIXED_VERSION_VERIFIED,,https://security-tracker.debian.org/tracker/CVE-2026-65704,,"Reviewed upstream release threshold 7:9.0.2-1; runtime version and source hash verified. See preserved tracker feed, SHA256 d059b671f7cbb86a0341f779543f41813d93412e26c745d2c2473c49f89a81ac.",OPEN_MISSING_VENDOR_EVIDENCE,UPSTREAM_FIXED_VERSION_VERIFIED
sha256:4662cac700d64379a481f34fc0783e70b52eaa25bdef4d93b22e49b406da67c1 (debian 13.7),debian,ffmpeg,libswscale8,7:7.1.5-0+deb13u1,CVE-2026-65705,MEDIUM,,fix_deferred,https://avd.aquasec.com/nvd/cve-2026-65705,,,UPSTREAM_FIXED_VERSION_VERIFIED,,https://security-tracker.debian.org/tracker/CVE-2026-65705,,"Reviewed upstream release threshold 7:9.0.2-1; runtime version and source hash verified. See preserved tracker feed, SHA256 d059b671f7cbb86a0341f779543f41813d93412e26c745d2c2473c49f89a81ac.",OPEN_MISSING_VENDOR_EVIDENCE,UPSTREAM_FIXED_VERSION_VERIFIED
sha256:4662cac700d64379a481f34fc0783e70b52eaa25bdef4d93b22e49b406da67c1 (debian 13.7),debian,ffmpeg,libswscale8,7:7.1.5-0+deb13u1,CVE-2026-65706,MEDIUM,,fix_deferred,https://avd.aquasec.com/nvd/cve-2026-65706,,,UPSTREAM_FIXED_VERSION_VERIFIED,,https://security-tracker.debian.org/tracker/CVE-2026-65706,,"Reviewed upstream release threshold 7:9.0.2-1; runtime version and source hash verified. See preserved tracker feed, SHA256 d059b671f7cbb86a0341f779543f41813d93412e26c745d2c2473c49f89a81ac.",OPEN_MISSING_VENDOR_EVIDENCE,UPSTREAM_FIXED_VERSION_VERIFIED
sha256:4662cac700d64379a481f34fc0783e70b52eaa25bdef4d93b22e49b406da67c1 (debian 13.7),debian,ffmpeg,libswscale8,7:7.1.5-0+deb13u1,CVE-2026-66037,MEDIUM,,fix_deferred,https://avd.aquasec.com/nvd/cve-2026-66037,,,UPSTREAM_FIXED_VERSION_VERIFIED,,https://security-tracker.debian.org/tracker/CVE-2026-66037,,"Reviewed upstream release threshold 7:9.0.2-1; runtime version and source hash verified. See preserved tracker feed, SHA256 d059b671f7cbb86a0341f779543f41813d93412e26c745d2c2473c49f89a81ac.",OPEN_MISSING_VENDOR_EVIDENCE,UPSTREAM_FIXED_VERSION_VERIFIED
sha256:4662cac700d64379a481f34fc0783e70b52eaa25bdef4d93b22e49b406da67c1 (debian 13.7),debian,ffmpeg,libswscale8,7:7.1.5-0+deb13u1,CVE-2026-66038,MEDIUM,,fix_deferred,https://avd.aquasec.com/nvd/cve-2026-66038,,,UPSTREAM_FIXED_VERSION_VERIFIED,,https://security-tracker.debian.org/tracker/CVE-2026-66038,,"Reviewed upstream release threshold 7:9.0.2-1; runtime version and source hash verified. See preserved tracker feed, SHA256 d059b671f7cbb86a0341f779543f41813d93412e26c745d2c2473c49f89a81ac.",OPEN_MISSING_VENDOR_EVIDENCE,UPSTREAM_FIXED_VERSION_VERIFIED
sha256:4662cac700d64379a481f34fc0783e70b52eaa25bdef4d93b22e49b406da67c1 (debian 13.7),debian,ffmpeg,libswscale8,7:7.1.5-0+deb13u1,CVE-2026-70629,MEDIUM,,fix_deferred,https://avd.aquasec.com/nvd/cve-2026-70629,,,UPSTREAM_FIXED_VERSION_VERIFIED,,https://security-tracker.debian.org/tracker/CVE-2026-70629,,"Reviewed upstream release threshold 7:9.0.2-1; runtime version and source hash verified. See preserved tracker feed, SHA256 d059b671f7cbb86a0341f779543f41813d93412e26c745d2c2473c49f89a81ac.",OPEN_MISSING_VENDOR_EVIDENCE,UPSTREAM_FIXED_VERSION_VERIFIED
sha256:4662cac700d64379a481f34fc0783e70b52eaa25bdef4d93b22e49b406da67c1 (debian 13.7),debian,ffmpeg,libswscale8,7:7.1.5-0+deb13u1,CVE-2026-70630,MEDIUM,,fix_deferred,https://avd.aquasec.com/nvd/cve-2026-70630,,,UPSTREAM_FIXED_VERSION_VERIFIED,,https://security-tracker.debian.org/tracker/CVE-2026-70630,,"Reviewed upstream release threshold 7:9.0.2-1; runtime version and source hash verified. See preserved tracker feed, SHA256 d059b671f7cbb86a0341f779543f41813d93412e26c745d2c2473c49f89a81ac.",OPEN_MISSING_VENDOR_EVIDENCE,UPSTREAM_FIXED_VERSION_VERIFIED
sha256:4662cac700d64379a481f34fc0783e70b52eaa25bdef4d93b22e49b406da67c1 (debian 13.7),debian,ffmpeg,libswscale8,7:7.1.5-0+deb13u1,CVE-2026-70631,MEDIUM,,fix_deferred,https://avd.aquasec.com/nvd/cve-2026-70631,,,UPSTREAM_FIXED_VERSION_VERIFIED,,https://security-tracker.debian.org/tracker/CVE-2026-70631,,"Reviewed upstream release threshold 7:9.0.2-1; runtime version and source hash verified. See preserved tracker feed, SHA256 d059b671f7cbb86a0341f779543f41813d93412e26c745d2c2473c49f89a81ac.",OPEN_MISSING_VENDOR_EVIDENCE,UPSTREAM_FIXED_VERSION_VERIFIED
sha256:4662cac700d64379a481f34fc0783e70b52eaa25bdef4d93b22e49b406da67c1 (debian 13.7),debian,ffmpeg,libswscale8,7:7.1.5-0+deb13u1,CVE-2026-75141,MEDIUM,,fix_deferred,https://avd.aquasec.com/nvd/cve-2026-75141,,,UPSTREAM_FIXED_VERSION_VERIFIED,,https://security-tracker.debian.org/tracker/CVE-2026-75141,,"Reviewed upstream release threshold 7:9.0.2-1; runtime version and source hash verified. See preserved tracker feed, SHA256 d059b671f7cbb86a0341f779543f41813d93412e26c745d2c2473c49f89a81ac.",OPEN_MISSING_VENDOR_EVIDENCE,UPSTREAM_FIXED_VERSION_VERIFIED
sha256:4662cac700d64379a481f34fc0783e70b52eaa25bdef4d93b22e49b406da67c1 (debian 13.7),debian,ffmpeg,libswscale8,7:7.1.5-0+deb13u1,CVE-2026-90816,MEDIUM,,will_not_fix,https://avd.aquasec.com/nvd/cve-2026-90816,,,UPSTREAM_FIXED_VERSION_VERIFIED,,https://security-tracker.debian.org/tracker/CVE-2026-90816,,"Reviewed upstream release threshold 7:8.1-1; runtime version and source hash verified. See preserved tracker feed, SHA256 d059b671f7cbb86a0341f779543f41813d93412e26c745d2c2473c49f89a81ac.",OPEN_MISSING_VENDOR_EVIDENCE,UPSTREAM_FIXED_VERSION_VERIFIED
sha256:4662cac700d64379a481f34fc0783e70b52eaa25bdef4d93b22e49b406da67c1 (debian 13.7),debian,ffmpeg,libswscale8,7:7.1.5-0+deb13u1,CVE-2026-30999,LOW,,affected,https://avd.aquasec.com/nvd/cve-2026-30999,,,UPSTREAM_FIXED_VERSION_VERIFIED,,https://security-tracker.debian.org/tracker/CVE-2026-30999,,"Reviewed upstream release threshold 7:8.1.2-1; runtime version and source hash verified. See preserved tracker feed, SHA256 d059b671f7cbb86a0341f779543f41813d93412e26c745d2c2473c49f89a81ac.",OPEN_MISSING_VENDOR_EVIDENCE,UPSTREAM_FIXED_VERSION_VERIFIED
sha256:4662cac700d64379a481f34fc0783e70b52eaa25bdef4d93b22e49b406da67c1 (debian 13.7),debian,systemd,libsystemd0,257.13-1~deb13u1,CVE-2026-16742,HIGH,,affected,https://avd.aquasec.com/nvd/cve-2026-16742,259.5-0ubuntu3.4,,VENDOR_FIXED_VERSION_CONFIRMED,fixed,https://raw.githubusercontent.com/canonical/ubuntu-security-notices/a3f40224dd201a816b4725891b70d22f7809225f/vex/cve/2026/CVE-2026-16742.json,pkg:deb/ubuntu/systemd@259.5-0ubuntu3.4?arch=source&distro=resolute,"This package (for the given release) was vulnerable, but an update has been uploaded and published.",VENDOR_FIXED_VERSION_CONFIRMED,VENDOR_FIXED_VERSION_CONFIRMED
sha256:4662cac700d64379a481f34fc0783e70b52eaa25bdef4d93b22e49b406da67c1 (debian 13.7),debian,systemd,libsystemd0,257.13-1~deb13u1,CVE-2026-15059,MEDIUM,,affected,https://avd.aquasec.com/nvd/cve-2026-15059,259.5-0ubuntu3.4,,VENDOR_FIXED_VERSION_CONFIRMED,fixed,https://raw.githubusercontent.com/canonical/ubuntu-security-notices/a3f40224dd201a816b4725891b70d22f7809225f/vex/cve/2026/CVE-2026-15059.json,pkg:deb/ubuntu/systemd@259.5-0ubuntu3.4?arch=source&distro=resolute,"This package (for the given release) was vulnerable, but an update has been uploaded and published.",VENDOR_FIXED_VERSION_CONFIRMED,VENDOR_FIXED_VERSION_CONFIRMED
sha256:4662cac700d64379a481f34fc0783e70b52eaa25bdef4d93b22e49b406da67c1 (debian 13.7),debian,systemd,libsystemd0,257.13-1~deb13u1,CVE-2013-4392,LOW,,affected,https://avd.aquasec.com/nvd/cve-2013-4392,259.5-0ubuntu3.4,,OPEN_MISSING_VENDOR_EVIDENCE,,https://raw.githubusercontent.com/canonical/ubuntu-security-notices/a3f40224dd201a816b4725891b70d22f7809225f/vex/cve/2013/CVE-2013-4392.json,,No applicable vendor statement; missing matches are not fixes.,OPEN_MISSING_VENDOR_EVIDENCE,OPEN_MISSING_VENDOR_EVIDENCE
sha256:4662cac700d64379a481f34fc0783e70b52eaa25bdef4d93b22e49b406da67c1 (debian 13.7),debian,systemd,libsystemd0,257.13-1~deb13u1,CVE-2023-31437,LOW,,affected,https://avd.aquasec.com/nvd/cve-2023-31437,259.5-0ubuntu3.4,,OPEN_MISSING_VENDOR_EVIDENCE,,https://raw.githubusercontent.com/canonical/ubuntu-security-notices/a3f40224dd201a816b4725891b70d22f7809225f/vex/cve/2023/CVE-2023-31437.json,,No applicable vendor statement; missing matches are not fixes.,OPEN_MISSING_VENDOR_EVIDENCE,OPEN_MISSING_VENDOR_EVIDENCE
sha256:4662cac700d64379a481f34fc0783e70b52eaa25bdef4d93b22e49b406da67c1 (debian 13.7),debian,systemd,libsystemd0,257.13-1~deb13u1,CVE-2023-31438,LOW,,affected,https://avd.aquasec.com/nvd/cve-2023-31438,259.5-0ubuntu3.4,,OPEN_MISSING_VENDOR_EVIDENCE,,https://raw.githubusercontent.com/canonical/ubuntu-security-notices/a3f40224dd201a816b4725891b70d22f7809225f/vex/cve/2023/CVE-2023-31438.json,,No applicable vendor statement; missing matches are not fixes.,OPEN_MISSING_VENDOR_EVIDENCE,OPEN_MISSING_VENDOR_EVIDENCE
sha256:4662cac700d64379a481f34fc0783e70b52eaa25bdef4d93b22e49b406da67c1 (debian 13.7),debian,systemd,libsystemd0,257.13-1~deb13u1,CVE-2023-31439,LOW,,affected,https://avd.aquasec.com/nvd/cve-2023-31439,259.5-0ubuntu3.4,,OPEN_MISSING_VENDOR_EVIDENCE,,https://raw.githubusercontent.com/canonical/ubuntu-security-notices/a3f40224dd201a816b4725891b70d22f7809225f/vex/cve/2023/CVE-2023-31439.json,,No applicable vendor statement; missing matches are not fixes.,OPEN_MISSING_VENDOR_EVIDENCE,OPEN_MISSING_VENDOR_EVIDENCE
sha256:4662cac700d64379a481f34fc0783e70b52eaa25bdef4d93b22e49b406da67c1 (debian 13.7),debian,systemd,libsystemd0,257.13-1~deb13u1,CVE-2026-40228,LOW,,affected,https://avd.aquasec.com/nvd/cve-2026-40228,259.5-0ubuntu3.4,LOW,OPEN_UNDER_INVESTIGATION,under_investigation,https://raw.githubusercontent.com/canonical/ubuntu-security-notices/a3f40224dd201a816b4725891b70d22f7809225f/vex/cve/2026/CVE-2026-40228.json,pkg:deb/ubuntu/systemd@259.5-0ubuntu3.4?arch=source&distro=resolute,"This package (for the given release) is vulnerable to the CVE, the problem is understood, but it is currently deferred. CVE Notes / justification: as of 2026-06-05, there does not appear to be a fix for this issue by systemd developers",OPEN_UNDER_INVESTIGATION,OPEN_UNDER_INVESTIGATION
sha256:4662cac700d64379a481f34fc0783e70b52eaa25bdef4d93b22e49b406da67c1 (debian 13.7),debian,libtheora,libtheoradec1,1.2.0~alpha1+dfsg-6,CVE-2026-5673,LOW,,affected,https://avd.aquasec.com/nvd/cve-2026-5673,,,OPEN_SOURCE_ABSENT_BUNDLE_REVIEW,not_affected,https://raw.githubusercontent.com/canonical/ubuntu-security-notices/a3f40224dd201a816b4725891b70d22f7809225f/vex/cve/2026/CVE-2026-5673.json,pkg:deb/ubuntu/libtheora@1.2.0+dfsg-6?arch=source&distro=resolute,Source package absent; separately check bundled/native components.,OPEN_SOURCE_ABSENT_BUNDLE_REVIEW,OPEN_SOURCE_ABSENT_BUNDLE_REVIEW
sha256:4662cac700d64379a481f34fc0783e70b52eaa25bdef4d93b22e49b406da67c1 (debian 13.7),debian,libtheora,libtheoraenc1,1.2.0~alpha1+dfsg-6,CVE-2026-5673,LOW,,affected,https://avd.aquasec.com/nvd/cve-2026-5673,,,OPEN_SOURCE_ABSENT_BUNDLE_REVIEW,not_affected,https://raw.githubusercontent.com/canonical/ubuntu-security-notices/a3f40224dd201a816b4725891b70d22f7809225f/vex/cve/2026/CVE-2026-5673.json,pkg:deb/ubuntu/libtheora@1.2.0+dfsg-6?arch=source&distro=resolute,Source package absent; separately check bundled/native components.,OPEN_SOURCE_ABSENT_BUNDLE_REVIEW,OPEN_SOURCE_ABSENT_BUNDLE_REVIEW
sha256:4662cac700d64379a481f34fc0783e70b52eaa25bdef4d93b22e49b406da67c1 (debian 13.7),debian,tiff,libtiff6,4.7.0-3+deb13u3,CVE-2026-36849,HIGH,,will_not_fix,https://avd.aquasec.com/nvd/cve-2026-36849,4.7.0-3ubuntu5,,OPEN_UNDER_INVESTIGATION,under_investigation,https://raw.githubusercontent.com/canonical/ubuntu-security-notices/a3f40224dd201a816b4725891b70d22f7809225f/vex/cve/2026/CVE-2026-36849.json,pkg:deb/ubuntu/tiff@4.7.0-3ubuntu5?arch=source&distro=resolute,Ubuntu Security Team classified this CVE as of Medium priority.,OPEN_UNDER_INVESTIGATION,OPEN_UNDER_INVESTIGATION
sha256:4662cac700d64379a481f34fc0783e70b52eaa25bdef4d93b22e49b406da67c1 (debian 13.7),debian,tiff,libtiff6,4.7.0-3+deb13u3,CVE-2026-52490,HIGH,,affected,https://avd.aquasec.com/nvd/cve-2026-52490,4.7.0-3ubuntu5,,AFFECTED_COMPONENT_ABSENT_VERIFIED,,https://security-tracker.debian.org/tracker/CVE-2026-52490,,"tiffcrop is absent; this advisory concerns tools/tiffcrop.c, not the installed libtiff library. Other TIFF advisories remain open.",OPEN_MISSING_VENDOR_EVIDENCE,OPEN_MISSING_VENDOR_EVIDENCE
sha256:4662cac700d64379a481f34fc0783e70b52eaa25bdef4d93b22e49b406da67c1 (debian 13.7),debian,tiff,libtiff6,4.7.0-3+deb13u3,CVE-2026-18495,MEDIUM,,affected,https://avd.aquasec.com/nvd/cve-2026-18495,4.7.0-3ubuntu5,,OPEN_UNDER_INVESTIGATION,under_investigation,https://raw.githubusercontent.com/canonical/ubuntu-security-notices/a3f40224dd201a816b4725891b70d22f7809225f/vex/cve/2026/CVE-2026-18495.json,pkg:deb/ubuntu/tiff@4.7.0-3ubuntu5?arch=source&distro=resolute,Ubuntu Security Team classified this CVE as of Medium priority.,OPEN_UNDER_INVESTIGATION,OPEN_UNDER_INVESTIGATION
sha256:4662cac700d64379a481f34fc0783e70b52eaa25bdef4d93b22e49b406da67c1 (debian 13.7),debian,tiff,libtiff6,4.7.0-3+deb13u3,CVE-2017-16232,LOW,,affected,https://avd.aquasec.com/nvd/cve-2017-16232,4.7.0-3ubuntu5,,OPEN_MISSING_VENDOR_EVIDENCE,,https://raw.githubusercontent.com/canonical/ubuntu-security-notices/a3f40224dd201a816b4725891b70d22f7809225f/vex/cve/2017/CVE-2017-16232.json,,No applicable vendor statement; missing matches are not fixes.,OPEN_MISSING_VENDOR_EVIDENCE,OPEN_MISSING_VENDOR_EVIDENCE
sha256:4662cac700d64379a481f34fc0783e70b52eaa25bdef4d93b22e49b406da67c1 (debian 13.7),debian,tiff,libtiff6,4.7.0-3+deb13u3,CVE-2018-10126,LOW,,affected,https://avd.aquasec.com/nvd/cve-2018-10126,4.7.0-3ubuntu5,,VENDOR_NOT_AFFECTED_EXACT_VERSION,not_affected,https://raw.githubusercontent.com/canonical/ubuntu-security-notices/a3f40224dd201a816b4725891b70d22f7809225f/vex/cve/2018/CVE-2018-10126.json,pkg:deb/ubuntu/tiff@4.7.0-3ubuntu5?arch=source&distro=resolute,"This package (for the given release), while related to the CVE in some way, is not affected by the issue. CVE Notes / justification: as of 2022-03-04, no upstream fix as of 2022-11-24, no upstream fix is available. A comment has been made in the issue bug requesting that the issue be closed given that for ijg-libjpeg versions after 9c the vulnerability seems to not be reproducible with the provided PoC file. A discussion on whether this is a libtiff issue or a libjpeg issue can be seen in a few comments in the bug report. The vulnerability also does not reproduce in xenial nor does it reproduce in kinetic. the correct upstream is ijg",VENDOR_NOT_AFFECTED_EXACT_VERSION,VENDOR_NOT_AFFECTED_EXACT_VERSION
sha256:4662cac700d64379a481f34fc0783e70b52eaa25bdef4d93b22e49b406da67c1 (debian 13.7),debian,tiff,libtiff6,4.7.0-3+deb13u3,CVE-2022-1210,LOW,,affected,https://avd.aquasec.com/nvd/cve-2022-1210,4.7.0-3ubuntu5,,OPEN_MISSING_VENDOR_EVIDENCE,,https://raw.githubusercontent.com/canonical/ubuntu-security-notices/a3f40224dd201a816b4725891b70d22f7809225f/vex/cve/2022/CVE-2022-1210.json,,No applicable vendor statement; missing matches are not fixes.,OPEN_MISSING_VENDOR_EVIDENCE,OPEN_MISSING_VENDOR_EVIDENCE
sha256:4662cac700d64379a481f34fc0783e70b52eaa25bdef4d93b22e49b406da67c1 (debian 13.7),debian,tiff,libtiff6,4.7.0-3+deb13u3,CVE-2025-61143,LOW,,affected,https://avd.aquasec.com/nvd/cve-2025-61143,4.7.0-3ubuntu5,,VENDOR_FIXED_VERSION_CONFIRMED,fixed,https://raw.githubusercontent.com/canonical/ubuntu-security-notices/a3f40224dd201a816b4725891b70d22f7809225f/vex/cve/2025/CVE-2025-61143.json,pkg:deb/ubuntu/tiff@4.7.0-3ubuntu5?arch=source&distro=resolute,"This package (for the given release) was vulnerable, but an update has been uploaded and published.",VENDOR_FIXED_VERSION_CONFIRMED,VENDOR_FIXED_VERSION_CONFIRMED
sha256:4662cac700d64379a481f34fc0783e70b52eaa25bdef4d93b22e49b406da67c1 (debian 13.7),debian,tiff,libtiff6,4.7.0-3+deb13u3,CVE-2025-61144,LOW,,affected,https://avd.aquasec.com/nvd/cve-2025-61144,4.7.0-3ubuntu5,,VENDOR_FIXED_VERSION_CONFIRMED,fixed,https://raw.githubusercontent.com/canonical/ubuntu-security-notices/a3f40224dd201a816b4725891b70d22f7809225f/vex/cve/2025/CVE-2025-61144.json,pkg:deb/ubuntu/tiff@4.7.0-3ubuntu5?arch=source&distro=resolute,"This package (for the given release) was vulnerable, but an update has been uploaded and published.",VENDOR_FIXED_VERSION_CONFIRMED,VENDOR_FIXED_VERSION_CONFIRMED
sha256:4662cac700d64379a481f34fc0783e70b52eaa25bdef4d93b22e49b406da67c1 (debian 13.7),debian,tiff,libtiff6,4.7.0-3+deb13u3,CVE-2025-61145,LOW,,affected,https://avd.aquasec.com/nvd/cve-2025-61145,4.7.0-3ubuntu5,,VENDOR_FIXED_VERSION_CONFIRMED,fixed,https://raw.githubusercontent.com/canonical/ubuntu-security-notices/a3f40224dd201a816b4725891b70d22f7809225f/vex/cve/2025/CVE-2025-61145.json,pkg:deb/ubuntu/tiff@4.7.0-3ubuntu5?arch=source&distro=resolute,"This package (for the given release) was vulnerable, but an update has been uploaded and published.",VENDOR_FIXED_VERSION_CONFIRMED,VENDOR_FIXED_VERSION_CONFIRMED
sha256:4662cac700d64379a481f34fc0783e70b52eaa25bdef4d93b22e49b406da67c1 (debian 13.7),debian,tiff,libtiff6,4.7.0-3+deb13u3,CVE-2025-8176,LOW,,affected,https://avd.aquasec.com/nvd/cve-2025-8176,4.7.0-3ubuntu5,,OPEN_MISSING_VENDOR_EVIDENCE,,https://raw.githubusercontent.com/canonical/ubuntu-security-notices/a3f40224dd201a816b4725891b70d22f7809225f/vex/cve/2025/CVE-2025-8176.json,,No applicable vendor statement; missing matches are not fixes.,OPEN_MISSING_VENDOR_EVIDENCE,OPEN_MISSING_VENDOR_EVIDENCE
sha256:4662cac700d64379a481f34fc0783e70b52eaa25bdef4d93b22e49b406da67c1 (debian 13.7),debian,tiff,libtiff6,4.7.0-3+deb13u3,CVE-2025-8177,LOW,,affected,https://avd.aquasec.com/nvd/cve-2025-8177,4.7.0-3ubuntu5,,OPEN_MISSING_VENDOR_EVIDENCE,,https://raw.githubusercontent.com/canonical/ubuntu-security-notices/a3f40224dd201a816b4725891b70d22f7809225f/vex/cve/2025/CVE-2025-8177.json,,No applicable vendor statement; missing matches are not fixes.,OPEN_MISSING_VENDOR_EVIDENCE,OPEN_MISSING_VENDOR_EVIDENCE
sha256:4662cac700d64379a481f34fc0783e70b52eaa25bdef4d93b22e49b406da67c1 (debian 13.7),debian,tiff,libtiff6,4.7.0-3+deb13u3,CVE-2025-8534,LOW,,affected,https://avd.aquasec.com/nvd/cve-2025-8534,4.7.0-3ubuntu5,,VENDOR_FIXED_VERSION_CONFIRMED,fixed,https://raw.githubusercontent.com/canonical/ubuntu-security-notices/a3f40224dd201a816b4725891b70d22f7809225f/vex/cve/2025/CVE-2025-8534.json,pkg:deb/ubuntu/tiff@4.7.0-3ubuntu5?arch=source&distro=resolute,"This package (for the given release) was vulnerable, but an update has been uploaded and published.",VENDOR_FIXED_VERSION_CONFIRMED,VENDOR_FIXED_VERSION_CONFIRMED
sha256:4662cac700d64379a481f34fc0783e70b52eaa25bdef4d93b22e49b406da67c1 (debian 13.7),debian,tiff,libtiff6,4.7.0-3+deb13u3,CVE-2026-52491,LOW,,affected,https://avd.aquasec.com/nvd/cve-2026-52491,4.7.0-3ubuntu5,,VENDOR_NOT_AFFECTED_EXACT_VERSION,not_affected,https://raw.githubusercontent.com/canonical/ubuntu-security-notices/a3f40224dd201a816b4725891b70d22f7809225f/vex/cve/2026/CVE-2026-52491.json,pkg:deb/ubuntu/tiff@4.7.0-3ubuntu5?arch=source&distro=resolute,"This package (for the given release), while related to the CVE in some way, is not affected by the issue. CVE Notes / justification: texmaker added an embedded copy of libtiff in bionic The thumbnail tool is not shipped in Ubuntu binary packages.",VENDOR_NOT_AFFECTED_EXACT_VERSION,VENDOR_NOT_AFFECTED_EXACT_VERSION
sha256:4662cac700d64379a481f34fc0783e70b52eaa25bdef4d93b22e49b406da67c1 (debian 13.7),debian,tiff,libtiff6,4.7.0-3+deb13u3,CVE-2026-52492,LOW,,affected,https://avd.aquasec.com/nvd/cve-2026-52492,4.7.0-3ubuntu5,,OPEN_MISSING_VENDOR_EVIDENCE,,https://raw.githubusercontent.com/canonical/ubuntu-security-notices/a3f40224dd201a816b4725891b70d22f7809225f/vex/cve/2026/CVE-2026-52492.json,,No applicable vendor statement; missing matches are not fixes.,OPEN_MISSING_VENDOR_EVIDENCE,OPEN_MISSING_VENDOR_EVIDENCE
sha256:4662cac700d64379a481f34fc0783e70b52eaa25bdef4d93b22e49b406da67c1 (debian 13.7),debian,ncurses,libtinfo6,6.5+20250216-2,CVE-2025-69720,HIGH,,affected,https://avd.aquasec.com/nvd/cve-2025-69720,6.6+20251231-1,,VENDOR_NOT_AFFECTED_EXACT_VERSION,not_affected,https://raw.githubusercontent.com/canonical/ubuntu-security-notices/a3f40224dd201a816b4725891b70d22f7809225f/vex/cve/2025/CVE-2025-69720.json,pkg:deb/ubuntu/ncurses@6.6+20251231-1?arch=source&distro=resolute,"This package (for the given release), while related to the CVE in some way, is not affected by the issue. CVE Notes / justification: In Ubuntu, compiler hardening restricts this to a denial of service only, so this is just a crash in a command-line tool.",VENDOR_NOT_AFFECTED_EXACT_VERSION,VENDOR_NOT_AFFECTED_EXACT_VERSION
sha256:4662cac700d64379a481f34fc0783e70b52eaa25bdef4d93b22e49b406da67c1 (debian 13.7),debian,ncurses,libtinfo6,6.5+20250216-2,CVE-2025-6141,LOW,,affected,https://avd.aquasec.com/nvd/cve-2025-6141,6.6+20251231-1,,VENDOR_NOT_AFFECTED_EXACT_VERSION,not_affected,https://raw.githubusercontent.com/canonical/ubuntu-security-notices/a3f40224dd201a816b4725891b70d22f7809225f/vex/cve/2025/CVE-2025-6141.json,pkg:deb/ubuntu/ncurses@6.6+20251231-1?arch=source&distro=resolute,"This package (for the given release), while related to the CVE in some way, is not affected by the issue. CVE Notes / justification: This is in the code that parses terminfo database files. terminfo files are normally trusted, and since the fix for CVE-2023-29491, we no longer parse terminfo files when apps are setuid. As such, this doesn't really have a security impact. Setting priority to low.",VENDOR_NOT_AFFECTED_EXACT_VERSION,VENDOR_NOT_AFFECTED_EXACT_VERSION
sha256:4662cac700d64379a481f34fc0783e70b52eaa25bdef4d93b22e49b406da67c1 (debian 13.7),debian,systemd,libudev1,257.13-1~deb13u1,CVE-2026-16742,HIGH,,affected,https://avd.aquasec.com/nvd/cve-2026-16742,259.5-0ubuntu3.4,,VENDOR_FIXED_VERSION_CONFIRMED,fixed,https://raw.githubusercontent.com/canonical/ubuntu-security-notices/a3f40224dd201a816b4725891b70d22f7809225f/vex/cve/2026/CVE-2026-16742.json,pkg:deb/ubuntu/systemd@259.5-0ubuntu3.4?arch=source&distro=resolute,"This package (for the given release) was vulnerable, but an update has been uploaded and published.",VENDOR_FIXED_VERSION_CONFIRMED,VENDOR_FIXED_VERSION_CONFIRMED
sha256:4662cac700d64379a481f34fc0783e70b52eaa25bdef4d93b22e49b406da67c1 (debian 13.7),debian,systemd,libudev1,257.13-1~deb13u1,CVE-2026-15059,MEDIUM,,affected,https://avd.aquasec.com/nvd/cve-2026-15059,259.5-0ubuntu3.4,,VENDOR_FIXED_VERSION_CONFIRMED,fixed,https://raw.githubusercontent.com/canonical/ubuntu-security-notices/a3f40224dd201a816b4725891b70d22f7809225f/vex/cve/2026/CVE-2026-15059.json,pkg:deb/ubuntu/systemd@259.5-0ubuntu3.4?arch=source&distro=resolute,"This package (for the given release) was vulnerable, but an update has been uploaded and published.",VENDOR_FIXED_VERSION_CONFIRMED,VENDOR_FIXED_VERSION_CONFIRMED
sha256:4662cac700d64379a481f34fc0783e70b52eaa25bdef4d93b22e49b406da67c1 (debian 13.7),debian,systemd,libudev1,257.13-1~deb13u1,CVE-2013-4392,LOW,,affected,https://avd.aquasec.com/nvd/cve-2013-4392,259.5-0ubuntu3.4,,OPEN_MISSING_VENDOR_EVIDENCE,,https://raw.githubusercontent.com/canonical/ubuntu-security-notices/a3f40224dd201a816b4725891b70d22f7809225f/vex/cve/2013/CVE-2013-4392.json,,No applicable vendor statement; missing matches are not fixes.,OPEN_MISSING_VENDOR_EVIDENCE,OPEN_MISSING_VENDOR_EVIDENCE
sha256:4662cac700d64379a481f34fc0783e70b52eaa25bdef4d93b22e49b406da67c1 (debian 13.7),debian,systemd,libudev1,257.13-1~deb13u1,CVE-2023-31437,LOW,,affected,https://avd.aquasec.com/nvd/cve-2023-31437,259.5-0ubuntu3.4,,OPEN_MISSING_VENDOR_EVIDENCE,,https://raw.githubusercontent.com/canonical/ubuntu-security-notices/a3f40224dd201a816b4725891b70d22f7809225f/vex/cve/2023/CVE-2023-31437.json,,No applicable vendor statement; missing matches are not fixes.,OPEN_MISSING_VENDOR_EVIDENCE,OPEN_MISSING_VENDOR_EVIDENCE
sha256:4662cac700d64379a481f34fc0783e70b52eaa25bdef4d93b22e49b406da67c1 (debian 13.7),debian,systemd,libudev1,257.13-1~deb13u1,CVE-2023-31438,LOW,,affected,https://avd.aquasec.com/nvd/cve-2023-31438,259.5-0ubuntu3.4,,OPEN_MISSING_VENDOR_EVIDENCE,,https://raw.githubusercontent.com/canonical/ubuntu-security-notices/a3f40224dd201a816b4725891b70d22f7809225f/vex/cve/2023/CVE-2023-31438.json,,No applicable vendor statement; missing matches are not fixes.,OPEN_MISSING_VENDOR_EVIDENCE,OPEN_MISSING_VENDOR_EVIDENCE
sha256:4662cac700d64379a481f34fc0783e70b52eaa25bdef4d93b22e49b406da67c1 (debian 13.7),debian,systemd,libudev1,257.13-1~deb13u1,CVE-2023-31439,LOW,,affected,https://avd.aquasec.com/nvd/cve-2023-31439,259.5-0ubuntu3.4,,OPEN_MISSING_VENDOR_EVIDENCE,,https://raw.githubusercontent.com/canonical/ubuntu-security-notices/a3f40224dd201a816b4725891b70d22f7809225f/vex/cve/2023/CVE-2023-31439.json,,No applicable vendor statement; missing matches are not fixes.,OPEN_MISSING_VENDOR_EVIDENCE,OPEN_MISSING_VENDOR_EVIDENCE
sha256:4662cac700d64379a481f34fc0783e70b52eaa25bdef4d93b22e49b406da67c1 (debian 13.7),debian,systemd,libudev1,257.13-1~deb13u1,CVE-2026-40228,LOW,,affected,https://avd.aquasec.com/nvd/cve-2026-40228,259.5-0ubuntu3.4,LOW,OPEN_UNDER_INVESTIGATION,under_investigation,https://raw.githubusercontent.com/canonical/ubuntu-security-notices/a3f40224dd201a816b4725891b70d22f7809225f/vex/cve/2026/CVE-2026-40228.json,pkg:deb/ubuntu/systemd@259.5-0ubuntu3.4?arch=source&distro=resolute,"This package (for the given release) is vulnerable to the CVE, the problem is understood, but it is currently deferred. CVE Notes / justification: as of 2026-06-05, there does not appear to be a fix for this issue by systemd developers",OPEN_UNDER_INVESTIGATION,OPEN_UNDER_INVESTIGATION
sha256:4662cac700d64379a481f34fc0783e70b52eaa25bdef4d93b22e49b406da67c1 (debian 13.7),debian,libreoffice,libuno-cppu3t64,4:25.2.3-2+deb13u8,CVE-2012-5639,LOW,,affected,https://avd.aquasec.com/nvd/cve-2012-5639,4:26.2.6.3-0ubuntu0.26.04.2,,OPEN_MISSING_VENDOR_EVIDENCE,,https://raw.githubusercontent.com/canonical/ubuntu-security-notices/a3f40224dd201a816b4725891b70d22f7809225f/vex/cve/2012/CVE-2012-5639.json,,No applicable vendor statement; missing matches are not fixes.,OPEN_MISSING_VENDOR_EVIDENCE,OPEN_MISSING_VENDOR_EVIDENCE
sha256:4662cac700d64379a481f34fc0783e70b52eaa25bdef4d93b22e49b406da67c1 (debian 13.7),debian,libreoffice,libuno-cppu3t64,4:25.2.3-2+deb13u8,CVE-2018-10583,LOW,,affected,https://avd.aquasec.com/nvd/cve-2018-10583,4:26.2.6.3-0ubuntu0.26.04.2,,OPEN_MISSING_VENDOR_EVIDENCE,,https://raw.githubusercontent.com/canonical/ubuntu-security-notices/a3f40224dd201a816b4725891b70d22f7809225f/vex/cve/2018/CVE-2018-10583.json,,No applicable vendor statement; missing matches are not fixes.,OPEN_MISSING_VENDOR_EVIDENCE,OPEN_MISSING_VENDOR_EVIDENCE
sha256:4662cac700d64379a481f34fc0783e70b52eaa25bdef4d93b22e49b406da67c1 (debian 13.7),debian,libreoffice,libuno-cppuhelpergcc3-3t64,4:25.2.3-2+deb13u8,CVE-2012-5639,LOW,,affected,https://avd.aquasec.com/nvd/cve-2012-5639,4:26.2.6.3-0ubuntu0.26.04.2,,OPEN_MISSING_VENDOR_EVIDENCE,,https://raw.githubusercontent.com/canonical/ubuntu-security-notices/a3f40224dd201a816b4725891b70d22f7809225f/vex/cve/2012/CVE-2012-5639.json,,No applicable vendor statement; missing matches are not fixes.,OPEN_MISSING_VENDOR_EVIDENCE,OPEN_MISSING_VENDOR_EVIDENCE
sha256:4662cac700d64379a481f34fc0783e70b52eaa25bdef4d93b22e49b406da67c1 (debian 13.7),debian,libreoffice,libuno-cppuhelpergcc3-3t64,4:25.2.3-2+deb13u8,CVE-2018-10583,LOW,,affected,https://avd.aquasec.com/nvd/cve-2018-10583,4:26.2.6.3-0ubuntu0.26.04.2,,OPEN_MISSING_VENDOR_EVIDENCE,,https://raw.githubusercontent.com/canonical/ubuntu-security-notices/a3f40224dd201a816b4725891b70d22f7809225f/vex/cve/2018/CVE-2018-10583.json,,No applicable vendor statement; missing matches are not fixes.,OPEN_MISSING_VENDOR_EVIDENCE,OPEN_MISSING_VENDOR_EVIDENCE
sha256:4662cac700d64379a481f34fc0783e70b52eaa25bdef4d93b22e49b406da67c1 (debian 13.7),debian,libreoffice,libuno-purpenvhelpergcc3-3t64,4:25.2.3-2+deb13u8,CVE-2012-5639,LOW,,affected,https://avd.aquasec.com/nvd/cve-2012-5639,4:26.2.6.3-0ubuntu0.26.04.2,,OPEN_MISSING_VENDOR_EVIDENCE,,https://raw.githubusercontent.com/canonical/ubuntu-security-notices/a3f40224dd201a816b4725891b70d22f7809225f/vex/cve/2012/CVE-2012-5639.json,,No applicable vendor statement; missing matches are not fixes.,OPEN_MISSING_VENDOR_EVIDENCE,OPEN_MISSING_VENDOR_EVIDENCE
sha256:4662cac700d64379a481f34fc0783e70b52eaa25bdef4d93b22e49b406da67c1 (debian 13.7),debian,libreoffice,libuno-purpenvhelpergcc3-3t64,4:25.2.3-2+deb13u8,CVE-2018-10583,LOW,,affected,https://avd.aquasec.com/nvd/cve-2018-10583,4:26.2.6.3-0ubuntu0.26.04.2,,OPEN_MISSING_VENDOR_EVIDENCE,,https://raw.githubusercontent.com/canonical/ubuntu-security-notices/a3f40224dd201a816b4725891b70d22f7809225f/vex/cve/2018/CVE-2018-10583.json,,No applicable vendor statement; missing matches are not fixes.,OPEN_MISSING_VENDOR_EVIDENCE,OPEN_MISSING_VENDOR_EVIDENCE
sha256:4662cac700d64379a481f34fc0783e70b52eaa25bdef4d93b22e49b406da67c1 (debian 13.7),debian,libreoffice,libuno-sal3t64,4:25.2.3-2+deb13u8,CVE-2012-5639,LOW,,affected,https://avd.aquasec.com/nvd/cve-2012-5639,4:26.2.6.3-0ubuntu0.26.04.2,,OPEN_MISSING_VENDOR_EVIDENCE,,https://raw.githubusercontent.com/canonical/ubuntu-security-notices/a3f40224dd201a816b4725891b70d22f7809225f/vex/cve/2012/CVE-2012-5639.json,,No applicable vendor statement; missing matches are not fixes.,OPEN_MISSING_VENDOR_EVIDENCE,OPEN_MISSING_VENDOR_EVIDENCE
sha256:4662cac700d64379a481f34fc0783e70b52eaa25bdef4d93b22e49b406da67c1 (debian 13.7),debian,libreoffice,libuno-sal3t64,4:25.2.3-2+deb13u8,CVE-2018-10583,LOW,,affected,https://avd.aquasec.com/nvd/cve-2018-10583,4:26.2.6.3-0ubuntu0.26.04.2,,OPEN_MISSING_VENDOR_EVIDENCE,,https://raw.githubusercontent.com/canonical/ubuntu-security-notices/a3f40224dd201a816b4725891b70d22f7809225f/vex/cve/2018/CVE-2018-10583.json,,No applicable vendor statement; missing matches are not fixes.,OPEN_MISSING_VENDOR_EVIDENCE,OPEN_MISSING_VENDOR_EVIDENCE
sha256:4662cac700d64379a481f34fc0783e70b52eaa25bdef4d93b22e49b406da67c1 (debian 13.7),debian,libreoffice,libuno-salhelpergcc3-3t64,4:25.2.3-2+deb13u8,CVE-2012-5639,LOW,,affected,https://avd.aquasec.com/nvd/cve-2012-5639,4:26.2.6.3-0ubuntu0.26.04.2,,OPEN_MISSING_VENDOR_EVIDENCE,,https://raw.githubusercontent.com/canonical/ubuntu-security-notices/a3f40224dd201a816b4725891b70d22f7809225f/vex/cve/2012/CVE-2012-5639.json,,No applicable vendor statement; missing matches are not fixes.,OPEN_MISSING_VENDOR_EVIDENCE,OPEN_MISSING_VENDOR_EVIDENCE
sha256:4662cac700d64379a481f34fc0783e70b52eaa25bdef4d93b22e49b406da67c1 (debian 13.7),debian,libreoffice,libuno-salhelpergcc3-3t64,4:25.2.3-2+deb13u8,CVE-2018-10583,LOW,,affected,https://avd.aquasec.com/nvd/cve-2018-10583,4:26.2.6.3-0ubuntu0.26.04.2,,OPEN_MISSING_VENDOR_EVIDENCE,,https://raw.githubusercontent.com/canonical/ubuntu-security-notices/a3f40224dd201a816b4725891b70d22f7809225f/vex/cve/2018/CVE-2018-10583.json,,No applicable vendor statement; missing matches are not fixes.,OPEN_MISSING_VENDOR_EVIDENCE,OPEN_MISSING_VENDOR_EVIDENCE
sha256:4662cac700d64379a481f34fc0783e70b52eaa25bdef4d93b22e49b406da67c1 (debian 13.7),debian,libusb-1.0,libusb-1.0-0,2:1.0.28-1,CVE-2026-23679,MEDIUM,,affected,https://avd.aquasec.com/nvd/cve-2026-23679,,,OPEN_MISSING_VENDOR_EVIDENCE,,https://raw.githubusercontent.com/canonical/ubuntu-security-notices/a3f40224dd201a816b4725891b70d22f7809225f/vex/cve/2026/CVE-2026-23679.json,,No applicable vendor statement; missing matches are not fixes.,OPEN_MISSING_VENDOR_EVIDENCE,OPEN_MISSING_VENDOR_EVIDENCE
sha256:4662cac700d64379a481f34fc0783e70b52eaa25bdef4d93b22e49b406da67c1 (debian 13.7),debian,libusb-1.0,libusb-1.0-0,2:1.0.28-1,CVE-2026-47104,MEDIUM,,affected,https://avd.aquasec.com/nvd/cve-2026-47104,,,OPEN_MISSING_VENDOR_EVIDENCE,,https://raw.githubusercontent.com/canonical/ubuntu-security-notices/a3f40224dd201a816b4725891b70d22f7809225f/vex/cve/2026/CVE-2026-47104.json,,No applicable vendor statement; missing matches are not fixes.,OPEN_MISSING_VENDOR_EVIDENCE,OPEN_MISSING_VENDOR_EVIDENCE
sha256:4662cac700d64379a481f34fc0783e70b52eaa25bdef4d93b22e49b406da67c1 (debian 13.7),debian,util-linux,libuuid1,2.41.5-0+deb13u1,CVE-2026-76642,HIGH,,affected,https://avd.aquasec.com/nvd/cve-2026-76642,2.41.3-3ubuntu2.2 (other utilities); 2.42.4+lms1 (reviewed affected components),,UPSTREAM_AFFECTED_COMPONENTS_FIXED_VERIFIED,under_investigation,https://security-tracker.debian.org/tracker/CVE-2026-76642,pkg:deb/ubuntu/util-linux@2.41.3-3ubuntu2.2?arch=source&distro=resolute,"Affected mount/umount/nsenter and libmount code upgraded to upstream 2.42.4; hashes, versioned ABI exports and runtime compatibility checked. Other Ubuntu util-linux binaries retain their original versions. This closes only four reviewed advisories.",OPEN_UNDER_INVESTIGATION,OPEN_UNDER_INVESTIGATION
sha256:4662cac700d64379a481f34fc0783e70b52eaa25bdef4d93b22e49b406da67c1 (debian 13.7),debian,util-linux,libuuid1,2.41.5-0+deb13u1,CVE-2026-78408,HIGH,,affected,https://avd.aquasec.com/nvd/cve-2026-78408,2.41.3-3ubuntu2.2 (other utilities); 2.42.4+lms1 (reviewed affected components),,UPSTREAM_AFFECTED_COMPONENTS_FIXED_VERIFIED,under_investigation,https://security-tracker.debian.org/tracker/CVE-2026-78408,pkg:deb/ubuntu/util-linux@2.41.3-3ubuntu2.2?arch=source&distro=resolute,"Affected mount/umount/nsenter and libmount code upgraded to upstream 2.42.4; hashes, versioned ABI exports and runtime compatibility checked. Other Ubuntu util-linux binaries retain their original versions. This closes only four reviewed advisories.",OPEN_UNDER_INVESTIGATION,OPEN_UNDER_INVESTIGATION
sha256:4662cac700d64379a481f34fc0783e70b52eaa25bdef4d93b22e49b406da67c1 (debian 13.7),debian,util-linux,libuuid1,2.41.5-0+deb13u1,CVE-2026-78409,HIGH,,affected,https://avd.aquasec.com/nvd/cve-2026-78409,2.41.3-3ubuntu2.2 (other utilities); 2.42.4+lms1 (reviewed affected components),,UPSTREAM_AFFECTED_COMPONENTS_FIXED_VERIFIED,under_investigation,https://security-tracker.debian.org/tracker/CVE-2026-78409,pkg:deb/ubuntu/util-linux@2.41.3-3ubuntu2.2?arch=source&distro=resolute,"Affected mount/umount/nsenter and libmount code upgraded to upstream 2.42.4; hashes, versioned ABI exports and runtime compatibility checked. Other Ubuntu util-linux binaries retain their original versions. This closes only four reviewed advisories.",OPEN_UNDER_INVESTIGATION,OPEN_UNDER_INVESTIGATION
sha256:4662cac700d64379a481f34fc0783e70b52eaa25bdef4d93b22e49b406da67c1 (debian 13.7),debian,util-linux,libuuid1,2.41.5-0+deb13u1,CVE-2026-78410,HIGH,,affected,https://avd.aquasec.com/nvd/cve-2026-78410,2.41.3-3ubuntu2.2 (other utilities); 2.42.4+lms1 (reviewed affected components),,UPSTREAM_AFFECTED_COMPONENTS_FIXED_VERIFIED,under_investigation,https://security-tracker.debian.org/tracker/CVE-2026-78410,pkg:deb/ubuntu/util-linux@2.41.3-3ubuntu2.2?arch=source&distro=resolute,"Affected mount/umount/nsenter and libmount code upgraded to upstream 2.42.4; hashes, versioned ABI exports and runtime compatibility checked. Other Ubuntu util-linux binaries retain their original versions. This closes only four reviewed advisories.",OPEN_UNDER_INVESTIGATION,OPEN_UNDER_INVESTIGATION
sha256:4662cac700d64379a481f34fc0783e70b52eaa25bdef4d93b22e49b406da67c1 (debian 13.7),debian,util-linux,libuuid1,2.41.5-0+deb13u1,CVE-2026-3184,MEDIUM,,affected,https://avd.aquasec.com/nvd/cve-2026-3184,2.41.3-3ubuntu2.2,,VENDOR_FIXED_VERSION_CONFIRMED,fixed,https://raw.githubusercontent.com/canonical/ubuntu-security-notices/a3f40224dd201a816b4725891b70d22f7809225f/vex/cve/2026/CVE-2026-3184.json,pkg:deb/ubuntu/util-linux@2.41.3-3ubuntu2.2?arch=source&distro=resolute,"This package (for the given release) was vulnerable, but an update has been uploaded and published.",VENDOR_FIXED_VERSION_CONFIRMED,VENDOR_FIXED_VERSION_CONFIRMED
sha256:4662cac700d64379a481f34fc0783e70b52eaa25bdef4d93b22e49b406da67c1 (debian 13.7),debian,util-linux,libuuid1,2.41.5-0+deb13u1,CVE-2022-0563,LOW,,affected,https://avd.aquasec.com/nvd/cve-2022-0563,2.41.3-3ubuntu2.2,,OPEN_MISSING_VENDOR_EVIDENCE,,https://raw.githubusercontent.com/canonical/ubuntu-security-notices/a3f40224dd201a816b4725891b70d22f7809225f/vex/cve/2022/CVE-2022-0563.json,,No applicable vendor statement; missing matches are not fixes.,OPEN_MISSING_VENDOR_EVIDENCE,OPEN_MISSING_VENDOR_EVIDENCE
sha256:4662cac700d64379a481f34fc0783e70b52eaa25bdef4d93b22e49b406da67c1 (debian 13.7),debian,libx11,libx11-6,2:1.8.12-1,CVE-2026-88806,HIGH,,affected,https://avd.aquasec.com/nvd/cve-2026-88806,2:1.8.13-1,,OPEN_UNDER_INVESTIGATION,under_investigation,https://raw.githubusercontent.com/canonical/ubuntu-security-notices/a3f40224dd201a816b4725891b70d22f7809225f/vex/cve/2026/CVE-2026-88806.json,pkg:deb/ubuntu/libx11@2:1.8.13-1?arch=source&distro=resolute,Ubuntu Security Team classified this CVE as of Medium priority.,OPEN_UNDER_INVESTIGATION,OPEN_UNDER_INVESTIGATION
sha256:4662cac700d64379a481f34fc0783e70b52eaa25bdef4d93b22e49b406da67c1 (debian 13.7),debian,libx11,libx11-6,2:1.8.12-1,CVE-2026-94283,MEDIUM,,affected,https://avd.aquasec.com/nvd/cve-2026-94283,2:1.8.13-1,,OPEN_UNDER_INVESTIGATION,under_investigation,https://raw.githubusercontent.com/canonical/ubuntu-security-notices/a3f40224dd201a816b4725891b70d22f7809225f/vex/cve/2026/CVE-2026-94283.json,pkg:deb/ubuntu/libx11@2:1.8.13-1?arch=source&distro=resolute,Ubuntu Security Team classified this CVE as of Medium priority.,OPEN_UNDER_INVESTIGATION,OPEN_UNDER_INVESTIGATION
sha256:4662cac700d64379a481f34fc0783e70b52eaa25bdef4d93b22e49b406da67c1 (debian 13.7),debian,libx11,libx11-6,2:1.8.12-1,CVE-2026-94284,MEDIUM,,affected,https://avd.aquasec.com/nvd/cve-2026-94284,2:1.8.13-1,,OPEN_UNDER_INVESTIGATION,under_investigation,https://raw.githubusercontent.com/canonical/ubuntu-security-notices/a3f40224dd201a816b4725891b70d22f7809225f/vex/cve/2026/CVE-2026-94284.json,pkg:deb/ubuntu/libx11@2:1.8.13-1?arch=source&distro=resolute,Ubuntu Security Team classified this CVE as of Medium priority.,OPEN_UNDER_INVESTIGATION,OPEN_UNDER_INVESTIGATION
sha256:4662cac700d64379a481f34fc0783e70b52eaa25bdef4d93b22e49b406da67c1 (debian 13.7),debian,libx11,libx11-6,2:1.8.12-1,CVE-2026-94285,MEDIUM,,affected,https://avd.aquasec.com/nvd/cve-2026-94285,2:1.8.13-1,,OPEN_UNDER_INVESTIGATION,under_investigation,https://raw.githubusercontent.com/canonical/ubuntu-security-notices/a3f40224dd201a816b4725891b70d22f7809225f/vex/cve/2026/CVE-2026-94285.json,pkg:deb/ubuntu/libx11@2:1.8.13-1?arch=source&distro=resolute,Ubuntu Security Team classified this CVE as of Medium priority.,OPEN_UNDER_INVESTIGATION,OPEN_UNDER_INVESTIGATION
sha256:4662cac700d64379a481f34fc0783e70b52eaa25bdef4d93b22e49b406da67c1 (debian 13.7),debian,libx11,libx11-data,2:1.8.12-1,CVE-2026-88806,HIGH,,affected,https://avd.aquasec.com/nvd/cve-2026-88806,2:1.8.13-1,,OPEN_UNDER_INVESTIGATION,under_investigation,https://raw.githubusercontent.com/canonical/ubuntu-security-notices/a3f40224dd201a816b4725891b70d22f7809225f/vex/cve/2026/CVE-2026-88806.json,pkg:deb/ubuntu/libx11@2:1.8.13-1?arch=source&distro=resolute,Ubuntu Security Team classified this CVE as of Medium priority.,OPEN_UNDER_INVESTIGATION,OPEN_UNDER_INVESTIGATION
sha256:4662cac700d64379a481f34fc0783e70b52eaa25bdef4d93b22e49b406da67c1 (debian 13.7),debian,libx11,libx11-data,2:1.8.12-1,CVE-2026-94283,MEDIUM,,affected,https://avd.aquasec.com/nvd/cve-2026-94283,2:1.8.13-1,,OPEN_UNDER_INVESTIGATION,under_investigation,https://raw.githubusercontent.com/canonical/ubuntu-security-notices/a3f40224dd201a816b4725891b70d22f7809225f/vex/cve/2026/CVE-2026-94283.json,pkg:deb/ubuntu/libx11@2:1.8.13-1?arch=source&distro=resolute,Ubuntu Security Team classified this CVE as of Medium priority.,OPEN_UNDER_INVESTIGATION,OPEN_UNDER_INVESTIGATION
sha256:4662cac700d64379a481f34fc0783e70b52eaa25bdef4d93b22e49b406da67c1 (debian 13.7),debian,libx11,libx11-data,2:1.8.12-1,CVE-2026-94284,MEDIUM,,affected,https://avd.aquasec.com/nvd/cve-2026-94284,2:1.8.13-1,,OPEN_UNDER_INVESTIGATION,under_investigation,https://raw.githubusercontent.com/canonical/ubuntu-security-notices/a3f40224dd201a816b4725891b70d22f7809225f/vex/cve/2026/CVE-2026-94284.json,pkg:deb/ubuntu/libx11@2:1.8.13-1?arch=source&distro=resolute,Ubuntu Security Team classified this CVE as of Medium priority.,OPEN_UNDER_INVESTIGATION,OPEN_UNDER_INVESTIGATION
sha256:4662cac700d64379a481f34fc0783e70b52eaa25bdef4d93b22e49b406da67c1 (debian 13.7),debian,libx11,libx11-data,2:1.8.12-1,CVE-2026-94285,MEDIUM,,affected,https://avd.aquasec.com/nvd/cve-2026-94285,2:1.8.13-1,,OPEN_UNDER_INVESTIGATION,under_investigation,https://raw.githubusercontent.com/canonical/ubuntu-security-notices/a3f40224dd201a816b4725891b70d22f7809225f/vex/cve/2026/CVE-2026-94285.json,pkg:deb/ubuntu/libx11@2:1.8.13-1?arch=source&distro=resolute,Ubuntu Security Team classified this CVE as of Medium priority.,OPEN_UNDER_INVESTIGATION,OPEN_UNDER_INVESTIGATION
sha256:4662cac700d64379a481f34fc0783e70b52eaa25bdef4d93b22e49b406da67c1 (debian 13.7),debian,libx11,libx11-xcb1,2:1.8.12-1,CVE-2026-88806,HIGH,,affected,https://avd.aquasec.com/nvd/cve-2026-88806,2:1.8.13-1,,OPEN_UNDER_INVESTIGATION,under_investigation,https://raw.githubusercontent.com/canonical/ubuntu-security-notices/a3f40224dd201a816b4725891b70d22f7809225f/vex/cve/2026/CVE-2026-88806.json,pkg:deb/ubuntu/libx11@2:1.8.13-1?arch=source&distro=resolute,Ubuntu Security Team classified this CVE as of Medium priority.,OPEN_UNDER_INVESTIGATION,OPEN_UNDER_INVESTIGATION
sha256:4662cac700d64379a481f34fc0783e70b52eaa25bdef4d93b22e49b406da67c1 (debian 13.7),debian,libx11,libx11-xcb1,2:1.8.12-1,CVE-2026-94283,MEDIUM,,affected,https://avd.aquasec.com/nvd/cve-2026-94283,2:1.8.13-1,,OPEN_UNDER_INVESTIGATION,under_investigation,https://raw.githubusercontent.com/canonical/ubuntu-security-notices/a3f40224dd201a816b4725891b70d22f7809225f/vex/cve/2026/CVE-2026-94283.json,pkg:deb/ubuntu/libx11@2:1.8.13-1?arch=source&distro=resolute,Ubuntu Security Team classified this CVE as of Medium priority.,OPEN_UNDER_INVESTIGATION,OPEN_UNDER_INVESTIGATION
sha256:4662cac700d64379a481f34fc0783e70b52eaa25bdef4d93b22e49b406da67c1 (debian 13.7),debian,libx11,libx11-xcb1,2:1.8.12-1,CVE-2026-94284,MEDIUM,,affected,https://avd.aquasec.com/nvd/cve-2026-94284,2:1.8.13-1,,OPEN_UNDER_INVESTIGATION,under_investigation,https://raw.githubusercontent.com/canonical/ubuntu-security-notices/a3f40224dd201a816b4725891b70d22f7809225f/vex/cve/2026/CVE-2026-94284.json,pkg:deb/ubuntu/libx11@2:1.8.13-1?arch=source&distro=resolute,Ubuntu Security Team classified this CVE as of Medium priority.,OPEN_UNDER_INVESTIGATION,OPEN_UNDER_INVESTIGATION
sha256:4662cac700d64379a481f34fc0783e70b52eaa25bdef4d93b22e49b406da67c1 (debian 13.7),debian,libx11,libx11-xcb1,2:1.8.12-1,CVE-2026-94285,MEDIUM,,affected,https://avd.aquasec.com/nvd/cve-2026-94285,2:1.8.13-1,,OPEN_UNDER_INVESTIGATION,under_investigation,https://raw.githubusercontent.com/canonical/ubuntu-security-notices/a3f40224dd201a816b4725891b70d22f7809225f/vex/cve/2026/CVE-2026-94285.json,pkg:deb/ubuntu/libx11@2:1.8.13-1?arch=source&distro=resolute,Ubuntu Security Team classified this CVE as of Medium priority.,OPEN_UNDER_INVESTIGATION,OPEN_UNDER_INVESTIGATION
sha256:4662cac700d64379a481f34fc0783e70b52eaa25bdef4d93b22e49b406da67c1 (debian 13.7),debian,x264,libx264-164,2:0.164.3108+git31e19f9-2+b1,CVE-2025-25467,LOW,,affected,https://avd.aquasec.com/nvd/cve-2025-25467,2:0.165.3222+gitb35605ac-3build1,MEDIUM,OPEN_UNDER_INVESTIGATION,under_investigation,https://raw.githubusercontent.com/canonical/ubuntu-security-notices/a3f40224dd201a816b4725891b70d22f7809225f/vex/cve/2025/CVE-2025-25467.json,pkg:deb/ubuntu/x264@2:0.165.3222+gitb35605ac-3build1?arch=source&distro=resolute,"This package (for the given release) is vulnerable to the CVE, the problem is understood, but it is currently deferred. CVE Notes / justification: The patch has not yet been merged upstream. A fix was proposed in: https://code.videolan.org/videolan/x264/-/merge_requests/183 But the PR was closed and no follow-up PR was created. This is the status as of 2026-04-21.",OPEN_UNDER_INVESTIGATION,OPEN_UNDER_INVESTIGATION
sha256:4662cac700d64379a481f34fc0783e70b52eaa25bdef4d93b22e49b406da67c1 (debian 13.7),debian,libxfont,libxfont2,1:2.0.6-1+deb13u1,CVE-2026-44950,LOW,,affected,https://avd.aquasec.com/nvd/cve-2026-44950,1:2.0.6-2ubuntu0.2,,VENDOR_NOT_AFFECTED_EXACT_VERSION,not_affected,https://raw.githubusercontent.com/canonical/ubuntu-security-notices/a3f40224dd201a816b4725891b70d22f7809225f/vex/cve/2026/CVE-2026-44950.json,pkg:deb/ubuntu/libxfont@1:2.0.6-2ubuntu0.2?arch=source&distro=resolute,"This package (for the given release), while related to the CVE in some way, is not affected by the issue. CVE Notes / justification: The vulnerable code is in the font-server client (src/fc/fserve.c). Ubuntu builds libxfont with --disable-fc, so src/fc/* is not compiled and the code is not in any shipped binary.",VENDOR_NOT_AFFECTED_EXACT_VERSION,VENDOR_NOT_AFFECTED_EXACT_VERSION
sha256:4662cac700d64379a481f34fc0783e70b52eaa25bdef4d93b22e49b406da67c1 (debian 13.7),debian,libxfont,libxfont2,1:2.0.6-1+deb13u1,CVE-2026-59679,LOW,,affected,https://avd.aquasec.com/nvd/cve-2026-59679,1:2.0.6-2ubuntu0.2,,VENDOR_NOT_AFFECTED_EXACT_VERSION,not_affected,https://raw.githubusercontent.com/canonical/ubuntu-security-notices/a3f40224dd201a816b4725891b70d22f7809225f/vex/cve/2026/CVE-2026-59679.json,pkg:deb/ubuntu/libxfont@1:2.0.6-2ubuntu0.2?arch=source&distro=resolute,"This package (for the given release), while related to the CVE in some way, is not affected by the issue. CVE Notes / justification: The vulnerable code is in the font-server client (src/fc/fserve.c). Ubuntu builds libxfont with --disable-fc, so src/fc/* is not compiled and the code is not in any shipped binary.",VENDOR_NOT_AFFECTED_EXACT_VERSION,VENDOR_NOT_AFFECTED_EXACT_VERSION
sha256:4662cac700d64379a481f34fc0783e70b52eaa25bdef4d93b22e49b406da67c1 (debian 13.7),debian,libxi,libxi6,2:1.8.2-1,CVE-2026-93541,MEDIUM,,affected,https://avd.aquasec.com/nvd/cve-2026-93541,2:1.8.2-2,,OPEN_UNDER_INVESTIGATION,under_investigation,https://raw.githubusercontent.com/canonical/ubuntu-security-notices/a3f40224dd201a816b4725891b70d22f7809225f/vex/cve/2026/CVE-2026-93541.json,pkg:deb/ubuntu/libxi@2:1.8.2-2?arch=source&distro=resolute,Ubuntu Security Team classified this CVE as of Medium priority.,OPEN_UNDER_INVESTIGATION,OPEN_UNDER_INVESTIGATION
sha256:4662cac700d64379a481f34fc0783e70b52eaa25bdef4d93b22e49b406da67c1 (debian 13.7),debian,libxi,libxi6,2:1.8.2-1,CVE-2026-93542,MEDIUM,,affected,https://avd.aquasec.com/nvd/cve-2026-93542,2:1.8.2-2,,OPEN_UNDER_INVESTIGATION,under_investigation,https://raw.githubusercontent.com/canonical/ubuntu-security-notices/a3f40224dd201a816b4725891b70d22f7809225f/vex/cve/2026/CVE-2026-93542.json,pkg:deb/ubuntu/libxi@2:1.8.2-2?arch=source&distro=resolute,Ubuntu Security Team classified this CVE as of Medium priority.,OPEN_UNDER_INVESTIGATION,OPEN_UNDER_INVESTIGATION
sha256:4662cac700d64379a481f34fc0783e70b52eaa25bdef4d93b22e49b406da67c1 (debian 13.7),debian,libxi,libxi6,2:1.8.2-1,CVE-2026-93543,MEDIUM,,affected,https://avd.aquasec.com/nvd/cve-2026-93543,2:1.8.2-2,,OPEN_UNDER_INVESTIGATION,under_investigation,https://raw.githubusercontent.com/canonical/ubuntu-security-notices/a3f40224dd201a816b4725891b70d22f7809225f/vex/cve/2026/CVE-2026-93543.json,pkg:deb/ubuntu/libxi@2:1.8.2-2?arch=source&distro=resolute,Ubuntu Security Team classified this CVE as of Medium priority.,OPEN_UNDER_INVESTIGATION,OPEN_UNDER_INVESTIGATION
sha256:4662cac700d64379a481f34fc0783e70b52eaa25bdef4d93b22e49b406da67c1 (debian 13.7),debian,libxi,libxi6,2:1.8.2-1,CVE-2026-93544,MEDIUM,,affected,https://avd.aquasec.com/nvd/cve-2026-93544,2:1.8.2-2,,OPEN_UNDER_INVESTIGATION,under_investigation,https://raw.githubusercontent.com/canonical/ubuntu-security-notices/a3f40224dd201a816b4725891b70d22f7809225f/vex/cve/2026/CVE-2026-93544.json,pkg:deb/ubuntu/libxi@2:1.8.2-2?arch=source&distro=resolute,Ubuntu Security Team classified this CVE as of Medium priority.,OPEN_UNDER_INVESTIGATION,OPEN_UNDER_INVESTIGATION
sha256:4662cac700d64379a481f34fc0783e70b52eaa25bdef4d93b22e49b406da67c1 (debian 13.7),debian,libxi,libxi6,2:1.8.2-1,CVE-2026-93545,MEDIUM,,affected,https://avd.aquasec.com/nvd/cve-2026-93545,2:1.8.2-2,,OPEN_UNDER_INVESTIGATION,under_investigation,https://raw.githubusercontent.com/canonical/ubuntu-security-notices/a3f40224dd201a816b4725891b70d22f7809225f/vex/cve/2026/CVE-2026-93545.json,pkg:deb/ubuntu/libxi@2:1.8.2-2?arch=source&distro=resolute,Ubuntu Security Team classified this CVE as of Medium priority.,OPEN_UNDER_INVESTIGATION,OPEN_UNDER_INVESTIGATION
sha256:4662cac700d64379a481f34fc0783e70b52eaa25bdef4d93b22e49b406da67c1 (debian 13.7),debian,libxi,libxi6,2:1.8.2-1,CVE-2026-94281,MEDIUM,,affected,https://avd.aquasec.com/nvd/cve-2026-94281,2:1.8.2-2,,OPEN_UNDER_INVESTIGATION,under_investigation,https://raw.githubusercontent.com/canonical/ubuntu-security-notices/a3f40224dd201a816b4725891b70d22f7809225f/vex/cve/2026/CVE-2026-94281.json,pkg:deb/ubuntu/libxi@2:1.8.2-2?arch=source&distro=resolute,Ubuntu Security Team classified this CVE as of Medium priority.,OPEN_UNDER_INVESTIGATION,OPEN_UNDER_INVESTIGATION
sha256:4662cac700d64379a481f34fc0783e70b52eaa25bdef4d93b22e49b406da67c1 (debian 13.7),debian,libxi,libxi6,2:1.8.2-1,CVE-2026-94282,MEDIUM,,affected,https://avd.aquasec.com/nvd/cve-2026-94282,2:1.8.2-2,,OPEN_UNDER_INVESTIGATION,under_investigation,https://raw.githubusercontent.com/canonical/ubuntu-security-notices/a3f40224dd201a816b4725891b70d22f7809225f/vex/cve/2026/CVE-2026-94282.json,pkg:deb/ubuntu/libxi@2:1.8.2-2?arch=source&distro=resolute,Ubuntu Security Team classified this CVE as of Medium priority.,OPEN_UNDER_INVESTIGATION,OPEN_UNDER_INVESTIGATION
sha256:4662cac700d64379a481f34fc0783e70b52eaa25bdef4d93b22e49b406da67c1 (debian 13.7),debian,libxml2,libxml2,2.12.7+dfsg+really2.9.14-2.1+deb13u3,CVE-2026-6653,CRITICAL,,affected,https://avd.aquasec.com/nvd/cve-2026-6653,2.15.4+lms1,,UPSTREAM_FIXED_VERSION_VERIFIED,not_affected,https://security-tracker.debian.org/tracker/CVE-2026-6653,pkg:deb/ubuntu/libxml2@2.15.2+dfsg-0.1ubuntu0.2?arch=source&distro=resolute,"Reviewed upstream release threshold 2.14.5+dfsg-0.1; runtime version and source hash verified. See preserved tracker feed, SHA256 d059b671f7cbb86a0341f779543f41813d93412e26c745d2c2473c49f89a81ac.",OPEN_NOT_AFFECTED,UPSTREAM_FIXED_VERSION_VERIFIED
sha256:4662cac700d64379a481f34fc0783e70b52eaa25bdef4d93b22e49b406da67c1 (debian 13.7),debian,libxml2,libxml2,2.12.7+dfsg+really2.9.14-2.1+deb13u3,CVE-2026-74860,HIGH,,affected,https://avd.aquasec.com/nvd/cve-2026-74860,2.15.4+lms1,,UPSTREAM_FIXED_VERSION_VERIFIED,fixed,https://security-tracker.debian.org/tracker/CVE-2026-74860,pkg:deb/ubuntu/libxml2@2.15.2+dfsg-0.1ubuntu0.2?arch=source&distro=resolute,"Reviewed upstream release threshold 2.15.3+dfsg-1; runtime version and source hash verified. See preserved tracker feed, SHA256 d059b671f7cbb86a0341f779543f41813d93412e26c745d2c2473c49f89a81ac.",VENDOR_FIXED_VERSION_CONFIRMED,UPSTREAM_FIXED_VERSION_VERIFIED
sha256:4662cac700d64379a481f34fc0783e70b52eaa25bdef4d93b22e49b406da67c1 (debian 13.7),debian,libxml2,libxml2,2.12.7+dfsg+really2.9.14-2.1+deb13u3,CVE-2026-86138,HIGH,,affected,https://avd.aquasec.com/nvd/cve-2026-86138,2.15.4+lms1,,UPSTREAM_FIXED_VERSION_VERIFIED,under_investigation,https://security-tracker.debian.org/tracker/CVE-2026-86138,pkg:deb/ubuntu/libxml2@2.15.2+dfsg-0.1ubuntu0.2?arch=source&distro=resolute,"Reviewed upstream release threshold 2.15.4+dfsg-1; runtime version and source hash verified. See preserved tracker feed, SHA256 d059b671f7cbb86a0341f779543f41813d93412e26c745d2c2473c49f89a81ac.",OPEN_UNDER_INVESTIGATION,UPSTREAM_FIXED_VERSION_VERIFIED
sha256:4662cac700d64379a481f34fc0783e70b52eaa25bdef4d93b22e49b406da67c1 (debian 13.7),debian,libxml2,libxml2,2.12.7+dfsg+really2.9.14-2.1+deb13u3,CVE-2026-86139,HIGH,,affected,https://avd.aquasec.com/nvd/cve-2026-86139,2.15.4+lms1,,UPSTREAM_FIXED_VERSION_VERIFIED,under_investigation,https://security-tracker.debian.org/tracker/CVE-2026-86139,pkg:deb/ubuntu/libxml2@2.15.2+dfsg-0.1ubuntu0.2?arch=source&distro=resolute,"Reviewed upstream release threshold 2.15.4+dfsg-1; runtime version and source hash verified. See preserved tracker feed, SHA256 d059b671f7cbb86a0341f779543f41813d93412e26c745d2c2473c49f89a81ac.",OPEN_UNDER_INVESTIGATION,UPSTREAM_FIXED_VERSION_VERIFIED
sha256:4662cac700d64379a481f34fc0783e70b52eaa25bdef4d93b22e49b406da67c1 (debian 13.7),debian,libxml2,libxml2,2.12.7+dfsg+really2.9.14-2.1+deb13u3,CVE-2026-86140,HIGH,,affected,https://avd.aquasec.com/nvd/cve-2026-86140,2.15.4+lms1,,UPSTREAM_FIXED_VERSION_VERIFIED,fixed,https://security-tracker.debian.org/tracker/CVE-2026-86140,pkg:deb/ubuntu/libxml2@2.15.2+dfsg-0.1ubuntu0.2?arch=source&distro=resolute,"Reviewed upstream release threshold 2.15.4+dfsg-1; runtime version and source hash verified. See preserved tracker feed, SHA256 d059b671f7cbb86a0341f779543f41813d93412e26c745d2c2473c49f89a81ac.",VENDOR_FIXED_VERSION_CONFIRMED,UPSTREAM_FIXED_VERSION_VERIFIED
sha256:4662cac700d64379a481f34fc0783e70b52eaa25bdef4d93b22e49b406da67c1 (debian 13.7),debian,libxml2,libxml2,2.12.7+dfsg+really2.9.14-2.1+deb13u3,CVE-2026-86142,HIGH,,affected,https://avd.aquasec.com/nvd/cve-2026-86142,2.15.4+lms1,,UPSTREAM_FIXED_VERSION_VERIFIED,under_investigation,https://security-tracker.debian.org/tracker/CVE-2026-86142,pkg:deb/ubuntu/libxml2@2.15.2+dfsg-0.1ubuntu0.2?arch=source&distro=resolute,"Reviewed upstream release threshold 2.15.4+dfsg-1; runtime version and source hash verified. See preserved tracker feed, SHA256 d059b671f7cbb86a0341f779543f41813d93412e26c745d2c2473c49f89a81ac.",OPEN_UNDER_INVESTIGATION,UPSTREAM_FIXED_VERSION_VERIFIED
sha256:4662cac700d64379a481f34fc0783e70b52eaa25bdef4d93b22e49b406da67c1 (debian 13.7),debian,libxml2,libxml2,2.12.7+dfsg+really2.9.14-2.1+deb13u3,CVE-2026-86143,HIGH,,affected,https://avd.aquasec.com/nvd/cve-2026-86143,2.15.4+lms1,,UPSTREAM_FIXED_VERSION_VERIFIED,under_investigation,https://security-tracker.debian.org/tracker/CVE-2026-86143,pkg:deb/ubuntu/libxml2@2.15.2+dfsg-0.1ubuntu0.2?arch=source&distro=resolute,"Reviewed upstream release threshold 2.15.4+dfsg-1; runtime version and source hash verified. See preserved tracker feed, SHA256 d059b671f7cbb86a0341f779543f41813d93412e26c745d2c2473c49f89a81ac.",OPEN_UNDER_INVESTIGATION,UPSTREAM_FIXED_VERSION_VERIFIED
sha256:4662cac700d64379a481f34fc0783e70b52eaa25bdef4d93b22e49b406da67c1 (debian 13.7),debian,libxml2,libxml2,2.12.7+dfsg+really2.9.14-2.1+deb13u3,CVE-2026-86144,HIGH,,affected,https://avd.aquasec.com/nvd/cve-2026-86144,2.15.4+lms1,,UPSTREAM_FIXED_VERSION_VERIFIED,under_investigation,https://security-tracker.debian.org/tracker/CVE-2026-86144,pkg:deb/ubuntu/libxml2@2.15.2+dfsg-0.1ubuntu0.2?arch=source&distro=resolute,"Reviewed upstream release threshold 2.15.4+dfsg-1; runtime version and source hash verified. See preserved tracker feed, SHA256 d059b671f7cbb86a0341f779543f41813d93412e26c745d2c2473c49f89a81ac.",OPEN_UNDER_INVESTIGATION,UPSTREAM_FIXED_VERSION_VERIFIED
sha256:4662cac700d64379a481f34fc0783e70b52eaa25bdef4d93b22e49b406da67c1 (debian 13.7),debian,libxml2,libxml2,2.12.7+dfsg+really2.9.14-2.1+deb13u3,CVE-2026-76781,MEDIUM,,affected,https://avd.aquasec.com/nvd/cve-2026-76781,2.15.4+lms1,,UPSTREAM_FIXED_VERSION_VERIFIED,under_investigation,https://security-tracker.debian.org/tracker/CVE-2026-76781,pkg:deb/ubuntu/libxml2@2.15.2+dfsg-0.1ubuntu0.2?arch=source&distro=resolute,"Reviewed upstream release threshold 2.15.4+dfsg-1; runtime version and source hash verified. See preserved tracker feed, SHA256 d059b671f7cbb86a0341f779543f41813d93412e26c745d2c2473c49f89a81ac.",OPEN_UNDER_INVESTIGATION,UPSTREAM_FIXED_VERSION_VERIFIED
sha256:4662cac700d64379a481f34fc0783e70b52eaa25bdef4d93b22e49b406da67c1 (debian 13.7),debian,libxml2,libxml2,2.12.7+dfsg+really2.9.14-2.1+deb13u3,CVE-2026-86137,MEDIUM,,affected,https://avd.aquasec.com/nvd/cve-2026-86137,2.15.4+lms1,,UPSTREAM_FIXED_VERSION_VERIFIED,under_investigation,https://security-tracker.debian.org/tracker/CVE-2026-86137,pkg:deb/ubuntu/libxml2@2.15.2+dfsg-0.1ubuntu0.2?arch=source&distro=resolute,"Reviewed upstream release threshold 2.15.4+dfsg-1; runtime version and source hash verified. See preserved tracker feed, SHA256 d059b671f7cbb86a0341f779543f41813d93412e26c745d2c2473c49f89a81ac.",OPEN_UNDER_INVESTIGATION,UPSTREAM_FIXED_VERSION_VERIFIED
sha256:4662cac700d64379a481f34fc0783e70b52eaa25bdef4d93b22e49b406da67c1 (debian 13.7),debian,libxml2,libxml2,2.12.7+dfsg+really2.9.14-2.1+deb13u3,CVE-2026-11979,LOW,,affected,https://avd.aquasec.com/nvd/cve-2026-11979,2.15.4+lms1,,UPSTREAM_FIXED_VERSION_VERIFIED,affected,https://security-tracker.debian.org/tracker/CVE-2026-11979,pkg:deb/ubuntu/libxml2@2.15.2+dfsg-0.1ubuntu0.2?arch=source&distro=resolute,"Reviewed upstream release threshold 2.15.4+dfsg-1; runtime version and source hash verified. See preserved tracker feed, SHA256 d059b671f7cbb86a0341f779543f41813d93412e26c745d2c2473c49f89a81ac.",OPEN_AFFECTED,UPSTREAM_FIXED_VERSION_VERIFIED
sha256:4662cac700d64379a481f34fc0783e70b52eaa25bdef4d93b22e49b406da67c1 (debian 13.7),debian,libxml2,libxml2,2.12.7+dfsg+really2.9.14-2.1+deb13u3,CVE-2026-86141,LOW,,affected,https://avd.aquasec.com/nvd/cve-2026-86141,2.15.4+lms1,,UPSTREAM_FIXED_VERSION_VERIFIED,under_investigation,https://security-tracker.debian.org/tracker/CVE-2026-86141,pkg:deb/ubuntu/libxml2@2.15.2+dfsg-0.1ubuntu0.2?arch=source&distro=resolute,"Reviewed upstream release threshold 2.15.4+dfsg-1; runtime version and source hash verified. See preserved tracker feed, SHA256 d059b671f7cbb86a0341f779543f41813d93412e26c745d2c2473c49f89a81ac.",OPEN_UNDER_INVESTIGATION,UPSTREAM_FIXED_VERSION_VERIFIED
sha256:4662cac700d64379a481f34fc0783e70b52eaa25bdef4d93b22e49b406da67c1 (debian 13.7),debian,libxpm,libxpm4,1:3.5.17-1+deb13u1,CVE-2026-94287,MEDIUM,,affected,https://avd.aquasec.com/nvd/cve-2026-94287,1:3.5.17-1ubuntu0.26.04.2,,VENDOR_FIXED_VERSION_CONFIRMED,fixed,https://raw.githubusercontent.com/canonical/ubuntu-security-notices/a3f40224dd201a816b4725891b70d22f7809225f/vex/cve/2026/CVE-2026-94287.json,pkg:deb/ubuntu/libxpm@1:3.5.17-1ubuntu0.26.04.2?arch=source&distro=resolute,"This package (for the given release) was vulnerable, but an update has been uploaded and published.",VENDOR_FIXED_VERSION_CONFIRMED,VENDOR_FIXED_VERSION_CONFIRMED
sha256:4662cac700d64379a481f34fc0783e70b52eaa25bdef4d93b22e49b406da67c1 (debian 13.7),debian,libxrender,libxrender1,1:0.9.12-1,CVE-2026-88807,HIGH,,affected,https://avd.aquasec.com/nvd/cve-2026-88807,1:0.9.12-1build1,MEDIUM,OPEN_UNDER_INVESTIGATION,under_investigation,https://raw.githubusercontent.com/canonical/ubuntu-security-notices/a3f40224dd201a816b4725891b70d22f7809225f/vex/cve/2026/CVE-2026-88807.json,pkg:deb/ubuntu/libxrender@1:0.9.12-1build1?arch=source&distro=resolute,"This package (for the given release) is vulnerable to the CVE, the problem is understood, but it is currently deferred. CVE Notes / justification: as of 2026-09-29, the patch in the merge request has not been merged into the main tree by libxrender developers",OPEN_UNDER_INVESTIGATION,OPEN_UNDER_INVESTIGATION
sha256:4662cac700d64379a481f34fc0783e70b52eaa25bdef4d93b22e49b406da67c1 (debian 13.7),debian,libxslt,libxslt1.1,1.1.35-1.2+deb13u3,CVE-2025-10911,MEDIUM,,fix_deferred,https://avd.aquasec.com/nvd/cve-2025-10911,1.1.45-0.1,,VENDOR_FIXED_VERSION_CONFIRMED,fixed,https://raw.githubusercontent.com/canonical/ubuntu-security-notices/a3f40224dd201a816b4725891b70d22f7809225f/vex/cve/2025/CVE-2025-10911.json,pkg:deb/ubuntu/libxslt@1.1.45-0.1?arch=source&distro=resolute,"This package (for the given release) was vulnerable, but an update has been uploaded and published.",VENDOR_FIXED_VERSION_CONFIRMED,VENDOR_FIXED_VERSION_CONFIRMED
sha256:4662cac700d64379a481f34fc0783e70b52eaa25bdef4d93b22e49b406da67c1 (debian 13.7),debian,libxslt,libxslt1.1,1.1.35-1.2+deb13u3,CVE-2015-9019,LOW,,affected,https://avd.aquasec.com/nvd/cve-2015-9019,1.1.45-0.1,,OPEN_MISSING_VENDOR_EVIDENCE,,https://raw.githubusercontent.com/canonical/ubuntu-security-notices/a3f40224dd201a816b4725891b70d22f7809225f/vex/cve/2015/CVE-2015-9019.json,,No applicable vendor statement; missing matches are not fixes.,OPEN_MISSING_VENDOR_EVIDENCE,OPEN_MISSING_VENDOR_EVIDENCE
sha256:4662cac700d64379a481f34fc0783e70b52eaa25bdef4d93b22e49b406da67c1 (debian 13.7),debian,libxslt,libxslt1.1,1.1.35-1.2+deb13u3,CVE-2025-11731,LOW,,affected,https://avd.aquasec.com/nvd/cve-2025-11731,1.1.45-0.1,,VENDOR_FIXED_VERSION_CONFIRMED,fixed,https://raw.githubusercontent.com/canonical/ubuntu-security-notices/a3f40224dd201a816b4725891b70d22f7809225f/vex/cve/2025/CVE-2025-11731.json,pkg:deb/ubuntu/libxslt@1.1.45-0.1?arch=source&distro=resolute,"This package (for the given release) was vulnerable, but an update has been uploaded and published.",VENDOR_FIXED_VERSION_CONFIRMED,VENDOR_FIXED_VERSION_CONFIRMED
sha256:4662cac700d64379a481f34fc0783e70b52eaa25bdef4d93b22e49b406da67c1 (debian 13.7),debian,util-linux,login,1:4.16.0-2+really2.41.5-0+deb13u1,CVE-2026-76642,HIGH,,affected,https://avd.aquasec.com/nvd/cve-2026-76642,2.41.3-3ubuntu2.2 (other utilities); 2.42.4+lms1 (reviewed affected components),,UPSTREAM_AFFECTED_COMPONENTS_FIXED_VERIFIED,under_investigation,https://security-tracker.debian.org/tracker/CVE-2026-76642,pkg:deb/ubuntu/util-linux@2.41.3-3ubuntu2.2?arch=source&distro=resolute,"Affected mount/umount/nsenter and libmount code upgraded to upstream 2.42.4; hashes, versioned ABI exports and runtime compatibility checked. Other Ubuntu util-linux binaries retain their original versions. This closes only four reviewed advisories.",OPEN_UNDER_INVESTIGATION,OPEN_UNDER_INVESTIGATION
sha256:4662cac700d64379a481f34fc0783e70b52eaa25bdef4d93b22e49b406da67c1 (debian 13.7),debian,util-linux,login,1:4.16.0-2+really2.41.5-0+deb13u1,CVE-2026-78408,HIGH,,affected,https://avd.aquasec.com/nvd/cve-2026-78408,2.41.3-3ubuntu2.2 (other utilities); 2.42.4+lms1 (reviewed affected components),,UPSTREAM_AFFECTED_COMPONENTS_FIXED_VERIFIED,under_investigation,https://security-tracker.debian.org/tracker/CVE-2026-78408,pkg:deb/ubuntu/util-linux@2.41.3-3ubuntu2.2?arch=source&distro=resolute,"Affected mount/umount/nsenter and libmount code upgraded to upstream 2.42.4; hashes, versioned ABI exports and runtime compatibility checked. Other Ubuntu util-linux binaries retain their original versions. This closes only four reviewed advisories.",OPEN_UNDER_INVESTIGATION,OPEN_UNDER_INVESTIGATION
sha256:4662cac700d64379a481f34fc0783e70b52eaa25bdef4d93b22e49b406da67c1 (debian 13.7),debian,util-linux,login,1:4.16.0-2+really2.41.5-0+deb13u1,CVE-2026-78409,HIGH,,affected,https://avd.aquasec.com/nvd/cve-2026-78409,2.41.3-3ubuntu2.2 (other utilities); 2.42.4+lms1 (reviewed affected components),,UPSTREAM_AFFECTED_COMPONENTS_FIXED_VERIFIED,under_investigation,https://security-tracker.debian.org/tracker/CVE-2026-78409,pkg:deb/ubuntu/util-linux@2.41.3-3ubuntu2.2?arch=source&distro=resolute,"Affected mount/umount/nsenter and libmount code upgraded to upstream 2.42.4; hashes, versioned ABI exports and runtime compatibility checked. Other Ubuntu util-linux binaries retain their original versions. This closes only four reviewed advisories.",OPEN_UNDER_INVESTIGATION,OPEN_UNDER_INVESTIGATION
sha256:4662cac700d64379a481f34fc0783e70b52eaa25bdef4d93b22e49b406da67c1 (debian 13.7),debian,util-linux,login,1:4.16.0-2+really2.41.5-0+deb13u1,CVE-2026-78410,HIGH,,affected,https://avd.aquasec.com/nvd/cve-2026-78410,2.41.3-3ubuntu2.2 (other utilities); 2.42.4+lms1 (reviewed affected components),,UPSTREAM_AFFECTED_COMPONENTS_FIXED_VERIFIED,under_investigation,https://security-tracker.debian.org/tracker/CVE-2026-78410,pkg:deb/ubuntu/util-linux@2.41.3-3ubuntu2.2?arch=source&distro=resolute,"Affected mount/umount/nsenter and libmount code upgraded to upstream 2.42.4; hashes, versioned ABI exports and runtime compatibility checked. Other Ubuntu util-linux binaries retain their original versions. This closes only four reviewed advisories.",OPEN_UNDER_INVESTIGATION,OPEN_UNDER_INVESTIGATION
sha256:4662cac700d64379a481f34fc0783e70b52eaa25bdef4d93b22e49b406da67c1 (debian 13.7),debian,util-linux,login,1:4.16.0-2+really2.41.5-0+deb13u1,CVE-2026-3184,MEDIUM,,affected,https://avd.aquasec.com/nvd/cve-2026-3184,2.41.3-3ubuntu2.2,,VENDOR_FIXED_VERSION_CONFIRMED,fixed,https://raw.githubusercontent.com/canonical/ubuntu-security-notices/a3f40224dd201a816b4725891b70d22f7809225f/vex/cve/2026/CVE-2026-3184.json,pkg:deb/ubuntu/util-linux@2.41.3-3ubuntu2.2?arch=source&distro=resolute,"This package (for the given release) was vulnerable, but an update has been uploaded and published.",VENDOR_FIXED_VERSION_CONFIRMED,VENDOR_FIXED_VERSION_CONFIRMED
sha256:4662cac700d64379a481f34fc0783e70b52eaa25bdef4d93b22e49b406da67c1 (debian 13.7),debian,util-linux,login,1:4.16.0-2+really2.41.5-0+deb13u1,CVE-2022-0563,LOW,,affected,https://avd.aquasec.com/nvd/cve-2022-0563,2.41.3-3ubuntu2.2,,OPEN_MISSING_VENDOR_EVIDENCE,,https://raw.githubusercontent.com/canonical/ubuntu-security-notices/a3f40224dd201a816b4725891b70d22f7809225f/vex/cve/2022/CVE-2022-0563.json,,No applicable vendor statement; missing matches are not fixes.,OPEN_MISSING_VENDOR_EVIDENCE,OPEN_MISSING_VENDOR_EVIDENCE
sha256:4662cac700d64379a481f34fc0783e70b52eaa25bdef4d93b22e49b406da67c1 (debian 13.7),debian,shadow,login.defs,1:4.17.4-2,CVE-2007-5686,LOW,,affected,https://avd.aquasec.com/nvd/cve-2007-5686,1:4.17.4-2ubuntu3,,OPEN_MISSING_VENDOR_EVIDENCE,,https://raw.githubusercontent.com/canonical/ubuntu-security-notices/a3f40224dd201a816b4725891b70d22f7809225f/vex/cve/2007/CVE-2007-5686.json,,No applicable vendor statement; missing matches are not fixes.,OPEN_MISSING_VENDOR_EVIDENCE,OPEN_MISSING_VENDOR_EVIDENCE
sha256:4662cac700d64379a481f34fc0783e70b52eaa25bdef4d93b22e49b406da67c1 (debian 13.7),debian,shadow,login.defs,1:4.17.4-2,CVE-2024-56433,LOW,,affected,https://avd.aquasec.com/nvd/cve-2024-56433,1:4.17.4-2ubuntu3,LOW,OPEN_UNDER_INVESTIGATION,under_investigation,https://raw.githubusercontent.com/canonical/ubuntu-security-notices/a3f40224dd201a816b4725891b70d22f7809225f/vex/cve/2024/CVE-2024-56433.json,pkg:deb/ubuntu/shadow@1:4.17.4-2ubuntu3?arch=source&distro=resolute,"This package (for the given release) is vulnerable to the CVE, the problem is understood, but it is currently deferred. CVE Notes / justification: as of 2025-03-17, there is no upstream fix for this issue as of 2026-08-31, there is no upstream fix for this issue",OPEN_UNDER_INVESTIGATION,OPEN_UNDER_INVESTIGATION
sha256:4662cac700d64379a481f34fc0783e70b52eaa25bdef4d93b22e49b406da67c1 (debian 13.7),debian,shadow,login.defs,1:4.17.4-2,TEMP-0628843-DBAD28,LOW,,affected,https://security-tracker.debian.org/tracker/TEMP-0628843-DBAD28,1:4.17.4-2ubuntu3,,OPEN_MISSING_VENDOR_EVIDENCE,,,,No applicable vendor statement; missing matches are not fixes.,OPEN_MISSING_VENDOR_EVIDENCE,OPEN_MISSING_VENDOR_EVIDENCE
sha256:4662cac700d64379a481f34fc0783e70b52eaa25bdef4d93b22e49b406da67c1 (debian 13.7),debian,mesa,mesa-libgallium,25.0.7-2+deb13u1,CVE-2023-45913,LOW,,affected,https://avd.aquasec.com/nvd/cve-2023-45913,26.0.8-1ubuntu0.3,,OPEN_MISSING_VENDOR_EVIDENCE,,https://raw.githubusercontent.com/canonical/ubuntu-security-notices/a3f40224dd201a816b4725891b70d22f7809225f/vex/cve/2023/CVE-2023-45913.json,,No applicable vendor statement; missing matches are not fixes.,OPEN_MISSING_VENDOR_EVIDENCE,OPEN_MISSING_VENDOR_EVIDENCE
sha256:4662cac700d64379a481f34fc0783e70b52eaa25bdef4d93b22e49b406da67c1 (debian 13.7),debian,mesa,mesa-libgallium,25.0.7-2+deb13u1,CVE-2023-45919,LOW,,affected,https://avd.aquasec.com/nvd/cve-2023-45919,26.0.8-1ubuntu0.3,,OPEN_MISSING_VENDOR_EVIDENCE,,https://raw.githubusercontent.com/canonical/ubuntu-security-notices/a3f40224dd201a816b4725891b70d22f7809225f/vex/cve/2023/CVE-2023-45919.json,,No applicable vendor statement; missing matches are not fixes.,OPEN_MISSING_VENDOR_EVIDENCE,OPEN_MISSING_VENDOR_EVIDENCE
sha256:4662cac700d64379a481f34fc0783e70b52eaa25bdef4d93b22e49b406da67c1 (debian 13.7),debian,mesa,mesa-libgallium,25.0.7-2+deb13u1,CVE-2023-45922,LOW,,affected,https://avd.aquasec.com/nvd/cve-2023-45922,26.0.8-1ubuntu0.3,,OPEN_MISSING_VENDOR_EVIDENCE,,https://raw.githubusercontent.com/canonical/ubuntu-security-notices/a3f40224dd201a816b4725891b70d22f7809225f/vex/cve/2023/CVE-2023-45922.json,,No applicable vendor statement; missing matches are not fixes.,OPEN_MISSING_VENDOR_EVIDENCE,OPEN_MISSING_VENDOR_EVIDENCE
sha256:4662cac700d64379a481f34fc0783e70b52eaa25bdef4d93b22e49b406da67c1 (debian 13.7),debian,mesa,mesa-libgallium,25.0.7-2+deb13u1,CVE-2023-45931,LOW,,affected,https://avd.aquasec.com/nvd/cve-2023-45931,26.0.8-1ubuntu0.3,,OPEN_MISSING_VENDOR_EVIDENCE,,https://raw.githubusercontent.com/canonical/ubuntu-security-notices/a3f40224dd201a816b4725891b70d22f7809225f/vex/cve/2023/CVE-2023-45931.json,,No applicable vendor statement; missing matches are not fixes.,OPEN_MISSING_VENDOR_EVIDENCE,OPEN_MISSING_VENDOR_EVIDENCE
sha256:4662cac700d64379a481f34fc0783e70b52eaa25bdef4d93b22e49b406da67c1 (debian 13.7),debian,util-linux,mount,2.41.5-0+deb13u1,CVE-2026-76642,HIGH,,affected,https://avd.aquasec.com/nvd/cve-2026-76642,2.41.3-3ubuntu2.2 (other utilities); 2.42.4+lms1 (reviewed affected components),,UPSTREAM_AFFECTED_COMPONENTS_FIXED_VERIFIED,under_investigation,https://security-tracker.debian.org/tracker/CVE-2026-76642,pkg:deb/ubuntu/util-linux@2.41.3-3ubuntu2.2?arch=source&distro=resolute,"Affected mount/umount/nsenter and libmount code upgraded to upstream 2.42.4; hashes, versioned ABI exports and runtime compatibility checked. Other Ubuntu util-linux binaries retain their original versions. This closes only four reviewed advisories.",OPEN_UNDER_INVESTIGATION,OPEN_UNDER_INVESTIGATION
sha256:4662cac700d64379a481f34fc0783e70b52eaa25bdef4d93b22e49b406da67c1 (debian 13.7),debian,util-linux,mount,2.41.5-0+deb13u1,CVE-2026-78408,HIGH,,affected,https://avd.aquasec.com/nvd/cve-2026-78408,2.41.3-3ubuntu2.2 (other utilities); 2.42.4+lms1 (reviewed affected components),,UPSTREAM_AFFECTED_COMPONENTS_FIXED_VERIFIED,under_investigation,https://security-tracker.debian.org/tracker/CVE-2026-78408,pkg:deb/ubuntu/util-linux@2.41.3-3ubuntu2.2?arch=source&distro=resolute,"Affected mount/umount/nsenter and libmount code upgraded to upstream 2.42.4; hashes, versioned ABI exports and runtime compatibility checked. Other Ubuntu util-linux binaries retain their original versions. This closes only four reviewed advisories.",OPEN_UNDER_INVESTIGATION,OPEN_UNDER_INVESTIGATION
sha256:4662cac700d64379a481f34fc0783e70b52eaa25bdef4d93b22e49b406da67c1 (debian 13.7),debian,util-linux,mount,2.41.5-0+deb13u1,CVE-2026-78409,HIGH,,affected,https://avd.aquasec.com/nvd/cve-2026-78409,2.41.3-3ubuntu2.2 (other utilities); 2.42.4+lms1 (reviewed affected components),,UPSTREAM_AFFECTED_COMPONENTS_FIXED_VERIFIED,under_investigation,https://security-tracker.debian.org/tracker/CVE-2026-78409,pkg:deb/ubuntu/util-linux@2.41.3-3ubuntu2.2?arch=source&distro=resolute,"Affected mount/umount/nsenter and libmount code upgraded to upstream 2.42.4; hashes, versioned ABI exports and runtime compatibility checked. Other Ubuntu util-linux binaries retain their original versions. This closes only four reviewed advisories.",OPEN_UNDER_INVESTIGATION,OPEN_UNDER_INVESTIGATION
sha256:4662cac700d64379a481f34fc0783e70b52eaa25bdef4d93b22e49b406da67c1 (debian 13.7),debian,util-linux,mount,2.41.5-0+deb13u1,CVE-2026-78410,HIGH,,affected,https://avd.aquasec.com/nvd/cve-2026-78410,2.41.3-3ubuntu2.2 (other utilities); 2.42.4+lms1 (reviewed affected components),,UPSTREAM_AFFECTED_COMPONENTS_FIXED_VERIFIED,under_investigation,https://security-tracker.debian.org/tracker/CVE-2026-78410,pkg:deb/ubuntu/util-linux@2.41.3-3ubuntu2.2?arch=source&distro=resolute,"Affected mount/umount/nsenter and libmount code upgraded to upstream 2.42.4; hashes, versioned ABI exports and runtime compatibility checked. Other Ubuntu util-linux binaries retain their original versions. This closes only four reviewed advisories.",OPEN_UNDER_INVESTIGATION,OPEN_UNDER_INVESTIGATION
sha256:4662cac700d64379a481f34fc0783e70b52eaa25bdef4d93b22e49b406da67c1 (debian 13.7),debian,util-linux,mount,2.41.5-0+deb13u1,CVE-2026-3184,MEDIUM,,affected,https://avd.aquasec.com/nvd/cve-2026-3184,2.41.3-3ubuntu2.2,,VENDOR_FIXED_VERSION_CONFIRMED,fixed,https://raw.githubusercontent.com/canonical/ubuntu-security-notices/a3f40224dd201a816b4725891b70d22f7809225f/vex/cve/2026/CVE-2026-3184.json,pkg:deb/ubuntu/util-linux@2.41.3-3ubuntu2.2?arch=source&distro=resolute,"This package (for the given release) was vulnerable, but an update has been uploaded and published.",VENDOR_FIXED_VERSION_CONFIRMED,VENDOR_FIXED_VERSION_CONFIRMED
sha256:4662cac700d64379a481f34fc0783e70b52eaa25bdef4d93b22e49b406da67c1 (debian 13.7),debian,util-linux,mount,2.41.5-0+deb13u1,CVE-2022-0563,LOW,,affected,https://avd.aquasec.com/nvd/cve-2022-0563,2.41.3-3ubuntu2.2,,OPEN_MISSING_VENDOR_EVIDENCE,,https://raw.githubusercontent.com/canonical/ubuntu-security-notices/a3f40224dd201a816b4725891b70d22f7809225f/vex/cve/2022/CVE-2022-0563.json,,No applicable vendor statement; missing matches are not fixes.,OPEN_MISSING_VENDOR_EVIDENCE,OPEN_MISSING_VENDOR_EVIDENCE
sha256:4662cac700d64379a481f34fc0783e70b52eaa25bdef4d93b22e49b406da67c1 (debian 13.7),debian,ncurses,ncurses-base,6.5+20250216-2,CVE-2025-69720,HIGH,,affected,https://avd.aquasec.com/nvd/cve-2025-69720,6.6+20251231-1,,VENDOR_NOT_AFFECTED_EXACT_VERSION,not_affected,https://raw.githubusercontent.com/canonical/ubuntu-security-notices/a3f40224dd201a816b4725891b70d22f7809225f/vex/cve/2025/CVE-2025-69720.json,pkg:deb/ubuntu/ncurses@6.6+20251231-1?arch=source&distro=resolute,"This package (for the given release), while related to the CVE in some way, is not affected by the issue. CVE Notes / justification: In Ubuntu, compiler hardening restricts this to a denial of service only, so this is just a crash in a command-line tool.",VENDOR_NOT_AFFECTED_EXACT_VERSION,VENDOR_NOT_AFFECTED_EXACT_VERSION
sha256:4662cac700d64379a481f34fc0783e70b52eaa25bdef4d93b22e49b406da67c1 (debian 13.7),debian,ncurses,ncurses-base,6.5+20250216-2,CVE-2025-6141,LOW,,affected,https://avd.aquasec.com/nvd/cve-2025-6141,6.6+20251231-1,,VENDOR_NOT_AFFECTED_EXACT_VERSION,not_affected,https://raw.githubusercontent.com/canonical/ubuntu-security-notices/a3f40224dd201a816b4725891b70d22f7809225f/vex/cve/2025/CVE-2025-6141.json,pkg:deb/ubuntu/ncurses@6.6+20251231-1?arch=source&distro=resolute,"This package (for the given release), while related to the CVE in some way, is not affected by the issue. CVE Notes / justification: This is in the code that parses terminfo database files. terminfo files are normally trusted, and since the fix for CVE-2023-29491, we no longer parse terminfo files when apps are setuid. As such, this doesn't really have a security impact. Setting priority to low.",VENDOR_NOT_AFFECTED_EXACT_VERSION,VENDOR_NOT_AFFECTED_EXACT_VERSION
sha256:4662cac700d64379a481f34fc0783e70b52eaa25bdef4d93b22e49b406da67c1 (debian 13.7),debian,ncurses,ncurses-bin,6.5+20250216-2,CVE-2025-69720,HIGH,,affected,https://avd.aquasec.com/nvd/cve-2025-69720,6.6+20251231-1,,VENDOR_NOT_AFFECTED_EXACT_VERSION,not_affected,https://raw.githubusercontent.com/canonical/ubuntu-security-notices/a3f40224dd201a816b4725891b70d22f7809225f/vex/cve/2025/CVE-2025-69720.json,pkg:deb/ubuntu/ncurses@6.6+20251231-1?arch=source&distro=resolute,"This package (for the given release), while related to the CVE in some way, is not affected by the issue. CVE Notes / justification: In Ubuntu, compiler hardening restricts this to a denial of service only, so this is just a crash in a command-line tool.",VENDOR_NOT_AFFECTED_EXACT_VERSION,VENDOR_NOT_AFFECTED_EXACT_VERSION
sha256:4662cac700d64379a481f34fc0783e70b52eaa25bdef4d93b22e49b406da67c1 (debian 13.7),debian,ncurses,ncurses-bin,6.5+20250216-2,CVE-2025-6141,LOW,,affected,https://avd.aquasec.com/nvd/cve-2025-6141,6.6+20251231-1,,VENDOR_NOT_AFFECTED_EXACT_VERSION,not_affected,https://raw.githubusercontent.com/canonical/ubuntu-security-notices/a3f40224dd201a816b4725891b70d22f7809225f/vex/cve/2025/CVE-2025-6141.json,pkg:deb/ubuntu/ncurses@6.6+20251231-1?arch=source&distro=resolute,"This package (for the given release), while related to the CVE in some way, is not affected by the issue. CVE Notes / justification: This is in the code that parses terminfo database files. terminfo files are normally trusted, and since the fix for CVE-2023-29491, we no longer parse terminfo files when apps are setuid. As such, this doesn't really have a security impact. Setting priority to low.",VENDOR_NOT_AFFECTED_EXACT_VERSION,VENDOR_NOT_AFFECTED_EXACT_VERSION
sha256:4662cac700d64379a481f34fc0783e70b52eaa25bdef4d93b22e49b406da67c1 (debian 13.7),debian,shadow,passwd,1:4.17.4-2,CVE-2007-5686,LOW,,affected,https://avd.aquasec.com/nvd/cve-2007-5686,1:4.17.4-2ubuntu3,,OPEN_MISSING_VENDOR_EVIDENCE,,https://raw.githubusercontent.com/canonical/ubuntu-security-notices/a3f40224dd201a816b4725891b70d22f7809225f/vex/cve/2007/CVE-2007-5686.json,,No applicable vendor statement; missing matches are not fixes.,OPEN_MISSING_VENDOR_EVIDENCE,OPEN_MISSING_VENDOR_EVIDENCE
sha256:4662cac700d64379a481f34fc0783e70b52eaa25bdef4d93b22e49b406da67c1 (debian 13.7),debian,shadow,passwd,1:4.17.4-2,CVE-2024-56433,LOW,,affected,https://avd.aquasec.com/nvd/cve-2024-56433,1:4.17.4-2ubuntu3,LOW,OPEN_UNDER_INVESTIGATION,under_investigation,https://raw.githubusercontent.com/canonical/ubuntu-security-notices/a3f40224dd201a816b4725891b70d22f7809225f/vex/cve/2024/CVE-2024-56433.json,pkg:deb/ubuntu/shadow@1:4.17.4-2ubuntu3?arch=source&distro=resolute,"This package (for the given release) is vulnerable to the CVE, the problem is understood, but it is currently deferred. CVE Notes / justification: as of 2025-03-17, there is no upstream fix for this issue as of 2026-08-31, there is no upstream fix for this issue",OPEN_UNDER_INVESTIGATION,OPEN_UNDER_INVESTIGATION
sha256:4662cac700d64379a481f34fc0783e70b52eaa25bdef4d93b22e49b406da67c1 (debian 13.7),debian,shadow,passwd,1:4.17.4-2,TEMP-0628843-DBAD28,LOW,,affected,https://security-tracker.debian.org/tracker/TEMP-0628843-DBAD28,1:4.17.4-2ubuntu3,,OPEN_MISSING_VENDOR_EVIDENCE,,,,No applicable vendor statement; missing matches are not fixes.,OPEN_MISSING_VENDOR_EVIDENCE,OPEN_MISSING_VENDOR_EVIDENCE
sha256:4662cac700d64379a481f34fc0783e70b52eaa25bdef4d93b22e49b406da67c1 (debian 13.7),debian,perl,perl-base,5.40.1-6+deb13u1,CVE-2026-9538,HIGH,,fix_deferred,https://avd.aquasec.com/nvd/cve-2026-9538,5.40.1-7ubuntu0.3,,AFFECTED_COMPONENT_ABSENT_VERIFIED,under_investigation,https://security-tracker.debian.org/tracker/CVE-2026-9538,pkg:deb/ubuntu/perl@5.40.1-7ubuntu0.3?arch=source&distro=resolute,Archive::Tar is absent and import fails with module-not-found. Perl itself was not upgraded.,OPEN_UNDER_INVESTIGATION,OPEN_UNDER_INVESTIGATION
sha256:4662cac700d64379a481f34fc0783e70b52eaa25bdef4d93b22e49b406da67c1 (debian 13.7),debian,perl,perl-base,5.40.1-6+deb13u1,CVE-2026-15534,MEDIUM,,fix_deferred,https://avd.aquasec.com/nvd/cve-2026-15534,5.40.1-7ubuntu0.3,,VENDOR_FIXED_VERSION_CONFIRMED,fixed,https://raw.githubusercontent.com/canonical/ubuntu-security-notices/a3f40224dd201a816b4725891b70d22f7809225f/vex/cve/2026/CVE-2026-15534.json,pkg:deb/ubuntu/perl@5.40.1-7ubuntu0.3?arch=source&distro=resolute,"This package (for the given release) was vulnerable, but an update has been uploaded and published.",VENDOR_FIXED_VERSION_CONFIRMED,VENDOR_FIXED_VERSION_CONFIRMED
sha256:4662cac700d64379a481f34fc0783e70b52eaa25bdef4d93b22e49b406da67c1 (debian 13.7),debian,perl,perl-base,5.40.1-6+deb13u1,CVE-2026-19487,MEDIUM,,affected,https://avd.aquasec.com/nvd/cve-2026-19487,5.40.1-7ubuntu0.3,,VENDOR_FIXED_VERSION_CONFIRMED,fixed,https://raw.githubusercontent.com/canonical/ubuntu-security-notices/a3f40224dd201a816b4725891b70d22f7809225f/vex/cve/2026/CVE-2026-19487.json,pkg:deb/ubuntu/perl@5.40.1-7ubuntu0.3?arch=source&distro=resolute,"This package (for the given release) was vulnerable, but an update has been uploaded and published.",VENDOR_FIXED_VERSION_CONFIRMED,VENDOR_FIXED_VERSION_CONFIRMED
sha256:4662cac700d64379a481f34fc0783e70b52eaa25bdef4d93b22e49b406da67c1 (debian 13.7),debian,perl,perl-base,5.40.1-6+deb13u1,CVE-2011-4116,LOW,,affected,https://avd.aquasec.com/nvd/cve-2011-4116,5.40.1-7ubuntu0.3,,OPEN_MISSING_VENDOR_EVIDENCE,,https://raw.githubusercontent.com/canonical/ubuntu-security-notices/a3f40224dd201a816b4725891b70d22f7809225f/vex/cve/2011/CVE-2011-4116.json,,No applicable vendor statement; missing matches are not fixes.,OPEN_MISSING_VENDOR_EVIDENCE,OPEN_MISSING_VENDOR_EVIDENCE
sha256:4662cac700d64379a481f34fc0783e70b52eaa25bdef4d93b22e49b406da67c1 (debian 13.7),debian,perl,perl-base,5.40.1-6+deb13u1,CVE-2026-82560,UNKNOWN,,affected,https://avd.aquasec.com/nvd/cve-2026-82560,5.40.1-7ubuntu0.3,,OPEN_UNDER_INVESTIGATION,under_investigation,https://raw.githubusercontent.com/canonical/ubuntu-security-notices/a3f40224dd201a816b4725891b70d22f7809225f/vex/cve/2026/CVE-2026-82560.json,pkg:deb/ubuntu/perl@5.40.1-7ubuntu0.3?arch=source&distro=resolute,Ubuntu Security Team classified this CVE as of Medium priority.,OPEN_UNDER_INVESTIGATION,OPEN_UNDER_INVESTIGATION
sha256:4662cac700d64379a481f34fc0783e70b52eaa25bdef4d93b22e49b406da67c1 (debian 13.7),debian,sysvinit,sysvinit-utils,3.14-4,TEMP-0517018-A83CE6,LOW,,affected,https://security-tracker.debian.org/tracker/TEMP-0517018-A83CE6,3.15-5ubuntu1,,OPEN_MISSING_VENDOR_EVIDENCE,,,,No applicable vendor statement; missing matches are not fixes.,OPEN_MISSING_VENDOR_EVIDENCE,OPEN_MISSING_VENDOR_EVIDENCE
sha256:4662cac700d64379a481f34fc0783e70b52eaa25bdef4d93b22e49b406da67c1 (debian 13.7),debian,tar,tar,1.35+dfsg-3.1,CVE-2026-18477,MEDIUM,,affected,https://avd.aquasec.com/nvd/cve-2026-18477,1.35+dfsg-4ubuntu0.4,MEDIUM,OPEN_AFFECTED,affected,https://raw.githubusercontent.com/canonical/ubuntu-security-notices/a3f40224dd201a816b4725891b70d22f7809225f/vex/cve/2026/CVE-2026-18477.json,pkg:deb/ubuntu/tar@1.35+dfsg-4ubuntu0.4?arch=source&distro=resolute,Ubuntu Security Team classified this CVE as of Medium priority.,OPEN_AFFECTED,OPEN_AFFECTED
sha256:4662cac700d64379a481f34fc0783e70b52eaa25bdef4d93b22e49b406da67c1 (debian 13.7),debian,tar,tar,1.35+dfsg-3.1,CVE-2026-18508,MEDIUM,,affected,https://avd.aquasec.com/nvd/cve-2026-18508,1.35+dfsg-4ubuntu0.4,MEDIUM,OPEN_AFFECTED,affected,https://raw.githubusercontent.com/canonical/ubuntu-security-notices/a3f40224dd201a816b4725891b70d22f7809225f/vex/cve/2026/CVE-2026-18508.json,pkg:deb/ubuntu/tar@1.35+dfsg-4ubuntu0.4?arch=source&distro=resolute,Ubuntu Security Team classified this CVE as of Medium priority.,OPEN_AFFECTED,OPEN_AFFECTED
sha256:4662cac700d64379a481f34fc0783e70b52eaa25bdef4d93b22e49b406da67c1 (debian 13.7),debian,tar,tar,1.35+dfsg-3.1,CVE-2026-5704,MEDIUM,,affected,https://avd.aquasec.com/nvd/cve-2026-5704,1.35+dfsg-4ubuntu0.4,,VENDOR_FIXED_VERSION_CONFIRMED,fixed,https://raw.githubusercontent.com/canonical/ubuntu-security-notices/a3f40224dd201a816b4725891b70d22f7809225f/vex/cve/2026/CVE-2026-5704.json,pkg:deb/ubuntu/tar@1.35+dfsg-4ubuntu0.4?arch=source&distro=resolute,"This package (for the given release) was vulnerable, but an update has been uploaded and published.",VENDOR_FIXED_VERSION_CONFIRMED,VENDOR_FIXED_VERSION_CONFIRMED
sha256:4662cac700d64379a481f34fc0783e70b52eaa25bdef4d93b22e49b406da67c1 (debian 13.7),debian,tar,tar,1.35+dfsg-3.1,CVE-2005-2541,LOW,,affected,https://avd.aquasec.com/nvd/cve-2005-2541,1.35+dfsg-4ubuntu0.4,,OPEN_MISSING_VENDOR_EVIDENCE,,https://raw.githubusercontent.com/canonical/ubuntu-security-notices/a3f40224dd201a816b4725891b70d22f7809225f/vex/cve/2005/CVE-2005-2541.json,,No applicable vendor statement; missing matches are not fixes.,OPEN_MISSING_VENDOR_EVIDENCE,OPEN_MISSING_VENDOR_EVIDENCE
sha256:4662cac700d64379a481f34fc0783e70b52eaa25bdef4d93b22e49b406da67c1 (debian 13.7),debian,tar,tar,1.35+dfsg-3.1,TEMP-0290435-0B57B5,LOW,,affected,https://security-tracker.debian.org/tracker/TEMP-0290435-0B57B5,1.35+dfsg-4ubuntu0.4,,OPEN_MISSING_VENDOR_EVIDENCE,,,,No applicable vendor statement; missing matches are not fixes.,OPEN_MISSING_VENDOR_EVIDENCE,OPEN_MISSING_VENDOR_EVIDENCE
sha256:4662cac700d64379a481f34fc0783e70b52eaa25bdef4d93b22e49b406da67c1 (debian 13.7),debian,libreoffice,uno-libs-private,4:25.2.3-2+deb13u8,CVE-2012-5639,LOW,,affected,https://avd.aquasec.com/nvd/cve-2012-5639,4:26.2.6.3-0ubuntu0.26.04.2,,OPEN_MISSING_VENDOR_EVIDENCE,,https://raw.githubusercontent.com/canonical/ubuntu-security-notices/a3f40224dd201a816b4725891b70d22f7809225f/vex/cve/2012/CVE-2012-5639.json,,No applicable vendor statement; missing matches are not fixes.,OPEN_MISSING_VENDOR_EVIDENCE,OPEN_MISSING_VENDOR_EVIDENCE
sha256:4662cac700d64379a481f34fc0783e70b52eaa25bdef4d93b22e49b406da67c1 (debian 13.7),debian,libreoffice,uno-libs-private,4:25.2.3-2+deb13u8,CVE-2018-10583,LOW,,affected,https://avd.aquasec.com/nvd/cve-2018-10583,4:26.2.6.3-0ubuntu0.26.04.2,,OPEN_MISSING_VENDOR_EVIDENCE,,https://raw.githubusercontent.com/canonical/ubuntu-security-notices/a3f40224dd201a816b4725891b70d22f7809225f/vex/cve/2018/CVE-2018-10583.json,,No applicable vendor statement; missing matches are not fixes.,OPEN_MISSING_VENDOR_EVIDENCE,OPEN_MISSING_VENDOR_EVIDENCE
sha256:4662cac700d64379a481f34fc0783e70b52eaa25bdef4d93b22e49b406da67c1 (debian 13.7),debian,libreoffice,ure,4:25.2.3-2+deb13u8,CVE-2012-5639,LOW,,affected,https://avd.aquasec.com/nvd/cve-2012-5639,4:26.2.6.3-0ubuntu0.26.04.2,,OPEN_MISSING_VENDOR_EVIDENCE,,https://raw.githubusercontent.com/canonical/ubuntu-security-notices/a3f40224dd201a816b4725891b70d22f7809225f/vex/cve/2012/CVE-2012-5639.json,,No applicable vendor statement; missing matches are not fixes.,OPEN_MISSING_VENDOR_EVIDENCE,OPEN_MISSING_VENDOR_EVIDENCE
sha256:4662cac700d64379a481f34fc0783e70b52eaa25bdef4d93b22e49b406da67c1 (debian 13.7),debian,libreoffice,ure,4:25.2.3-2+deb13u8,CVE-2018-10583,LOW,,affected,https://avd.aquasec.com/nvd/cve-2018-10583,4:26.2.6.3-0ubuntu0.26.04.2,,OPEN_MISSING_VENDOR_EVIDENCE,,https://raw.githubusercontent.com/canonical/ubuntu-security-notices/a3f40224dd201a816b4725891b70d22f7809225f/vex/cve/2018/CVE-2018-10583.json,,No applicable vendor statement; missing matches are not fixes.,OPEN_MISSING_VENDOR_EVIDENCE,OPEN_MISSING_VENDOR_EVIDENCE
sha256:4662cac700d64379a481f34fc0783e70b52eaa25bdef4d93b22e49b406da67c1 (debian 13.7),debian,util-linux,util-linux,2.41.5-0+deb13u1,CVE-2026-76642,HIGH,,affected,https://avd.aquasec.com/nvd/cve-2026-76642,2.41.3-3ubuntu2.2 (other utilities); 2.42.4+lms1 (reviewed affected components),,UPSTREAM_AFFECTED_COMPONENTS_FIXED_VERIFIED,under_investigation,https://security-tracker.debian.org/tracker/CVE-2026-76642,pkg:deb/ubuntu/util-linux@2.41.3-3ubuntu2.2?arch=source&distro=resolute,"Affected mount/umount/nsenter and libmount code upgraded to upstream 2.42.4; hashes, versioned ABI exports and runtime compatibility checked. Other Ubuntu util-linux binaries retain their original versions. This closes only four reviewed advisories.",OPEN_UNDER_INVESTIGATION,OPEN_UNDER_INVESTIGATION
sha256:4662cac700d64379a481f34fc0783e70b52eaa25bdef4d93b22e49b406da67c1 (debian 13.7),debian,util-linux,util-linux,2.41.5-0+deb13u1,CVE-2026-78408,HIGH,,affected,https://avd.aquasec.com/nvd/cve-2026-78408,2.41.3-3ubuntu2.2 (other utilities); 2.42.4+lms1 (reviewed affected components),,UPSTREAM_AFFECTED_COMPONENTS_FIXED_VERIFIED,under_investigation,https://security-tracker.debian.org/tracker/CVE-2026-78408,pkg:deb/ubuntu/util-linux@2.41.3-3ubuntu2.2?arch=source&distro=resolute,"Affected mount/umount/nsenter and libmount code upgraded to upstream 2.42.4; hashes, versioned ABI exports and runtime compatibility checked. Other Ubuntu util-linux binaries retain their original versions. This closes only four reviewed advisories.",OPEN_UNDER_INVESTIGATION,OPEN_UNDER_INVESTIGATION
sha256:4662cac700d64379a481f34fc0783e70b52eaa25bdef4d93b22e49b406da67c1 (debian 13.7),debian,util-linux,util-linux,2.41.5-0+deb13u1,CVE-2026-78409,HIGH,,affected,https://avd.aquasec.com/nvd/cve-2026-78409,2.41.3-3ubuntu2.2 (other utilities); 2.42.4+lms1 (reviewed affected components),,UPSTREAM_AFFECTED_COMPONENTS_FIXED_VERIFIED,under_investigation,https://security-tracker.debian.org/tracker/CVE-2026-78409,pkg:deb/ubuntu/util-linux@2.41.3-3ubuntu2.2?arch=source&distro=resolute,"Affected mount/umount/nsenter and libmount code upgraded to upstream 2.42.4; hashes, versioned ABI exports and runtime compatibility checked. Other Ubuntu util-linux binaries retain their original versions. This closes only four reviewed advisories.",OPEN_UNDER_INVESTIGATION,OPEN_UNDER_INVESTIGATION
sha256:4662cac700d64379a481f34fc0783e70b52eaa25bdef4d93b22e49b406da67c1 (debian 13.7),debian,util-linux,util-linux,2.41.5-0+deb13u1,CVE-2026-78410,HIGH,,affected,https://avd.aquasec.com/nvd/cve-2026-78410,2.41.3-3ubuntu2.2 (other utilities); 2.42.4+lms1 (reviewed affected components),,UPSTREAM_AFFECTED_COMPONENTS_FIXED_VERIFIED,under_investigation,https://security-tracker.debian.org/tracker/CVE-2026-78410,pkg:deb/ubuntu/util-linux@2.41.3-3ubuntu2.2?arch=source&distro=resolute,"Affected mount/umount/nsenter and libmount code upgraded to upstream 2.42.4; hashes, versioned ABI exports and runtime compatibility checked. Other Ubuntu util-linux binaries retain their original versions. This closes only four reviewed advisories.",OPEN_UNDER_INVESTIGATION,OPEN_UNDER_INVESTIGATION
sha256:4662cac700d64379a481f34fc0783e70b52eaa25bdef4d93b22e49b406da67c1 (debian 13.7),debian,util-linux,util-linux,2.41.5-0+deb13u1,CVE-2026-3184,MEDIUM,,affected,https://avd.aquasec.com/nvd/cve-2026-3184,2.41.3-3ubuntu2.2,,VENDOR_FIXED_VERSION_CONFIRMED,fixed,https://raw.githubusercontent.com/canonical/ubuntu-security-notices/a3f40224dd201a816b4725891b70d22f7809225f/vex/cve/2026/CVE-2026-3184.json,pkg:deb/ubuntu/util-linux@2.41.3-3ubuntu2.2?arch=source&distro=resolute,"This package (for the given release) was vulnerable, but an update has been uploaded and published.",VENDOR_FIXED_VERSION_CONFIRMED,VENDOR_FIXED_VERSION_CONFIRMED
sha256:4662cac700d64379a481f34fc0783e70b52eaa25bdef4d93b22e49b406da67c1 (debian 13.7),debian,util-linux,util-linux,2.41.5-0+deb13u1,CVE-2022-0563,LOW,,affected,https://avd.aquasec.com/nvd/cve-2022-0563,2.41.3-3ubuntu2.2,,OPEN_MISSING_VENDOR_EVIDENCE,,https://raw.githubusercontent.com/canonical/ubuntu-security-notices/a3f40224dd201a816b4725891b70d22f7809225f/vex/cve/2022/CVE-2022-0563.json,,No applicable vendor statement; missing matches are not fixes.,OPEN_MISSING_VENDOR_EVIDENCE,OPEN_MISSING_VENDOR_EVIDENCE
sha256:4662cac700d64379a481f34fc0783e70b52eaa25bdef4d93b22e49b406da67c1 (debian 13.7),debian,x11-xkb-utils,x11-xkb-utils,7.7+9,CVE-2018-15853,LOW,,affected,https://avd.aquasec.com/nvd/cve-2018-15853,7.7+9build1,,OPEN_MISSING_VENDOR_EVIDENCE,,https://raw.githubusercontent.com/canonical/ubuntu-security-notices/a3f40224dd201a816b4725891b70d22f7809225f/vex/cve/2018/CVE-2018-15853.json,,No applicable vendor statement; missing matches are not fixes.,OPEN_MISSING_VENDOR_EVIDENCE,OPEN_MISSING_VENDOR_EVIDENCE
sha256:4662cac700d64379a481f34fc0783e70b52eaa25bdef4d93b22e49b406da67c1 (debian 13.7),debian,x11-xkb-utils,x11-xkb-utils,7.7+9,CVE-2018-15859,LOW,,affected,https://avd.aquasec.com/nvd/cve-2018-15859,7.7+9build1,,OPEN_MISSING_VENDOR_EVIDENCE,,https://raw.githubusercontent.com/canonical/ubuntu-security-notices/a3f40224dd201a816b4725891b70d22f7809225f/vex/cve/2018/CVE-2018-15859.json,,No applicable vendor statement; missing matches are not fixes.,OPEN_MISSING_VENDOR_EVIDENCE,OPEN_MISSING_VENDOR_EVIDENCE
sha256:4662cac700d64379a481f34fc0783e70b52eaa25bdef4d93b22e49b406da67c1 (debian 13.7),debian,x11-xkb-utils,x11-xkb-utils,7.7+9,CVE-2018-15861,LOW,,affected,https://avd.aquasec.com/nvd/cve-2018-15861,7.7+9build1,,OPEN_MISSING_VENDOR_EVIDENCE,,https://raw.githubusercontent.com/canonical/ubuntu-security-notices/a3f40224dd201a816b4725891b70d22f7809225f/vex/cve/2018/CVE-2018-15861.json,,No applicable vendor statement; missing matches are not fixes.,OPEN_MISSING_VENDOR_EVIDENCE,OPEN_MISSING_VENDOR_EVIDENCE
sha256:4662cac700d64379a481f34fc0783e70b52eaa25bdef4d93b22e49b406da67c1 (debian 13.7),debian,x11-xkb-utils,x11-xkb-utils,7.7+9,CVE-2018-15863,LOW,,affected,https://avd.aquasec.com/nvd/cve-2018-15863,7.7+9build1,,OPEN_MISSING_VENDOR_EVIDENCE,,https://raw.githubusercontent.com/canonical/ubuntu-security-notices/a3f40224dd201a816b4725891b70d22f7809225f/vex/cve/2018/CVE-2018-15863.json,,No applicable vendor statement; missing matches are not fixes.,OPEN_MISSING_VENDOR_EVIDENCE,OPEN_MISSING_VENDOR_EVIDENCE
sha256:4662cac700d64379a481f34fc0783e70b52eaa25bdef4d93b22e49b406da67c1 (debian 13.7),debian,xorg-server,xserver-common,2:21.1.16-1.3+deb13u4,CVE-2023-5574,HIGH,,fix_deferred,https://avd.aquasec.com/nvd/cve-2023-5574,(absent: Xvfb and xserver-common removed),LOW,AFFECTED_COMPONENT_REMOVED_VERIFIED,under_investigation,https://security-tracker.debian.org/tracker/CVE-2023-5574,pkg:deb/ubuntu/xorg-server@2:21.1.22-1ubuntu1.2?arch=source&distro=resolute,Xvfb and xserver-common packages and Xvfb executable removed; headless browser and native document/video smoke tests pass. No upstream-version fix claimed.,OPEN_UNDER_INVESTIGATION,OPEN_UNDER_INVESTIGATION
sha256:4662cac700d64379a481f34fc0783e70b52eaa25bdef4d93b22e49b406da67c1 (debian 13.7),debian,xorg-server,xvfb,2:21.1.16-1.3+deb13u4,CVE-2023-5574,HIGH,,fix_deferred,https://avd.aquasec.com/nvd/cve-2023-5574,(absent: Xvfb and xserver-common removed),LOW,AFFECTED_COMPONENT_REMOVED_VERIFIED,under_investigation,https://security-tracker.debian.org/tracker/CVE-2023-5574,pkg:deb/ubuntu/xorg-server@2:21.1.22-1ubuntu1.2?arch=source&distro=resolute,Xvfb and xserver-common packages and Xvfb executable removed; headless browser and native document/video smoke tests pass. No upstream-version fix claimed.,OPEN_UNDER_INVESTIGATION,OPEN_UNDER_INVESTIGATION
sha256:4662cac700d64379a481f34fc0783e70b52eaa25bdef4d93b22e49b406da67c1 (debian 13.7),debian,zlib,zlib1g,1:1.3.dfsg+really1.3.1-1+b1,CVE-2026-27171,MEDIUM,,affected,https://avd.aquasec.com/nvd/cve-2026-27171,1:1.3.dfsg+really1.3.1-1ubuntu3.1,,VENDOR_FIXED_VERSION_CONFIRMED,fixed,https://raw.githubusercontent.com/canonical/ubuntu-security-notices/a3f40224dd201a816b4725891b70d22f7809225f/vex/cve/2026/CVE-2026-27171.json,pkg:deb/ubuntu/zlib@1:1.3.dfsg+really1.3.1-1ubuntu3.1?arch=source&distro=resolute,"This package (for the given release) was vulnerable, but an update has been uploaded and published.",VENDOR_FIXED_VERSION_CONFIRMED,VENDOR_FIXED_VERSION_CONFIRMED
sha256:4662cac700d64379a481f34fc0783e70b52eaa25bdef4d93b22e49b406da67c1 (debian 13.7),debian,zlib,zlib1g,1:1.3.dfsg+really1.3.1-1+b1,CVE-2026-85091,MEDIUM,,affected,https://avd.aquasec.com/nvd/cve-2026-85091,1:1.3.dfsg+really1.3.1-1ubuntu3.1,MEDIUM,OPEN_UNDER_INVESTIGATION,under_investigation,https://raw.githubusercontent.com/canonical/ubuntu-security-notices/a3f40224dd201a816b4725891b70d22f7809225f/vex/cve/2026/CVE-2026-85091.json,pkg:deb/ubuntu/zlib@1:1.3.dfsg+really1.3.1-1ubuntu3.1?arch=source&distro=resolute,"This package (for the given release) is vulnerable to the CVE, the problem is understood, but it is currently deferred. CVE Notes / justification: since 3.2.0-1, rsync builds with the system zlib  It is unclear by this CVE, and the advisory that goes along with it, what versions of zlib are affected by this issue.  Per the advisory, versions below 1.3.1 are not affected, but the reproducer crashes 1.3.0 in the same way it does 1.3.1.  The more severe vulnerability was introduced in 1.3.1.2 by the following commit: https://github.com/madler/zlib/commit/81cc0be  The patch below has been tagged as possibly fixing the issue, and was made after 1.3.2, but it doesn't fix the issue when tested with the reproducer.  The suggested patch in the upstream bug is very different.  As of 2026-09-11, there is no patch available from zlib developers to fix this issue. Marking as deferred.",OPEN_UNDER_INVESTIGATION,OPEN_UNDER_INVESTIGATION
